id,merchant_id,merchant_name,source_url,platform,source_type,claim_type,sentiment,summary,confidence,reliability_band,published_at,captured_at,independent,duplicate_of,verified
9623821f-d414-460b-88e8-1a917527f0ec,68d1bb26-b93f-4732-9756-30df8db7058e,19011 Pharmacies,https://www.shorouknews.com/mobile/news/view.aspx?cdate=08062022&id=1b0a6ec8-0cb3-48e2-b1ba-8df7543d3ced,Shorouk News,legal_news_reporting,official_warning,negative,"Cairo Economic Court issued a judicial bankruptcy declaration against Alpha Pharma Management (the operating entity of 19011 Pharmacies) over accumulated unpaid debts exceeding several billion EGP owed to pharmaceutical distribution companies, advertising agencies, and commercial banks.",0.96,very_strong,2022-06-08T00:00:00+00:00,2026-08-23T00:00:00+00:00,1,,0
b6683499-33c1-473b-a7d5-d1ba1f73c2d4,68d1bb26-b93f-4732-9756-30df8db7058e,19011 Pharmacies,https://www.masrawy.com/news/news_cases/details/2022/6/8/2239179/%D8%AD-%D9%83%D9%85-%D9%82%D8%B6%D8%A7%D8%A6%D9%8A-%D8%A8%D8%A5%D8%B4%D9%87%D8%A7%D8%B1-%D8%A5%D9%81%D9%84%D8%A7%D8%B3-%D8%B5%D9%8A%D8%AF%D9%84%D9%8A%D8%A7%D8%AA-19011-%D9%85%D8%B3%D8%AA%D9%86%D8%AF-,Masrawy,investigative_news,official_warning,negative,"Cairo Economic Court issued an official judicial bankruptcy ruling against Alfa for Pharmacy Management (operating the 19011 pharmacy network) under bankruptcy case No. 21 of 2020, fixing temporary payment cessation at May 29, 2020, placing seals on company premises and placing assets under judicial administration.",0.95,very_strong,2022-06-08T00:00:00+00:00,2026-08-24T00:00:00+00:00,1,,0
fb69db48-1339-4136-a0d2-c4277a4616ef,4fa441a7-25b7-4710-9da0-689241c9fd2d,2B Egypt,https://2b.com.eg/en/sony-playstation-5-slim-digital-edition-825gb-1-year-warranty.html,official_website,product_page,verified_business_information,positive,2B Egypt provides official PlayStation 5 consoles with a documented 1-year local warranty and store pickup options across multiple Cairo mall branches.,0.95,very_strong,,2026-08-23T00:00:00+00:00,1,,0
1c588133-9adf-44c4-a41e-af3742f08067,4fa441a7-25b7-4710-9da0-689241c9fd2d,2B Egypt,https://2b.com.eg/en/all-stores/alexandria/city-center-alexandria,Merchant Website,store_directory,physical_presence,positive,"2B operates multiple verified physical retail stores across Alexandria including major branches in City Centre Alexandria, Smouha, Miami, and San Stefano.",0.95,very_strong,,2026-08-23T00:00:00+00:00,1,,0
c54584bf-80e2-4cce-97b1-514b9d8e9a2e,4fa441a7-25b7-4710-9da0-689241c9fd2d,2B Egypt,https://2b.com.eg/ar/storesold,2B Egypt Official Portal,official_store_locator,verified_business_information,neutral,"Official branch directory verifying active retail stores in Assiut across Al-Nile Street and Al-Gomhoureya Street, providing laptops, mobile phones, consumer electronics, installments, and 2B Fix warranty support.",0.95,very_strong,2024-06-01T00:00:00+00:00,2026-08-23T10:45:00+00:00,1,,0
29d371c6-d5a6-4761-92b6-de0736d5847f,4fa441a7-25b7-4710-9da0-689241c9fd2d,2B Egypt,https://2b.com.eg/ar/return-policy,2b.com.eg,official_merchant_portal,verified_business_information,neutral,"2B Egypt outlines its statutory consumer protection and refund terms via 2b.com.eg: consumers are entitled to a 14-day return and refund without justification provided items are in original packaging and unsealed condition. Installment transactions (ValU, Contact, Bank installments) are refunded through original payment methods within 30 days.",0.94,very_strong,2025-11-01T00:00:00+00:00,2026-08-23T11:10:00+00:00,1,,0
9dbeb746-1108-4eda-beaa-a24ee2cb5390,4fa441a7-25b7-4710-9da0-689241c9fd2d,2B Egypt,https://2b.com.eg/en/all-stores/alexandria/san-stefano-alexandria,Web,merchant_website,physical_presence,neutral,2B Egypt maintains multiple store branches across major shopping destinations in Alexandria including San Stefano Grand Plaza and City Centre Carrefour.,0.9,strong,,2026-08-23T12:00:00+00:00,1,,0
70897248-9f6d-40ca-904d-48f28740374e,4fa441a7-25b7-4710-9da0-689241c9fd2d,2B Egypt,https://www.reddit.com/r/askegypt/comments/12cuhje/electronics_in_alexandria/,Reddit,forum_thread,delayed_delivery,negative,Customer discussion notes delivery delays and high shipping fees when ordering online versus visiting physical mall branches in Alexandria.,0.75,strong,2023-04-06T10:15:00+00:00,2026-08-23T12:00:00+00:00,1,,0
c01c3528-e2a0-4121-b51e-b98383a2c479,4fa441a7-25b7-4710-9da0-689241c9fd2d,2B Egypt,https://2b.com.eg,Direct Merchant Site,merchant_official_website,refund_issue,neutral,"2B Egypt (B-Connect) operates an omni-channel electronics retail chain with physical branches in Mansoura (Lower Mashaya and Suez Canal St), offering a 14-day statutory return policy under Egyptian CPA regulations, though installment and opened-box returns require agent escalation.",0.85,strong,2025-06-01T00:00:00+00:00,2026-08-23T12:00:00+00:00,1,,0
b3a3bf71-2897-4b3d-9231-f021c8bf0cbb,4fa441a7-25b7-4710-9da0-689241c9fd2d,2B Egypt,https://2b.com.eg/en/all-stores/giza/al-haram,merchant_website,official_store_locator,physical_presence,neutral,"Official store locator confirming operational retail stores on Al Haram St, Mossadak St (Dokki), Mohie El Din Abou El Ezz St (Dokki), and Sphinx Computer Mall (Mohandessin).",0.95,very_strong,,2026-08-23T14:45:00+00:00,1,,0
514c2079-932b-4622-83c0-27ea15b88cad,4fa441a7-25b7-4710-9da0-689241c9fd2d,2B Egypt,https://2b.com.eg/ar/getwarrenty/index/display/,2b.com.eg,official_store_website,after_sales_support,positive,Official dedicated warranty lookup and tracking service (2B Fix) allowing customers to verify repair status and warranty coverage by serial number.,0.95,very_strong,,2026-08-23T16:30:00+00:00,1,,0
0b86eec6-a5db-4b9e-bea4-f69ed590228f,4fa441a7-25b7-4710-9da0-689241c9fd2d,2B Egypt,https://arabhardware.net/reviews/zenbook-13-ux325e-review,ArabHardware,technology_publication,verified_business_information,positive,ArabHardware technology review naming 2B as an authorized retail distributor offering official agent warranty and long-term installment payment plans for laptops in Egypt.,0.9,strong,2021-04-12T00:00:00+00:00,2026-08-23T16:30:00+00:00,1,,0
ce09d211-c1da-429c-931d-50ec2e1d53e4,4fa441a7-25b7-4710-9da0-689241c9fd2d,2B Egypt,https://2b.com.eg/ar/about-us,2b.com.eg,merchant_website,long_business_history,neutral,"2B Egypt is a nationwide Egyptian electronics and IT retail chain founded in 2000, operating dozens of physical branches across Egypt including Cairo and Port Said, operating under Egyptian Tax Registration 407-786-457.",0.9,strong,2024-01-01T00:00:00+00:00,2026-08-23T20:36:00+00:00,1,,0
7d037d1f-8545-4e77-9076-aaee8199b8a8,4fa441a7-25b7-4710-9da0-689241c9fd2d,2B Egypt,https://2b.com.eg/en/about-us,2b.com.eg,merchant_website,long_business_history,neutral,"Corporate history detailing 2B Egypt as an IT retail and e-commerce entity founded in 2000 under Best Buy Corporation, currently operating over 60 branches across Egypt with certified warranty and 14-to-30-day return policies.",0.9,strong,,2026-08-23T21:44:00+00:00,1,,0
60148baa-ff4e-401e-bba5-bd89c14334d6,4fa441a7-25b7-4710-9da0-689241c9fd2d,2B Egypt,https://2b.com.eg,Direct Merchant Site,merchant_official_website,verified_business_information,neutral,"2B Egypt details its 14/30-day product return policy, serial-number warranty verification tool, and 2B Fix dedicated repair service for laptops and mobile phones accessible via hotline 16420.",0.91,strong,2026-02-18T00:00:00+00:00,2026-08-24T00:00:00+00:00,1,,0
07ac6561-d83e-4663-ab2e-839bbb4d0ebb,4fa441a7-25b7-4710-9da0-689241c9fd2d,2B Egypt,https://2b.com.eg/ar/stores,Merchant Website,official_store_locator,after_sales_support,neutral,"2B Egypt operates a wide retail chain for laptops, smart devices, and accessories in Dokki, Mohandessin, and 6th of October (Giza), subject to Egyptian Consumer Protection Agency regulations (Law 181 of 2018) for return, replacement, and warranty coverage.",0.94,very_strong,2025-01-01T00:00:00+00:00,2026-08-24T00:00:00+00:00,1,,0
c7702fa2-d98e-4bb9-9ee4-c8e1ba631488,4fa441a7-25b7-4710-9da0-689241c9fd2d,2B Egypt,https://2b.com.eg/ar/return-policy,2b.com.eg,official_merchant_portal,after_sales_support,positive,2B Egypt publishes its customer protection and returns terms providing 14-day unconditional returns and 30-day defective product exchange in adherence with Egyptian Consumer Protection law.,0.9,strong,2026-01-01T00:00:00+00:00,2026-08-24T12:00:00+00:00,1,,0
ac2cc9fb-2f16-4c29-b02d-f941f76a7914,4fa441a7-25b7-4710-9da0-689241c9fd2d,2B Egypt,https://2b.com.eg/ar/return-policy,2b.com.eg,official_merchant_portal,verified_business_information,neutral,"2B Egypt states its 14-day and 30-day return, exchange, and warranty replacement policies in accordance with Egyptian Consumer Protection Agency regulations, offering customer service via hotline 16420.",0.9,strong,,2026-08-24T12:00:00+00:00,1,,0
94ffda91-bae3-4278-8a45-16405eea5459,4fa441a7-25b7-4710-9da0-689241c9fd2d,2B Egypt,https://2b.com.eg,Direct Merchant Site,merchant_official_website,physical_presence,positive,"2B operates its official retail branch on the Tourist Walkway by the Old Lighthouse in Port Said, providing laptops, smartphones, gaming gear, and consumer electronics under official local warranties.",0.94,very_strong,2025-09-01T00:00:00+00:00,2026-08-24T12:00:00+00:00,1,,0
f41698fd-eec2-4f0b-9534-c0a46bbcf640,4fa441a7-25b7-4710-9da0-689241c9fd2d,2B Egypt,https://2b.com.eg/ar/return-policy,2b.com.eg,official_merchant_portal,after_sales_support,positive,"2B Egypt documents official return and warranty policies for laptops and electronics, backed by their certified maintenance arm '2B Fix', compliance with Egyptian Consumer Protection Agency regulations (30-day replacement on manufacturing defects), and hotline 16420.",0.94,very_strong,2024-11-01T00:00:00+00:00,2026-08-24T12:20:00+00:00,1,,0
36d33730-8bba-4c5c-a311-07fda1b18ff6,4fa441a7-25b7-4710-9da0-689241c9fd2d,2B Egypt,https://2b.com.eg/en/all-stores/alexandria/city-center-alexandria,Merchant Website,store_directory,verified_business_information,positive,"2B operates multiple electronics, PC and mobile stores in Alexandria including City Centre Alexandria and San Stefano Mall, alongside specialized 2B Fix certified repair and warranty centers.",0.96,very_strong,2025-06-01T00:00:00+00:00,2026-08-24T12:30:00+00:00,1,,0
884ffa0e-f56e-4080-8196-03132756a40c,62178159-0c5c-467f-81b8-3dacf51ece0f,2M Playstation - Elshazly (تو أم بلايستيشن - الشاذلي),https://www.facebook.com/2m.elshazly/posts/1056060440621243/,facebook,social_post,after_sales_support,positive,Post advertising maintenance and repair service rates for PlayStation consoles across El Agami branches (Hanoville Panorama Mall and Bitash).,0.85,strong,,2026-08-23T12:00:00+00:00,1,,0
92b15156-b64f-40b6-a28c-35ed6081e8dd,3e46c445-540e-4333-bcc2-26a59b838730,4G Laptop,https://www.facebook.com/100067891008918/,Facebook,merchant_official_page,verified_business_information,positive,"4G Laptop is a Mansoura-based retailer specializing in imported engineering workstations (Dell Precision, HP ZBook), issuing official company purchase invoices, 3-month replacement/maintenance warranty, and physical branch examination.",0.8,strong,2025-09-05T00:00:00+00:00,2026-08-23T12:00:00+00:00,1,,0
772c57f8-02bf-4c79-8d4c-76900948977b,3e46c445-540e-4333-bcc2-26a59b838730,4G Laptop,https://www.facebook.com/p/4G-Laptop-100067891008918/,Facebook (Official Business Page),social_media_post,physical_presence,neutral,"4G Laptop Mansoura maintains two physical branches around Gehan Street near Mansoura University teaching staff residences, supplying business laptops and workstations with test warranties and nationwide delivery.",0.87,strong,,2026-08-23T21:04:00+00:00,1,,0
a068b212-c02f-4165-bca2-686184900287,d5af7b3d-c0a8-47da-893d-9fe7919d57f4,A Plus EG,https://www.facebook.com/p/A-Plus-EG-61568130312455/,facebook,business_page,physical_presence,positive,Business listing confirming physical store location at 13 Mostafa El Nahas St in Nasr City offering new and used iPhones with trade-in options.,0.85,strong,,2026-08-23T16:00:00+00:00,1,,0
4e336339-c6da-418c-95fb-6763eb70dbd3,12b6cf33-4408-419d-a80a-d44bbe55e321,AHW Store,https://ahw.store/pages/warranty-policy,Website,terms_and_policies,warranty_issue,positive,"AHW Store publishes its warranty policy covering PC components, custom assemblies, stress testing, and agent warranty processing in Egypt.",0.89,strong,,2026-08-23T00:00:00+00:00,1,,0
3a576150-91b1-401f-8000-e0c2b15357de,12b6cf33-4408-419d-a80a-d44bbe55e321,AHW Store,https://ahw.store/pages/build-your-pc,merchant_website,official_service_page,verified_business_information,positive,"AHW Store provides custom gaming and workstation PC build services, automated compatibility checking, professional cable management and testing, with showroom pickup in 6th of October City, Giza.",0.95,very_strong,,2026-08-23T11:00:00+00:00,1,,0
78a4ec23-cfd3-4d74-9291-4a12f72862b2,12b6cf33-4408-419d-a80a-d44bbe55e321,AHW Store,https://ahw.store/pages/payment-methods,merchant_website,terms_and_payment_policy,verified_business_information,neutral,"AHW Store specifies payment methods including Cash on Delivery (COD), credit card payments, installment through ValU and bank programs, and local agent warranties on PC build components.",0.9,strong,,2026-08-23T11:05:00+00:00,1,,0
fe3dcaf5-5441-4e00-a79b-0da106d44e44,12b6cf33-4408-419d-a80a-d44bbe55e321,AHW Store,https://ahw.store/ar,web,official_storefront,product_quality,positive,"AHW Store (official store of Arabhardware) provides custom gaming PC builds, latest NVIDIA RTX and AMD GPUs, professional thermal supplies, and distributor warranties ranging from 6 months to 3 years with professional online support.",0.95,very_strong,,2026-08-23T12:00:00+00:00,1,,0
09c9b9f7-e7d6-48e8-ac02-1d70eb31552a,12b6cf33-4408-419d-a80a-d44bbe55e321,AHW Store,https://ahw.store/ar/pages/contact,web,official_storefront,verified_business_information,neutral,"AHW Store publishes customer support telephone numbers (+20221203192), dedicated WhatsApp business line (+201505902967), and support email support@ahw.store.",0.9,strong,,2026-08-23T12:00:00+00:00,1,,0
277af158-28a9-43fc-a4fc-d86659a8802e,12b6cf33-4408-419d-a80a-d44bbe55e321,AHW Store,https://ahw.store,web,e_commerce_storefront,verified_business_information,positive,"AHW Store is the dedicated commercial e-commerce retail division of Arabhardware group, focusing on custom PC builds, GPUs, high-end PC parts, and gaming accessories shipped across Egypt from 6th of October City.",0.94,very_strong,2024-01-01T00:00:00+00:00,2026-08-23T12:00:00+00:00,1,,0
39f0507f-77ca-45b2-a224-1f907615c16d,12b6cf33-4408-419d-a80a-d44bbe55e321,AHW Store,https://store.arabhardware.net,store.arabhardware.net,official_website,verified_business_information,positive,متجر عرب هاردوير (AHW Store) هو الذراع التجاري لمجموعة عرب هاردوير لبيع قطع الهاردوير وأجهزة اللابتوب وتجميعات AHW Builds المجمعة والمختبرة مسبقاً مع توفير ضمان محلي وخدمات الصيانة والدعم الفني.,0.95,very_strong,,2026-08-23T12:00:00+00:00,1,,0
981a6041-0699-4e61-b0f5-d17acddc9cd4,12b6cf33-4408-419d-a80a-d44bbe55e321,AHW Store,https://ahw.store/pages/shipping-policy,merchant_website,shipping_policy_terms,verified_business_information,neutral,"Official store policy and terms confirming nationwide shipping across Egyptian governorates, headquarter fulfillment center in 6th of October City, Cash on Delivery support, and official customer service portal.",0.92,very_strong,2024-01-01T00:00:00+00:00,2026-08-23T14:55:00+00:00,1,,0
559a6530-3970-4763-a84e-2ad2a64701be,12b6cf33-4408-419d-a80a-d44bbe55e321,AHW Store,https://ahw.store/pages/warranty-policy,Website,terms_and_policies,verified_business_information,positive,"Formal store warranty policies detailing 6 months to 3 years coverage against manufacturing defects, 14-day statutory returns, and 30-day defective product replacement process.",0.9,strong,2024-07-22T00:00:00,2026-08-24T12:00:00+00:00,1,,0
c7a30d25-0ed5-417a-8da7-5d8644692377,12b6cf33-4408-419d-a80a-d44bbe55e321,AHW Store,https://ahw.store/pages/shipping-policy,merchant_website,shipping_policy_terms,verified_business_information,positive,"Official shipping policy and legal establishment details of Arabhardware S.A.E., detailing physical pickup at its 6th of October headquarters, customer service contacts, and nationwide delivery operations.",0.95,very_strong,,2026-08-24T12:10:00+00:00,1,,0
721ed962-e742-4c48-bbaf-41fe01864fb4,e6882051-74a2-41e3-87f2-7755c49b8a53,AIO for Computers & Security Systems (عملاق الأجهزة الأمنية والحاسبات),https://www.facebook.com/AIOAsyut/videos/615266207159515/,Facebook,merchant_video_post,verified_business_information,neutral,"AIO operates computer trade-in, hardware upgrade, repair, and security system installation in the City area of Assiut.",0.85,strong,2025-07-28T00:00:00+00:00,2026-08-24T00:00:00+00:00,1,,0
4c187a98-a0c7-4ed9-a10f-14ce72d28131,02369463-bc9c-4b0a-bd4d-04544becaa38,AL-Bahnabawi Store (البهنباوي ستور),https://www.facebook.com/ALBahnabawiTv/posts/952659793961106/,Facebook,merchant_post,physical_presence,positive,AL-Bahnabawi Store opened its physical gaming hardware and custom PC retail showroom in Zagazig.,0.86,strong,2025-07-12T00:00:00+00:00,2026-08-24T00:00:00+00:00,1,,0
80b3b813-68f8-43f7-b2df-cd36881d6c9f,16ce8427-a88d-4b1b-a2dd-db7751c493d5,Abdeen Pharmacies,https://www.facebook.com/AbdinPharmaciesOfficial/photos/859512883059338/,Facebook,official_page,verified_business_information,positive,Abdeen Pharmacies published branch information in Assiut along with tax registration details and official disclosures complying with consumer protection regulatory guidelines for commercial operations and promotional campaigns.,0.95,very_strong,2024-05-10T10:00:00+00:00,2026-08-23T14:15:00+00:00,1,,0
54a4ae53-bccb-4974-8f25-ca46e8721944,0774e37b-bcdf-434a-bcf1-3467fbf344a7,Abdullah Al Othaim Markets Egypt,https://www.facebook.com/othaimmarketseg/posts/1311796194311639/,Facebook,social_media_post,verified_business_information,positive,"Official communication confirming Al Othaim Markets customer service hotline 19279, WhatsApp inquiries line, and retail branch operating on El-Helw Street in Tanta.",0.92,very_strong,,2026-08-23T00:00:00,1,,0
5ead9ee9-7502-49ec-ad64-c5b656cd4408,0774e37b-bcdf-434a-bcf1-3467fbf344a7,Abdullah Al Othaim Markets Egypt,https://www.facebook.com/othaimmarketseg/posts/1045132297644698/,facebook,official_social_profile,verified_business_information,neutral,"Regional supermarket chain operating across Egyptian governorates with extensive food and household retail outlets, supported by centralized customer hotline 19279.",0.92,very_strong,2024-04-18T00:00:00+00:00,2026-08-24T12:00:00+00:00,1,,0
65f4402a-0923-47dd-9b6f-ac9c640d12cd,97b474dd-59ab-4271-b5b0-ed71b9a67dc7,Abnaa Sabry for Electrical Appliances (أبناء صبري للأجهزة الكهربائية),https://yellowpages.com.eg/ar/profile/%D8%A7%D8%A8%D9%86%D8%A7%D8%A1-%D8%B5%D8%A8%D8%B1%D9%89/108911,directory,directory_listing,verified_business_information,neutral,Verified directory listing of Abnaa Sabry electrical appliances commercial network in Mansoura with landlines and physical branch locations.,0.9,strong,,2026-08-24T12:30:00+00:00,1,,0
b24e39b7-3897-4ee0-99ea-a0eae2a8749f,97b474dd-59ab-4271-b5b0-ed71b9a67dc7,Abnaa Sabry for Electrical Appliances (أبناء صبري للأجهزة الكهربائية),https://www.facebook.com/Sabry.sons/posts/1424343186386830/,facebook,social_post,verified_business_information,positive,Official promotion for appliance seasonal campaign (Mega Season) featuring major domestic brands with warranty cards and home delivery options.,0.85,strong,,2026-08-24T12:35:00+00:00,1,,0
8eae84c7-8d7b-4f8e-a978-011dd6470624,758d80ec-fb19-4b77-8f5b-91738074f3a2,Adel Elsamman Electronics (عادل السمان لبيع المكونات والقطع الإلكترونية وقطع الغيار),https://www.adel-elsamman.com/,merchant_website,ecommerce_store,warranty_honored,positive,"Adel Elsamman Electronics operates an online e-commerce platform shipping specialized electronic repair parts, ICs, EEPROM programmers (CH341A), and SOP8 test clips across Egyptian governorates (including Mansoura and Delta), advertising a money-back refund guarantee in case of defective products.",0.92,very_strong,,2026-08-23T00:00:00+00:00,1,,0
940b6587-5d7b-46f5-90ba-d8c5dd7593fe,d18aad01-462d-442f-89b2-e4bcd3f536bc,Ahmed El Eisawy Foundation - Get Cool (مؤسسة أحمد العيسوي - جيت كوول),https://www.facebook.com/100063723471071/videos/998678968836458/,facebook,social_post,physical_presence,positive,"Commercial announcement confirming physical presence in Sohag on City Street behind Nasser Social Bank, supplying household cooling, freezers, and appliances with local delivery service.",0.82,strong,,2026-08-24T13:05:00+00:00,1,,0
85bc6a7c-be4c-4768-a676-0dc1c70678d3,831889f4-cd8c-4a78-9b2c-1f5109a85b57,Al Baraka Company for Computer & Laptops,https://www.facebook.com/albarakaalexcompany/posts/122110456833385456,Facebook,official_social_page,physical_presence,positive,"Al Baraka Company operates in El Seyouf, Alexandria, supplying business imported laptops, computer accessories, and CCTV camera security systems with local pickup and warranty support.",0.85,strong,,2026-08-23T00:00:00+00:00,1,,0
8e2ac589-5d0b-41a7-b10d-b390c7915263,831889f4-cd8c-4a78-9b2c-1f5109a85b57,Al Baraka Company for Computer & Laptops,https://www.facebook.com/albarakaalexcompany/posts/122110456833385456,Facebook,official_social_page,physical_presence,positive,"Al Baraka Computer is a local independent merchant in Alexandria Al-Seyouf selling desktop computers, laptops (new and used), and security camera systems with direct testing warranties.",0.86,strong,2025-12-01T14:30:00+00:00,2026-08-24T12:25:00+00:00,1,,0
f833c9d5-703b-4ab2-ba4f-04b448e2309c,e8b3d949-df88-41eb-bf3b-bf688b93bdc7,Al Mansour Automotive (شركة المنصور للسيارات),https://cpa.gov.eg/ar-eg/%D8%AA%D8%AD%D8%B0%D9%8A%D8%B1%D8%A7%D8%AA,cpa_egypt_portal,official_regulatory_release,official_warning,positive,"Al Mansour Automotive, in cooperation with CPA Egypt, published a recall for Opel vehicles (models 2007 to 2019) for free inspection and replacement of Takata airbags along with complimentary engine oil and filter change.",0.95,very_strong,2026-03-01T00:00:00+00:00,2026-08-24T00:00:00+00:00,1,,0
b82c7fea-ab39-4261-b78e-71aab1afde4c,e8b3d949-df88-41eb-bf3b-bf688b93bdc7,Al Mansour Automotive (شركة المنصور للسيارات),https://cpa.gov.eg/ar-eg/%D9%85%D8%B1%D8%A7%D9%83%D8%B2-%D8%A7%D9%84%D8%AE%D8%AF%D9%85%D8%A9-%D8%A7%D9%84%D9%85%D8%B9%D8%AA%D9%85%D8%AF%D8%A9/PgrID/700/PageID/2/PID/700/ev/1/CategoryID/52?CategoryName=%C3%99%C2%85%C3%98%C2%B1%C3%98%C2%A7%C3%99%C2%83%C3%98%C2%B2-%C3%98%C2%A7%C3%99%C2%84%C3%98%C2%AE%D8%AF%D9%85%D8%A9-%D8%A7%D9%84%D9%85%D8%B9%D8%AA%D9%85%D8%AF%D8%A9,cpa.gov.eg,official_regulatory_portal,verified_business_information,neutral,"Listing on the CPA official portal under certified service centers registry, along with joint CPA-Mansour Automotive safety releases for General Motors passenger vehicles and commercial trucks, documenting accredited service capacity and recall coordination.",0.9,strong,2023-08-25T00:00:00+00:00,2026-08-24T00:00:00+00:00,1,,0
77963718-03eb-446e-b87c-ca4c387f5c7c,e8b3d949-df88-41eb-bf3b-bf688b93bdc7,Al Mansour Automotive (شركة المنصور للسيارات),https://www.masrawy.com/news/news-videos/details/2019/8/28/1625111/%D8%A7%D9%84%D8%B3%D9%8A%D8%A7%D8%B1%D8%A7%D8%AA-x-%D8%A3%D8%B3%D8%A8%D9%88%D8%B9-%D9%85%D8%B3%D9%84%D8%B3%D9%84-%D8%AA%D8%B1%D8%A7%D8%AC%D8%B9-%D8%A7%D9%84%D8%A3%D8%B3%D8%B9%D8%A7%D8%B1-%D9%85%D8%B3%D8%AA%D9%85%D8%B1-%D9%88%D8%AE%D8%A8%D9%8A%D8%B1-%D9%8A%D8%A4%D9%83%D8%AF-%D8%A3%D9%86-%D8%A7%D9%84%D9%85%D8%AD%D9%84%D9%8A-%D9%8A%D8%B6%D8%A7%D9%87%D9%8A-%D8%A7%D9%84%D9%85%D8%B3%D8%AA%D9%88%D8%B1%D8%AF,masrawy.com,news_report,warranty_honored,positive,"CPA and Al Mansour Automotive announced an authorized maintenance recall program across Opel models to replace Takata airbag modules free of charge, bundled with complimentary engine oil and oil filter changes.",0.9,strong,2026-03-01T00:00:00+00:00,2026-08-24T12:00:00+00:00,1,,0
d2fe764c-772c-4716-972d-32df17fd7300,a6df7841-9245-43b5-8d9a-9a08a7bbc6b7,Al Mostafa Laptop (المصطفى لاب توب),https://www.facebook.com/100083101492637/videos/1212010350545558/,Facebook,merchant_video_post,physical_presence,neutral,Al Mostafa Laptop advertises retail and installment sales of imported business and workstation laptops located behind the Sharqia Governorate building.,0.85,strong,2025-11-20T00:00:00+00:00,2026-08-24T00:00:00+00:00,1,,0
66ba2921-b8b5-4f43-b6fb-d4aa1873fc89,0db637d8-9597-464b-8a85-2480ef7501cf,Al Shamel for Computer Supplies,https://www.facebook.com/WaraqToday/posts/934860615345661/,facebook,directory_listing,verified_business_information,positive,"Al Shamel Computer operates a storefront in Al Warraq, Giza, offering budget gaming PC builds, upgraded workstations, monitors, and local delivery in Cairo and Giza.",0.85,strong,2024-03-01T00:00:00+00:00,2026-08-23T11:50:00+00:00,1,,0
b9232e7c-8699-4c7d-b5e0-cc308c56ed76,c73d347c-af81-49ff-9300-d37db4965ed4,Al Sheikh Store,https://www.facebook.com/alsheikhstore,Facebook,official_social_page,physical_presence,positive,"Al Sheikh Store is an active computer and imported business workstation store operating in the Smouha Computer Market on Al Adeeb Mohamed Zaytoun Street, Alexandria, offering nation-wide shipping with inspection upon delivery.",0.9,strong,,2026-08-23T00:00:00+00:00,1,,0
ddc03626-709d-42d6-bd50-03bebbaa810f,c73d347c-af81-49ff-9300-d37db4965ed4,Al Sheikh Store,https://www.facebook.com/groups/1674640582779742/posts/4596188550624916/,facebook,social_post,product_quality,positive,Al Sheikh Store Alexandria details open-box and workstation laptop sales with full hardware testing and on-delivery inspection in Smouha computer market.,0.85,strong,,2026-08-23T12:20:00+00:00,1,,0
b4c8ca93-f691-4529-8dd8-820b9a4800b0,43bdb2f9-b6ae-45ca-99d9-7a82db0728ff,Al-Ameen Electrical Appliances,https://qarine.com/places/%D9%85%D8%B9%D8%B1%D8%B6-%D8%A2%D9%84-%D8%A3%D9%85%D9%8A%D9%86-%D9%84%D9%84%D8%A3%D8%AC%D9%87%D8%B2%D8%A9-%D8%A7%D9%84%D9%83%D9%87%D8%B1%D8%A8%D8%A7%D8%A6%D9%8A%D8%A9/,qarine.com,directory_listing,physical_presence,neutral,"Al-Ameen Electrical Appliances showroom is listed as an active business in Port Said's Al Manakh neighborhood, providing consumer electronics, home appliances, and local delivery services.",0.8,strong,2023-01-01T00:00:00+00:00,2026-08-23T20:35:00+00:00,1,,0
e931f60d-92c2-4b7a-8d3d-ce9c057e3226,695d8a3f-e930-49a1-9cc7-743e6f370202,Al-Futtaim Egypt for Retail (IKEA Egypt),https://cpa.gov.eg/ar-eg/بيانات-اعلامية/ArtMID/654/ArticleID/7060,cpa.gov.eg,official_warning,warranty_honored,positive,Official recall release by Al-Futtaim Egypt for Retail (IKEA) in coordination with the Consumer Protection Agency for specific outdoor LED lighting chains from the STRÅLA product line (models 1056314 and 30563178 with plug model SYK-02F) due to non-compliant plug components. Customers were instructed to cease using the products and return them for a replacement or full refund without requiring proof of purchase.,0.98,very_strong,2025-03-06T00:00:00+00:00,2026-08-23T00:00:00+00:00,1,,0
54fbe905-77e4-4fc7-95d1-f6ba68ee65da,695d8a3f-e930-49a1-9cc7-743e6f370202,Al-Futtaim Egypt for Retail (IKEA Egypt),https://cpa.gov.eg/ar-eg/بيانات-اعلامية/ArtMID/654/ArticleID/7043,cpa.gov.eg,official_warning,official_warning,neutral,"Official regulatory announcement issued by the Consumer Protection Agency warning consumers against misleading advertisements and unverified promotional competitions during the White Friday discount season. The agency emphasized compliance with Article 14 of Law 181/2018, requiring formal notification to the agency prior to advertising commercial contests.",0.96,very_strong,2024-11-07T00:00:00+00:00,2026-08-23T00:00:00+00:00,1,,0
9d8b419c-4489-4c95-a99c-fa29732cd88a,695d8a3f-e930-49a1-9cc7-743e6f370202,Al-Futtaim Egypt for Retail (IKEA Egypt),https://cpa.gov.eg/ar-eg/بيانات-اعلامية/ArtMID/654/ArticleID/7063,cpa.gov.eg,verified_business_information,verified_business_information,neutral,"Official ministerial report presented to Prime Minister Mostafa Madbouly detailing the Consumer Protection Agency's activities between January 2024 and March 2025. The report notes 11,800 market inspection campaigns across 24 governorates resulting in 40,600 violation reports, the resolution of 96.77% of 238,100 consumer complaints, multi-brand vehicle safety recalls, and the expansion of regional branches including the near-completion of the Gharbia/Tanta regional branch.",0.97,very_strong,2025-04-03T00:00:00+00:00,2026-08-23T00:00:00+00:00,1,,0
1b4961ec-df5e-42be-9b19-a8faf051c3a8,695d8a3f-e930-49a1-9cc7-743e6f370202,Al-Futtaim Egypt for Retail (IKEA Egypt),https://www.youm7.com/story/2026/1/1/%D8%AC%D9%87%D8%A7%D8%B2-%D8%AD%D9%85%D8%A7%D9%8A%D8%A9-%D8%A7%D9%84%D9%85%D8%B3%D8%AA%D9%87%D9%84%D9%83-%D8%AA%D9%84%D9%82%D9%89-211-%D8%A3%D9%84%D9%81-%D8%B4%D9%83%D9%88%D9%89-%D9%85%D9%86-%D8%A7%D9%84%D9%85%D9%88%D8%A7%D8%B7%D9%86%D9%8A%D9%86-%D8%AE%D9%84%D8%A7%D9%84/7254181,news_website,investigative_report,official_warning,neutral,"The Egyptian CPA disclosed receiving 211,732 consumer complaints during 2025, with electrical appliances and durable goods accounting for the highest share (32,384 complaints), driving active market inspections and mandatory warranty and replacement enforcement through its regional branches including Port Said.",0.97,very_strong,2026-01-01T08:30:00+00:00,2026-08-24T12:00:00+00:00,1,,0
07621385-8446-4c52-8fb3-91034dd74e5d,e118d99a-9884-4d08-85db-753170fd018b,Al-Minshawy Stores (المنشاوي ستورز),https://www.facebook.com/ahmedrafaatelmenshawy/posts/1221144233475229/,facebook,merchant_post,warranty_honored,positive,Store post detailing engineering workstation laptops and hardware components with explicit official warranty terms provided via printed invoice upon purchase.,0.91,strong,2025-09-10T00:00:00+00:00,2026-08-24T00:00:00+00:00,1,,0
c9f7db74-0cbe-4b9a-9240-ea127463f3e2,e118d99a-9884-4d08-85db-753170fd018b,Al-Minshawy Stores (المنشاوي ستورز),https://buy.com.eg/ar/directory/%D8%A7%D9%84%D9%85%D9%86%D8%B4%D8%A7%D9%88%D9%89-%D8%B3%D8%AA%D9%88%D8%B1%D8%B2-%D9%84%D8%AE%D8%AF%D9%85%D8%A7%D8%AA-%D8%A7%D9%84%D9%83%D9%85%D8%A8%D9%8A%D9%88%D8%AA%D8%B1-%D9%88%D8%A7%D9%84%D8%B3%D8%AA%D8%A7%D9%84%D8%A7%D9%8A%D8%AA-6xwbtd,directory,directory_listing,verified_business_information,neutral,"Business listing verifying Al-Minshawy Stores in Sohag on El Ter'a El Mardouma Street, providing computer, laptop, satellite, and maintenance services.",0.85,strong,,2026-08-24T12:10:00+00:00,1,,0
d78c0600-d37d-4096-a452-b11278f26c76,e118d99a-9884-4d08-85db-753170fd018b,Al-Minshawy Stores (المنشاوي ستورز),https://www.facebook.com/ahmedrafaatelmenshawy/posts/1353999380189713/,facebook,social_post,product_quality,positive,"Commercial post detailing workstation laptop offerings (HP/Dell) with an official invoice and warranty period, plus nationwide delivery service.",0.85,strong,,2026-08-24T12:12:00+00:00,1,,0
d4308edf-9606-41ff-8b98-5f1d8b701f6c,658f3b90-a2d5-4cc8-be88-ea53cb1a1ad5,Al-Rowad 4 Tech,https://www.vatrena.com/guide/Al-Rowad-4-tech/57302,web,commercial_guide,physical_presence,positive,"Al-Rowad 4 Tech operates as a specialized computer hardware, imported business laptop, and component merchant on the 4th Floor of Al-Bostan Mall in Downtown Cairo.",0.9,strong,2024-03-01T00:00:00+00:00,2026-08-23T12:00:00+00:00,1,,0
f0c8d676-2f66-475e-98f6-7b71f0ecad1e,7d02d015-8d65-491d-8dd2-ed39c77858db,Almostafa Store,https://www.facebook.com/AlMostafamobileShop/,facebook,business_page,physical_presence,positive,Business page confirming physical retail shop for new and pre-owned iPhone sales located in El Serag Mall Gate 3 rear ground floor.,0.85,strong,,2026-08-23T16:00:00+00:00,1,,0
65737f31-b2bd-41f9-ad45-3fade961ca85,ae6bfff8-cea6-4194-8756-57596b977c60,Aman Stores,https://amanstores.com,official_website,registry+web,verified_business_information,positive,"Aman Stores discloses Tax Registration Number 538-208-252 across its legal documentation and retail portal, maintaining more than 250 consumer electronics retail outlets in Egypt.",0.95,very_strong,,2026-08-23T12:00:00+00:00,1,,0
08a341db-2f86-4111-8599-f75c283370fb,ae6bfff8-cea6-4194-8756-57596b977c60,Aman Stores,https://www.amanstores.com/ar/blogs/%D9%81%D8%B1%D9%88%D8%B9-%D8%A7%D9%85%D8%A7%D9%86/,web,official_store_network,physical_presence,positive,"Aman Stores (subsidiary of Raya Holding) operates a nationwide physical retail network exceeding 200 stores across Egyptian governorates, retailing laptops, smartphones, and household electronics with in-house consumer financing.",0.96,very_strong,2024-02-01T00:00:00+00:00,2026-08-23T12:00:00+00:00,1,,0
ba7141c3-23b2-4442-b118-f4a8362801e1,ae6bfff8-cea6-4194-8756-57596b977c60,Aman Stores,https://www.amanstores.com/ar/about/,amanstores.com,official_website,verified_business_information,positive,أمان ستورز هي شركة التجزئة والتمويل الاستهلاكي المرخصة من الهيئة العامة للرقابة المالية (ترخيص 43 لسنة 2023) والمسجلة بالرقم الضريبي 538-208-252، تمتلك أكثر من 250 فرعاً ومتجراً إلكترونياً لبيع الإلكترونيات والأجهزة المنزلية بالتقسيط والكاش.,0.95,very_strong,,2026-08-23T12:00:00+00:00,1,,0
e83fb230-83fa-4b57-adbd-0fb84410c342,ae6bfff8-cea6-4194-8756-57596b977c60,Aman Stores,https://www.amanstores.com/ar/return-refund-policy/,amanstores.com,merchant_policy,complaint_resolved,positive,"Aman Stores has a formal complaint management process through 19910 where return/refund and billing complaints are reviewed within 72 business hours, with full merchant freight coverage for defective or erroneous items.",0.9,strong,,2026-08-23T20:38:00+00:00,1,,0
e8a32768-c486-4e05-975c-9f276c37f02e,ae6bfff8-cea6-4194-8756-57596b977c60,Aman Stores,https://www.amanstores.com/ar/blogs/Buy-Now-Pay-Later-Apps-in-Egypt-%20Aman/,Aman Stores Portal,official_blog_and_services,verified_business_information,positive,Aman Stores documents its nationwide electronics installment service and compliance with Egyptian consumer financing and product return guidelines via unified hotline 19910.,0.88,strong,2024-06-20T00:00:00+00:00,2026-08-24T12:10:00+00:00,1,,0
a51c7c0e-47ef-4b72-967d-42fa10cfea98,7017a385-e843-4dac-bc8a-3b148eb386be,Amazon Egypt,https://www.aboutamazon.com/news/retail/amazon-launches-in-egypt-introducing-amazon-eg,web,official_press_release,verified_business_information,positive,"Amazon officially completed the transition and full rebranding of Souq.com to Amazon.eg in Egypt, replacing the Souq.com website and mobile app while migrating merchant accounts, fulfillment centers, and customer identities.",0.99,very_strong,2021-09-01T08:00:00+00:00,2026-08-23T12:00:00+00:00,1,,0
e305db8a-0a03-4c93-80b8-3d149d80ce85,045120f7-e821-4755-8c71-bcc7bcdb38f7,Apex Tech,https://www.reddit.com/r/EgyptTech/comments/1vs0cuu/%D9%87%D8%B4%D8%AA%D8%B1%D9%8A_%D8%A5%D9%86_%D8%B4%D8%A7%D8%A1_%D8%A7%D9%84%D9%84%D9%87_tuf_f_15_fx507_%D9%85%D8%B3%D8%AA%D8%B9%D9%85%D9%84_%D8%A7%D9%83%D8%B4%D9%81_%D8%B9%D9%84%D9%8A%D9%87/,Reddit,forum_post,repeated_recommendation,positive,"Community recommendation for Apex Tech in Alexandria as a specialized and trusted shop for gaming laptops, thermal inspection, and technical maintenance.",0.86,strong,2024-11-12T14:30:00+00:00,2026-08-23T10:15:00+00:00,1,,0
3a0f71c7-8757-47cc-a522-286f29d7c882,138fc087-039f-4190-bb0f-f9b8d05ef4b0,Apple Authorized Service Providers in Egypt,https://www.masrawy.com/news/news_egypt/details/2024/11/21/2678782/%D8%AD%D9%85%D9%84%D8%A9-%D8%A7%D8%B3%D8%AA%D8%AF%D8%B9%D8%A7%D8%A1-%D9%84%D8%A3%D8%AC%D9%87%D8%B2%D8%A9-iphone-14-plus-%D9%84%D9%87%D8%B0%D9%87-%D8%A7%D9%84%D8%A3%D8%B3%D8%A8%D8%A7%D8%A8,Masrawy,news+gov,official_warning,neutral,"Egypt's Consumer Protection Agency (CPA) officially announced and supervised a free product recall and inspection campaign by Apple for iPhone 14 Plus units manufactured between April 10, 2023, and April 28, 2024, suffering from a rear camera preview defect, with repairs pledged free of charge via Apple's authorized service centers.",0.95,very_strong,2024-11-21T14:51:00+00:00,2026-08-23T23:35:00+00:00,1,,0
09cac48b-94ae-4436-94a4-ead0539653c1,2d520fc0-f08d-4eef-9c3c-05298b6c4c02,Arab Business Machine (ABM),https://www.midisgroup.com/affiliates/arab-business-machine-fze/,midisgroup.com,corporate_registry,verified_business_information,neutral,"Midis Group corporate affiliate profile detailing ABM's mandate as authorized value-added distributor for Apple hardware and software across the Middle East including Egypt, alongside ABMcare authorized service network.",0.95,very_strong,2023-01-10T00:00:00+00:00,2026-08-23T14:45:00+00:00,1,,0
b92bec93-2897-4a6c-a43b-1a01da4c1858,2d520fc0-f08d-4eef-9c3c-05298b6c4c02,Arab Business Machine (ABM),https://news.cgtn.com/news/3d3d774e31516a4d31457a6333566d54/index.html,cgtn.com,news_article,official_warning,negative,News coverage detailing the Egyptian Competition Authority's (ECA) investigation into Apple and its regional distributor ABM regarding territorial distribution curbs and restrictions on parallel imports of devices into Egypt.,0.9,strong,2018-12-12T15:00:00+00:00,2026-08-23T14:50:00+00:00,1,,0
56b21e1b-0c18-48d2-92b3-c29af8fe95aa,157b7226-e3b0-41cc-8ea7-d5f870c1156c,Aura Smart Home,https://aura.eg/about-us/,aura.eg,official_website,verified_business_information,neutral,"Aura Smart Home documents its physical operations in New Cairo with Tax Registration number 716-126-966 and Commercial Registration 3600989 / 203547, offering smart automation and IoT hardware solutions.",0.94,very_strong,2024-01-01T00:00:00+00:00,2026-08-24T00:00:00+00:00,1,,0
b8b81258-c032-4c29-8465-0b955afae5e2,157b7226-e3b0-41cc-8ea7-d5f870c1156c,Aura Smart Home,https://aura.eg/warranty-policy/,aura.eg,official_website,warranty_honored,positive,Aura Smart Home publishes explicit formal warranty policies covering smart locks and home automation units for up to 5 years with technical support protocols.,0.9,strong,2024-01-01T00:00:00+00:00,2026-08-24T00:00:00+00:00,1,,0
fb1e4414-4ea4-4de5-bf05-25511e185356,5db78ab1-3796-4ecb-8348-6f171080cfbc,Auto Jameel / Jameel Motors Egypt (أوتو جميل),https://www.masrawy.com/autos/autos_news/details/2025/3/7/2739611/%D8%A8%D8%B9%D8%AF-%D8%A5%D8%B9%D9%84%D8%A7%D9%86-%D9%81%D9%88%D8%B1%D8%AF-%D8%A7%D9%84%D8%AE%D8%B1%D9%88%D8%AC-%D9%85%D9%86-%D9%85%D8%B5%D8%B1-%D8%AC%D9%85%D9%8A%D9%84-%D9%85%D9%88%D8%AA%D9%88%D8%B1%D8%B2-%D8%AA%D9%88%D8%B6%D8%AD-%D9%85%D9%88%D9%82%D9%81%D9%87%D8%A7-%D9%85%D9%86-%D9%85%D9%84-%D8%A7%D9%83-%D8%A7%D9%84%D8%B3%D9%8A%D8%A7%D8%B1%D8%A7%D8%AA-%D8%A7%D9%84%D8%AD%D8%A7%D9%84%D9%8A%D9%8A%D9%86,masrawy.com,news_report,after_sales_support,positive,"Auto Jameel confirmed the ongoing operation of its authorized service centers in Cairo, Giza, and Alexandria to provide warranty coverage, spare parts, and recall inspection services for Ford car owners in Egypt.",0.9,strong,2025-03-07T14:30:00+00:00,2026-08-24T12:00:00+00:00,1,,0
92ed6122-5ef2-4dd5-b7ed-f8593215bf76,4519b320-15fd-42a9-876d-77fe9995b651,Auto Mobility,https://cpa.gov.eg/ar-eg/%D8%AA%D8%AD%D8%B0%D9%8A%D8%B1%D8%A7%D8%AA,cpa_egypt_portal,official_regulatory_release,official_warning,neutral,"CPA Egypt, in coordination with Auto Mobility (official Geely agent in Egypt), issued a free recall campaign for Geely Emgrand 2025-2026 models to inspect and repair a manufacturing flaw in the fuel tank canister ventilation system.",0.95,very_strong,2026-06-01T00:00:00+00:00,2026-08-24T00:00:00+00:00,1,,0
e99a96dc-dbc9-464a-afbe-3a5dc73f3b89,379ecbb2-0273-4de5-8bc1-67946b75d0cc,Awad Serag (شركة عوض سراج للتجارة والتوزيع),https://www.awadserag.com/about-us-1,merchant_website,about_page,verified_business_information,positive,"Awad Serag documents its commercial presence since 1982 as one of the largest consumer electronics and home appliance retailers across Mansoura and the Nile Delta region with 8 showrooms, serving as an authorized distributor for major brands including El Araby (Toshiba, Sharp, Tornado), LG Egypt, Samsung, Beko, Zanussi, and Fresh.",0.95,very_strong,,2026-08-23T00:00:00+00:00,1,,0
c1a6d2cf-5349-418b-ac53-3dfc4f789ba6,aaf7cfed-c882-4262-9207-19be50a190b4,Awlad Ragab,https://www.facebook.com/AwladRagabCO/photos/3334625439929313/,facebook,official_social_profile,verified_business_information,neutral,Major domestic supermarket and hypermarket chain operating across Egypt with dedicated customer call center and order fulfillment hotline on 19225.,0.91,strong,2024-02-10T00:00:00+00:00,2026-08-24T12:00:00+00:00,1,,0
23637d72-f0fd-457d-b2db-132a5acf520c,d08748d3-b6be-4185-a32e-e439d19d3c72,B.TECH,https://btech.com/en/p/sony-playstation-5-slim-1tb-ssd-with-dualsense-wireless-controller-white,official_website,product_page,verified_business_information,neutral,B.TECH official retail listing for Sony PlayStation 5 consoles with warranty coverage and installment financing options across Cairo branches.,0.95,very_strong,,2026-08-23T00:00:00+00:00,1,,0
5dab49a7-0eab-4baf-9e56-60ec1879bfc2,31c54405-381c-4364-a49c-a8a9244f7471,B.TECH,https://www.facebook.com/btech.eg,Facebook,official_social_page,physical_presence,positive,"B.TECH operates massive retail mega-stores across Alexandria including its flagship Sidi Gaber Mega Store (301 Port Said St) and locations in Smouha, Loran, and Carrefour City Centre, providing installment plans backed by commercial registration.",0.98,very_strong,,2026-08-23T00:00:00+00:00,1,,0
61b01585-ec2e-45c4-a0d2-a82f5b705391,306c4864-694f-46ce-bb9a-0e18f9d31c3a,B.TECH,https://btech.com/ar/,B.TECH Official Portal & Customer Service,merchant_portal_and_support,verified_business_information,neutral,"Nationwide retailer with four active physical branches in Assiut, offering consumer electronics, installment programs, official technical report-based warranty claims, and standard CPA escalation channels.",0.95,very_strong,2024-07-15T11:00:00+00:00,2026-08-23T10:50:00+00:00,1,,0
2f68e39b-e69d-4ae8-b28c-b8434b3487c8,0abffb14-4754-4d4a-8ec7-78a5732a9264,B.TECH,https://fra.gov.eg/company_records/%D8%A8%D9%8A-%D8%AA%D9%83-%D9%84%D9%84%D8%AA%D8%AC%D8%A7%D8%B1%D9%87-%D9%88%D8%A7%D9%84%D8%AA%D9%88%D8%B2%D9%8A%D8%B9/,fra.gov.eg,official_regulatory_register,verified_business_information,positive,B.TECH for Trade and Distribution S.A.E. is officially licensed by the Egyptian Financial Regulatory Authority (FRA) under Consumer Finance License No. 7/2020. The company operates a nationwide consumer electronics retail chain with hotline 19966 and strict 14-day statutory return / 30-day manufacturing defect warranty compliance.,0.98,very_strong,2024-05-10T00:00:00+00:00,2026-08-23T11:05:00+00:00,1,,0
1a773d9a-648a-4bc6-af61-6720192db540,0abffb14-4754-4d4a-8ec7-78a5732a9264,B.TECH,https://blog.btech.com/ar/%D8%B9%D9%86%D8%A7%D9%88%D9%8A%D9%86-%D9%81%D8%B1%D9%88%D8%B9-%D8%A8%D9%8A-%D8%AA%D9%83-%D9%85%D8%B5%D8%B1/,Web,merchant_blog,physical_presence,neutral,"B.TECH officially documents extensive multi-branch footprint across Alexandria covering Sidi Gaber, Loran, Smouha, Sidi Bishr, Asafra, Agami, and mall locations.",0.95,very_strong,,2026-08-23T12:00:00+00:00,1,,0
163d0c54-001d-458a-b5cc-2a675475878b,0abffb14-4754-4d4a-8ec7-78a5732a9264,B.TECH,https://www.facebook.com/mybtech/posts/5527204040660462/,Facebook,merchant_post,after_sales_support,neutral,"B.TECH details centralized customer support via 19966 hotline and 24-hour WhatsApp support for return requests, branch inquiries, and complaint tracking.",0.9,strong,2023-06-20T11:00:00+00:00,2026-08-23T12:00:00+00:00,1,,0
d3f5ff7e-2c5b-4ffc-9055-943eac99829d,d08748d3-b6be-4185-a32e-e439d19d3c72,B.TECH,https://www.cpa.gov.eg,Consumer Protection Agency (CPA Egypt),regulatory_authority_portal,official_warning,neutral,"B.TECH is Egypt's leading electronics and home appliances retailer (operating multiple large branches in Mansoura). The Consumer Protection Agency enforces mandatory 14-day return and 30-day defective unit replacement binding decisions under Law 181/2018, and issued public warnings to protect consumers from fraudulent social media pages impersonating B.TECH competitions.",0.95,very_strong,2024-12-15T00:00:00+00:00,2026-08-23T12:00:00+00:00,1,,0
de33c363-0b86-4259-96fa-b68a9e9f61b1,0abffb14-4754-4d4a-8ec7-78a5732a9264,B.TECH,https://www.facebook.com/mybtech/posts/5437203109660556/,facebook,social_post_comments,after_sales_support,negative,Customer discussion and complaints concerning branch inventory availability and maintenance delays on installment-purchased consumer electronics in Faisal and Haram branches.,0.8,strong,,2026-08-23T14:48:00+00:00,1,,0
5b736538-603d-46d3-8bc8-19cc6794e85f,d08748d3-b6be-4185-a32e-e439d19d3c72,B.TECH,https://www.trustpilot.com/review/btech.com,Trustpilot,customer_review_aggregator,after_sales_support,negative,"Customer review on Trustpilot highlighting negative experiences with delivery scheduling, after-sales service, and replacement delays for faulty items.",0.85,strong,2026-06-15T00:00:00+00:00,2026-08-23T16:30:00+00:00,1,,0
c5628646-eb10-4dcc-8ae7-e1f41c45ea0b,d08748d3-b6be-4185-a32e-e439d19d3c72,B.TECH,https://btech.com/en,btech.com,official_store_website,physical_presence,neutral,"Official omnichannel e-commerce portal confirming nationwide retail store network, installment systems (MiniCash), and official warranty coverage in Cairo.",0.95,very_strong,,2026-08-23T16:30:00+00:00,1,,0
b9d42012-e601-47cb-8967-a722809418fc,0abffb14-4754-4d4a-8ec7-78a5732a9264,B.TECH,https://cpa.gov.eg/ar-eg/%D9%83%D9%8A%D9%81-%D8%AA%D8%AA%D9%82%D8%AF%D9%85-%D8%A8%D8%B4%D9%83%D9%88%D9%89,cpa.gov.eg,consumer_advocate,refund_issue,neutral,"Procedures for filing and investigating home appliance warranty disputes, late delivery, and installment cancellation refund cases involving large retail distributors like B.TECH under the 14/30 day legal return framework.",0.88,strong,2025-10-20T00:00:00+00:00,2026-08-24T00:00:00+00:00,1,,0
fd2a460b-8bf3-45aa-a5b0-a4123112dcae,0abffb14-4754-4d4a-8ec7-78a5732a9264,B.TECH,https://blog.btech.com/ar/%D8%B9%D9%86%D8%A7%D9%88%D9%8A%D9%86-%D9%81%D8%B1%D9%88%D8%B9-%D8%A8%D9%8A-%D8%AA%D9%83-%D9%85%D8%B5%D8%B1/,Web,merchant_blog,physical_presence,positive,"Comprehensive store directory verifying multiple operating consumer electronics and home appliance superstores in Tanta (Mega El Bahr, Ideal Alexandria St, and Seberbay), backed by hotline 19966 and 24/7 WhatsApp 01286619966.",0.96,very_strong,2024-01-20T00:00:00+00:00,2026-08-24T12:00:00+00:00,1,,0
60f5b329-2bec-4856-8d3f-451b92c97aa2,0abffb14-4754-4d4a-8ec7-78a5732a9264,B.TECH,https://btech.com/ar/tech-care,corporate_website,official_service_page,verified_business_information,positive,"B.TECH maintains an active physical retail presence in Port Said on El Gomhoureya St, offering installment sales, electronics, and its TechCare after-sales maintenance and extended warranty program coordinated through hotline 19966.",0.94,very_strong,2025-10-01T00:00:00+00:00,2026-08-24T12:00:00+00:00,1,,0
04f8e7bf-894b-407d-b2aa-b8827cc269a1,0abffb14-4754-4d4a-8ec7-78a5732a9264,B.TECH,https://blog.btech.com/ar/%D8%B9%D9%86%D8%A7%D9%88%D9%8A%D9%86-%D9%81%D8%B1%D9%88%D8%B9-%D8%A8%D9%8A-%D8%AA%D9%83-%D9%85%D8%B5%D8%B1/,Web,merchant_blog,verified_business_information,positive,"B.TECH maintains a large network of electronics and appliance retail branches across Alexandria (Sidi Gaber, San Stefano, Lorang, Smouha, Sidi Bishr, Agami), providing installment programs (MiniCash/ValU) and official warranty management.",0.95,very_strong,2025-11-20T00:00:00+00:00,2026-08-24T12:40:00+00:00,1,,0
31e05a51-49a3-458c-830e-bd8cfd485347,0abffb14-4754-4d4a-8ec7-78a5732a9264,B.TECH,https://btech.com,official_store_website,official_corporate_portal,physical_presence,positive,"B.TECH operates extensive retail showrooms and online services for laptops, personal computing, and electronics with nationwide physical stores including heavy coverage across Giza (Dokki, Faisal, Haram, Sheikh Zayed, 6th of October), supported by central customer hotline 19966.",0.97,very_strong,2025-01-01T00:00:00+00:00,2026-08-24T12:50:00+00:00,1,,0
ac534948-66a7-4797-8a04-8c22732173d9,e540c0a1-d929-49d6-af09-114678d697b0,BIM Egypt,https://www.bim.eg/content-ar/3/content.aspx,Merchant Website,official_corporate_page,communication_issue,neutral,"Corporate directory confirming BIM Egypt's hard-discount business model operating without a unified call center hotline, routing inquiries through direct administration landlines (015332340 / 015332341) and local branch managers.",0.9,strong,,2026-08-23T00:00:00,1,,0
a87bbfb7-ddb0-4777-8680-3426eb9c3522,e540c0a1-d929-49d6-af09-114678d697b0,BIM Egypt,https://bim.eg,bim.eg,official_merchant_portal,physical_presence,neutral,"BIM Stores Egypt operates hundreds of neighborhood discount supermarket branches across Greater Cairo and Egyptian governorates, offering standardized essential commodities with published weekly flyers and physical branch-based refund workflows.",0.88,strong,2026-01-01T00:00:00+00:00,2026-08-23T11:50:00+00:00,1,,0
58a34bea-3b2b-477f-8063-d6a9aa6dab51,e540c0a1-d929-49d6-af09-114678d697b0,BIM Egypt,https://www.bim.eg/content-ar/3/content.aspx,Merchant Website,official_corporate_page,verified_business_information,positive,"BIM Egypt publishes its head office contact information in 10th of Ramadan City, establishing direct landline channels 015332341 (suggestions & complaints) and 015332340, with an unconditional return policy upon presentation of the original sales invoice.",0.95,very_strong,,2026-08-24T00:00:00+00:00,1,,0
bbd8328d-afa7-4298-bc3b-f7609c8a8a23,e540c0a1-d929-49d6-af09-114678d697b0,BIM Egypt,https://shbabbek.com/show/181763,shbabbek.com,news_outlet,communication_issue,neutral,"Independent media review notes that BIM Egypt does not operate a standardized 5-digit consumer hotline, relying instead on fixed regional telephone lines (015332341) and in-store branch manager resolution for customer complaints and invoice checks.",0.85,strong,2021-06-15T00:00:00+00:00,2026-08-24T00:00:00+00:00,1,,0
b7f9bbbd-35c8-4c49-93da-565c4e82b718,e540c0a1-d929-49d6-af09-114678d697b0,BIM Egypt,https://www.youm7.com/story/2026/1/1/7254181,news_outlet,news_article,verified_business_information,neutral,Report on Egyptian Consumer Protection Agency (CPA) nationwide inspection campaigns on major discount supermarket chains including BIM Egypt regarding shelf-life compliance and price transparency.,0.9,strong,2026-01-01T08:30:00+00:00,2026-08-24T12:00:00+00:00,1,,0
2d0b5b37-4799-427f-8cee-adb30878b761,ae4c622b-2067-4f1d-b655-55c4d218a1eb,BTC Electronics,https://www.youm7.com/story/2016/12/10/%D8%AD%D9%85%D8%A7%D9%8A%D8%A9-%D8%A7%D9%84%D9%85%D8%B3%D8%AA%D9%87%D9%84%D9%83-%D9%8A%D8%AD%D9%8A%D9%84-%D8%B4%D8%B1%D9%83%D8%A9-%D8%A8%D9%89-%D8%AA%D9%89-%D8%B3%D9%89-%D8%A7%D9%84%D9%83%D8%AA%D8%B1%D9%88%D9%86%D9%8A%D9%83%D8%B3-%D9%88%D9%83%D9%8A%D9%84-%D8%A8%D8%A7%D9%86%D8%A7%D8%B3%D9%88%D9%86%D9%8A%D9%83/3003534,Youm7,news+gov,official_warning,negative,"CPA referred BTC Electronics (agent for Panasonic) to the public prosecution after it claimed liquid damage on a malfunctioning Panasonic screen, but a technical inspection by the Egyptian Organization for Standardization and Quality (EOS) proved a manufacturing flaw, and the merchant refused to comply with the CPA replacement decision.",0.95,very_strong,2016-12-10T11:19:49+00:00,2026-08-23T23:35:00+00:00,1,,0
0b3f452e-4dc7-4f4f-bf9d-4aea68dbaebc,3c23028e-b8f8-470f-b375-425695cc1c27,Baraka Computer,https://www.youtube.com/@barakacomputerstore/videos,YouTube,official_channel,physical_presence,positive,"Baraka Computer operates prominent hardware showrooms across multiple floors of El Bostan Mall in Downtown Cairo and in Computer Mall in Mohandessin, specializing in custom PC gaming rigs and wholesale components.",0.9,strong,,2026-08-23T00:00:00+00:00,1,,0
2f9f9719-7211-47f9-928a-d8c9bcf20d98,3c23028e-b8f8-470f-b375-425695cc1c27,Baraka Computer,https://barakacomputer.net/product-category/the-best-gaming-pc-and-builds/,merchant_website,product_catalog,verified_business_information,positive,"Baraka Computer lists custom gaming PC builds, liquid cooling systems, AMD/Intel processors, and Lian Li/DeepCool cases, operating branches in Compu City Mall (Sphinx Square, Mohandessin) and Diamond Mall (6th of October).",0.95,very_strong,,2026-08-23T11:20:00+00:00,1,,0
3f299d09-d4ef-400d-a814-719d0455dd38,3c23028e-b8f8-470f-b375-425695cc1c27,Baraka Computer,https://www.reddit.com/r/Egypt/comments/pdg5rm/graphics_card_prices/,reddit,community_discussion,repeated_recommendation,positive,Community members recommend Baraka Computer alongside established hardware stores in Mohandessin and Giza for pricing and availability of high-end graphics cards and PC parts.,0.85,strong,2021-08-28T00:00:00+00:00,2026-08-23T11:22:00+00:00,1,,0
8d1ed435-fe9d-491a-b3ab-cb2bd04fe1fc,3c23028e-b8f8-470f-b375-425695cc1c27,Baraka Computer,https://yellowpages.com.eg/ar/profile/%D8%A8%D8%B1%D9%83%D8%A9-%D9%83%D9%85%D8%A8%D9%8A%D9%88%D8%AA%D8%B1/132995,yellowpages_egypt,commercial_directory,verified_business_information,neutral,"Yellow Pages Egypt verifies Baraka Computer operating physical hardware shops in Sphinx Square, Mohandessin and October Plaza in 6th of October City.",0.9,strong,,2026-08-23T12:00:00+00:00,1,,0
d0329c23-ee26-45c3-897d-6453d619eb03,3c23028e-b8f8-470f-b375-425695cc1c27,Baraka Computer,https://barakacomputer.net/product-category/graphic-card/rtx-50/rtx-5090/,web,official_storefront,product_quality,positive,Baraka Computer lists next-generation graphics cards (RTX 50 series) and PC components with warranty options on its official website.,0.85,strong,,2026-08-23T12:00:00+00:00,1,,0
110d9f70-b01e-4186-b2ee-1547832b260a,3c23028e-b8f8-470f-b375-425695cc1c27,Baraka Computer,https://barakacomputer.net/,web,merchant_official_website,warranty_honored,positive,"Baraka Computer is an established PC gaming and hardware builder operating branches in Sphinx Square Mohandessin, El-Bostan Mall, and 6th of October; provides genuine authorized distributor-backed components (Intel/AMD) with clear return policies on unopened original packaging.",0.8,strong,2025-04-12T00:00:00+00:00,2026-08-23T12:00:00+00:00,1,,0
81c95151-9010-4bba-8938-039eb41a01cd,3c23028e-b8f8-470f-b375-425695cc1c27,Baraka Computer,https://barakacomputer.net/contact-us/,merchant_website,official_store_locator,verified_business_information,neutral,"Official store website documents physical retail presences in Sphinx Mall (Mohandessin) and City Stars Mall (6th of October), listing direct contact numbers and specialty in custom PC builds.",0.95,very_strong,,2026-08-23T14:32:00+00:00,1,,0
531434c9-4ef4-434b-81fb-ee63e9cc7f7c,3c23028e-b8f8-470f-b375-425695cc1c27,Baraka Computer,https://barakacomputer.net/,web,merchant_official_website,physical_presence,neutral,"Official store information for Baraka Computer (barakacomputer.net) listing branches in Mohandessin (CM Mall, Sphinx Square, Shop S9) and 6th of October City, offering gaming PC hardware and high-end GPUs.",0.9,strong,2026-01-01T00:00:00+00:00,2026-08-23T15:45:00+00:00,1,,0
69d4cdda-e717-499c-a3d4-86c27c564a12,3c23028e-b8f8-470f-b375-425695cc1c27,Baraka Computer,https://barakacomputer.net/product-category/computer-cases/,baraka_computer_portal,merchant_catalog,verified_business_information,positive,"Baraka Computer catalog and store operations in Sphinx Computer Mall Mohandessin and 6th of October, providing gaming hardware, cases, and cooling solutions with authorized agent warranties.",0.9,strong,2026-02-01T00:00:00+00:00,2026-08-24T00:00:00+00:00,1,,0
ed921fed-45f0-44d7-8f08-3a63d9b5029f,3c23028e-b8f8-470f-b375-425695cc1c27,Baraka Computer,https://barakacomputer.net/contact-us/,merchant_website,official_store_locator,physical_presence,positive,Baraka Computer is a specialized gaming hardware and computer parts retailer with physical stores in Sphinx Square (Mohandessin) and 6th of October City in Giza Governorate.,0.92,very_strong,2025-01-01T00:00:00+00:00,2026-08-24T00:00:00+00:00,1,,0
271b1614-9c1a-4609-8897-324eaab23764,3c23028e-b8f8-470f-b375-425695cc1c27,Baraka Computer,https://barakacomputer.net/about-us/,web,official_store_locator,physical_presence,neutral,"Baraka Computer documents its physical branch network operating inside Sphinx Computer Mall in Mohandessin, Giza and City Stars Towers in 6th of October City, Giza.",0.95,very_strong,2026-01-01T00:00:00+00:00,2026-08-24T12:00:00+00:00,1,,0
e3f4aa89-5051-4eb2-9a03-a18eb4dd29ff,3c23028e-b8f8-470f-b375-425695cc1c27,Baraka Computer,https://yellowpages.com.eg/en/profile/baraka-computer/132995,yellowpages_egypt,verified_directory_listing,physical_presence,positive,"Verified business entry on Yellow Pages Egypt confirming Baraka Computer's active physical branches in Sphinx Computer Mall (Mohandessin, Giza) and 6th of October City (Giza), specializing in PC components, gaming builds, and hardware accessories.",0.92,very_strong,2024-05-10T00:00:00+00:00,2026-08-24T12:10:00+00:00,1,,0
42eb0b33-a709-4481-bb62-720d47eafb1c,9ff0d5a0-7775-4b29-91d9-67ea69d2f31d,Barakat Pharmacies,https://www.facebook.com/BarakatPharmacies/posts/470884970306705/,Facebook,official_page,physical_presence,positive,"Barakat Pharmacies operates a multi-branch network across Assiut city and Abnoub center, offering prescription fulfillment via WhatsApp, 24/7 delivery services, and local medical conference sponsorships.",0.9,strong,2023-11-20T12:00:00+00:00,2026-08-23T14:18:00+00:00,1,,0
d35ca975-5006-484c-874f-c18d96e66779,9ff0d5a0-7775-4b29-91d9-67ea69d2f31d,Barakat Pharmacies,https://www.facebook.com/BarakatPharmacies/photos/%D8%AF%D8%A7%D8%A6%D9%85%D8%A7%D9%8B-%D9%87%D9%86%D8%A7-%D9%85%D9%86-%D8%A3%D8%AC%D9%84%D9%83-%D8%A3%D9%8A-%D9%88%D9%82%D8%AA-%D8%AA%D8%AD%D8%AA%D8%A7%D8%AC%D9%86%D8%A7%D8%AF%D9%83%D8%A7%D8%AA%D8%B1%D8%AA%D9%86%D8%A7-%D8%A7%D9%84%D8%A3%D9%83%D9%84%D9%8A%D9%86%D9%8A%D9%83%D9%8A%D8%A9-%D9%85%D8%AA%D9%88%D8%A7%D8%AC%D8%AF%D9%88%D9%86-%D8%B9%D9%84%D9%89-%D9%85%D8%AF%D8%A7%D8%B1-%D8%A7%D9%84%D8%B3%D8%A7%D8%B9%D8%A9-%D9%84/1272795704997140/,Facebook,merchant_social_page,physical_presence,positive,"Prominent regional pharmacy chain operating four primary branches across Assiut City and Abnoub, providing 24/7 pharmacist support, prescription intake through WhatsApp, and point-of-sale card payment on delivery.",0.9,strong,,2026-08-24T00:00:00+00:00,1,,0
bfcd4b3c-e241-416a-b85e-9cd1065994bd,9637983a-b7f0-47b2-970d-62833aacbd05,Beko Egypt,https://cpa.gov.eg/ar-eg/%D8%A8%D9%8A%D8%A7%D9%86%D8%A7%D8%AA-%D8%A7%D8%B9%D9%84%D8%A7%D9%85%D9%8A%D8%A9/ArtMID/654/ArticleID/6763/%D8%AC%D9%87%D8%A7%D8%B2-%D8%AD%D9%85%D8%A7%D9%8A%D8%A9-%D8%A7%D9%84%D9%85%D8%B3%D8%AA%D9%87%D9%84%D9%83-%D9%85%D8%B1%D8%A7%D9%83%D8%B2-%D8%A7%D9%84%D8%B5%D9%8A%D8%A7%D9%86%D8%A9-%D8%A7%D9%84%D8%BA%D9%8A%D8%B1-%D9%85%D8%B9%D8%AA%D9%85%D8%AF%D8%A9-%D8%AA%D9%87%D8%AF%D8%AF-%D8%A3%D9%85%D9%86-%D9%88%D8%B3%D9%84%D8%A7%D9%85%D8%A9-%D8%A7%D9%84%D9%85%D9%88%D8%A7%D8%B7%D9%86%D9%8A%D9%86,Egyptian Consumer Protection Agency (CPA),regulator_official_notice,official_warning,neutral,"Consumer Protection Agency guidance on verifying official manufacturer maintenance centers, noting authorized hotline numbers for appliance manufacturers including Beko Egypt (16165) to protect against bogus repair centers.",0.95,very_strong,2024-08-28T00:00:00+00:00,2026-08-24T12:20:00+00:00,1,,0
45809165-5001-4fe0-a8fa-f1f81b6db1ce,9e4284c7-7887-452f-929c-330319a67203,Build Technology,https://www.reddit.com/r/Egypt/comments/gl33co/al_bostan_mall_best_shops_to_get_a_gpu/,Reddit,forum_post,repeated_recommendation,positive,Hardware community members recommend Build Technology in Al Bostan Mall as a reliable specialized shop for PC building and purchasing GPUs and high-end components.,0.88,strong,2023-05-18T11:00:00+00:00,2026-08-23T10:20:00+00:00,1,,0
6daccee4-f3e4-42a8-a8a5-c9f99b8b2cdf,845be68e-1a2f-4f67-8099-2ae22a1e729d,Cairo Sales Stores,https://cairosales.com,cairosales.com,merchant_website,physical_presence,neutral,"Cairo Sales Stores operates an established multi-branch retail and e-commerce business in Cairo and Giza with official bank and consumer financing partnerships (QNB, valU).",0.9,strong,,2026-08-23T12:00:00+00:00,1,,0
c9fea818-a6e1-40a2-999e-cd61858fd105,845be68e-1a2f-4f67-8099-2ae22a1e729d,Cairo Sales Stores,https://www.cairosales.com/ar/about-us,web,official_store_page,long_business_history,positive,Cairo Sales Stores is a long-standing Egyptian electronics and appliances retailer operating since 1978 with multi-branch physical showrooms in Cairo and Giza and a dedicated e-commerce platform.,0.95,very_strong,2022-01-01T00:00:00+00:00,2026-08-23T12:00:00+00:00,1,,0
0d0d9b73-2c62-43c5-9489-846dae08b1e4,845be68e-1a2f-4f67-8099-2ae22a1e729d,Cairo Sales Stores,https://cairosales.com,cairosales.com,merchant_website,verified_business_information,positive,Cairo Sales Stores provides direct distribution and e-commerce retail for major appliance and electronic brands with central hotline 16141 and official warranty enforcement.,0.9,strong,,2026-08-23T14:42:00+00:00,1,,0
3155ef83-d529-4ff5-8b03-415936b9b744,845be68e-1a2f-4f67-8099-2ae22a1e729d,Cairo Sales Stores,https://cairosales.com,cairosales.com,merchant_website,after_sales_support,positive,"Cairo Sales Stores enforces Egyptian Consumer Protection Agency compliance across physical showrooms and online ordering, directing claims through 16141 with authorized agency warranty stamps and inspection support.",0.85,strong,,2026-08-23T20:38:00+00:00,1,,0
9a06bb62-ec2f-44ce-a38c-0ac2f084b7e8,845be68e-1a2f-4f67-8099-2ae22a1e729d,Cairo Sales Stores,https://eg.pricena.com/ar/stores/cairocart/reviews,Pricena,review_platform,delayed_delivery,negative,"Customer review aggregations indicate frequent complaints regarding delivery delays on large home appliances, discrepancies between website stock status and actual warehouse inventory, and refund lag times.",0.83,strong,2023-08-10T00:00:00+00:00,2026-08-24T00:00:00+00:00,1,,0
87fef8c5-e9d6-4888-a451-2af6063bcfb2,845be68e-1a2f-4f67-8099-2ae22a1e729d,Cairo Sales Stores,https://eg.pricena.com/en/stores/cairosales/reviews,Pricena Egypt,independent_review_platform,successful_purchase,positive,"Customer review on Pricena evaluating Cairo Sales Stores for online electronics and appliance purchases, noting delivery fulfillment and warranty coverage according to Egyptian consumer standards.",0.85,strong,2024-05-15T00:00:00+00:00,2026-08-24T12:00:00+00:00,1,,0
e76f431a-f364-4816-a82b-b6458b6eaf6d,3c40e752-bb89-433b-b4b3-92741a0bdf01,CairoCart,https://cairocart.com/ar/return-policy,cairocart.com,merchant_policy,refund_issued,positive,"CairoCart maintains an extended return policy up to 100 days; for defective products, inspection takes 5-7 business days, after which customers are offered an immediate full replacement or complete cash refund.",0.9,strong,,2026-08-23T20:38:00+00:00,1,,0
230cb2fa-90f6-4257-a1a6-6bfd24ce1ef0,3ef625c7-8021-4c1e-a26f-779f531129f3,Captain Store,https://www.facebook.com/elcaptain2020/,facebook,official_page,physical_presence,neutral,"Store profile for Captain Store in El Serag Mall, Nasr City, offering PlayStation console maintenance, new and pre-owned PS4/PS5 hardware, and game titles.",0.85,strong,,2026-08-23T00:00:00+00:00,1,,0
5252cfa9-31a8-4552-9f45-070227cc4150,24d92def-7e0b-4806-82bf-90cdaa1f7a8d,Carrefour Egypt,https://www.youm7.com/story/2024/8/10/%D8%A7%D9%84%D8%B3%D8%B9%D8%B1-%D9%85%D8%B4-%D8%B3%D8%B1-%D8%AD%D9%85%D8%A7%D9%8A%D8%A9-%D8%A7%D9%84%D9%85%D8%B3%D8%AA%D9%87%D9%84%D9%83-%D8%AA%D9%84%D8%B2%D9%8A%D8%AF%D8%A7%D8%AA/6666296,Youm7,news_report,official_warning,neutral,Egyptian Consumer Protection Agency regulatory mandate requiring all supermarket and hypermarket retail chains to adhere to clear price labeling and mandatory receipt issuance under threat of statutory penalties.,0.9,strong,2024-08-10T00:00:00,2026-08-23T00:00:00,1,,0
849b988f-65ff-4424-96fb-913834f0ba62,24d92def-7e0b-4806-82bf-90cdaa1f7a8d,Carrefour Egypt,https://www.carrefouregypt.com,carrefouregypt.com,official_merchant_portal,verified_business_information,neutral,"Carrefour Egypt provides explicit return, exchange, and customer protection terms compliant with Egyptian Consumer Protection Law No. 181/2018. Customers have 30 days for returns of non-perishable goods with proof of purchase and original condition, a 24-hour window for fresh items, and technical assessment requirements for electronics.",0.95,very_strong,2026-01-01T00:00:00+00:00,2026-08-23T10:45:00+00:00,1,,0
f9e6ea8a-26da-47d9-8ce4-f1897d7ea605,24d92def-7e0b-4806-82bf-90cdaa1f7a8d,Carrefour Egypt,https://www.facebook.com/carrefouregypt/posts/931772912319274/,facebook,official_social_profile,physical_presence,neutral,"Verified official hypermarket presence for Carrefour Egypt (Majid Al Futtaim) in Orouba Mall Tanta, providing retail groceries, electronics, and customer service through unified hotline 16061.",0.95,very_strong,2024-06-15T00:00:00+00:00,2026-08-24T12:00:00+00:00,1,,0
478fe04d-b769-4a89-b8ab-000e045a50ac,cf7cff2f-381d-4c6c-af00-13b9bcf93d3d,Castle Egypt - Tanta Showroom (كاسيل للأجهزة الكهربائية والمنزلية),https://www.facebook.com/61553746546534/posts/122226956822124884/,Facebook / Official Web,merchant_post,verified_business_information,positive,Castle opened an authorized home appliance and domestic kitchenware showroom in Tanta backed by unified hotline 17199 and official warranty support.,0.9,strong,2025-05-12T00:00:00+00:00,2026-08-24T00:00:00+00:00,1,,0
f6b72207-d8c8-44c4-9196-f419dd87a474,6c7e1f0b-65b6-4707-b074-91b2c35d408c,Cavo Center,https://www.facebook.com/cavotech9/posts/1038568818297410/,facebook,social_post,physical_presence,neutral,"Cavo Center confirms multi-branch operations across Alexandria (Sidi Bishr and two Miami branches), stocking extensive imported laptop inventories.",0.9,strong,,2026-08-23T12:15:00+00:00,1,,0
f60f067b-ff06-4b8c-9985-589ed13cfa9a,6c7e1f0b-65b6-4707-b074-91b2c35d408c,Cavo Center,https://www.facebook.com/cavotech9/posts/1038568818297410/,facebook,social_post,physical_presence,positive,"Merchant announcement detailing two physical showrooms in Miami, Alexandria displaying high-spec laptop brands and consumer tech.",0.91,strong,2025-06-18T00:00:00+00:00,2026-08-24T00:00:00+00:00,1,,0
09be6c87-6ffe-4a86-8a13-d58a1ec5cd0e,14d36ac5-870a-45ab-8de4-becc2c109cf4,Chefaa,https://chefaa.com,Chefaa Official Portal,corporate_website,verified_business_information,positive,Chefaa is an Egyptian digital pharmacy platform that operates an on-demand medication marketplace and recurring chronic prescription management service (Chefaa Prime) partnering with licensed pharmacies across Greater Cairo and Giza to deliver medicines and personal care products directly to consumers.,0.93,very_strong,2024-01-01T00:00:00+00:00,2026-08-23T00:00:00+00:00,1,,0
d691e9ae-8f04-4f7d-9508-6c65b35ded95,a2e8ed31-b088-471a-a35c-e5596d867fae,City Mobile,https://www.facebook.com/100064044491823/videos/1041804594376801/,facebook.com,social_post,physical_presence,positive,"City Mobile publishes video detailing its physical storefront in Serag Mall, Nasr City, advertising genuine smartphones with local agent warranty, accessory selections, and card/cash payment processing.",0.85,strong,2024-06-01T15:00:00+00:00,2026-08-23T15:40:00+00:00,1,,0
273e6b63-f9bf-431b-8db7-736e697d07d8,43e6e31b-eefe-4865-bca3-9412d2fbd0d1,Compu Art,https://www.facebook.com/compuart.eg/,facebook,merchant_page,physical_presence,neutral,"Merchant profile verifying physical presence within Compu City Mall on Gameat Al Dowal Al Arabiya St, Mohandessin, specializing in custom PC gaming rigs and hardware upgrades.",0.85,strong,,2026-08-23T14:58:00+00:00,1,,0
a2f6e369-48e7-4c54-97e6-19c4abed42ec,e266ad28-7e04-4177-9b4e-1975e46fea07,Compu Fast,https://yellowpages.com.eg/en/profile/compu-fast/619998,yellowpages,business_directory,verified_business_information,neutral,"Verified business directory listing confirms Compu Fast physical retail store in El Deeb Mall (Roushdy), supplying laptops, cooling solutions, and hardware upgrades.",0.88,strong,,2026-08-23T12:40:00+00:00,1,,0
b870a679-5874-4e2d-9f59-88c4dbefecfc,1687538d-eddd-4613-9761-59643d8a9e33,Compu Fast (كومبيو فاست),https://compu-fast.com/contact-us/,Official Website,official_store_locator,verified_business_information,positive,"Compu Fast operates retail locations in Alexandria at Computer Mall (Sidi Bishr) and Roushdy, supporting in-store pickup, online payment via InstaPay and Vodafone Cash, and warranty coverage for PC hardware.",0.9,strong,2025-07-15T00:00:00+00:00,2026-08-24T12:20:00+00:00,1,,0
adba64b8-167a-4fbb-ab4c-ece9fbb848e1,d3c830bb-4339-41ed-a636-1c7710ff9825,Compu Science,https://compuscience.com.eg/en/stores?id_store=2,Merchant Website,official_store_page,physical_presence,neutral,"Public listing of physical retail stores in Cairo tech malls (Souq El Asr, El Sakhawy Mall), offering IT equipment, laptops, components, and maintenance services.",0.88,strong,,2026-08-23T00:00:00+00:00,1,,0
b645c56e-ee34-4959-a659-152290a480f0,d3c830bb-4339-41ed-a636-1c7710ff9825,Compu Science,https://compuscience.com.eg/en/stores?stores=1,merchant_website,store_locator,physical_presence,neutral,"CompuScience maintains a retail outlet in Compu City Mall on Gameat El Dowal St in Mohandessin, Giza, selling desktop PCs, components, and computing peripherals.",0.9,strong,,2026-08-23T11:45:00+00:00,1,,0
0b9f4261-65b7-4b7d-9782-449caed6b4f1,d3c830bb-4339-41ed-a636-1c7710ff9825,Compu Science,https://compuscience.com.eg/en/stores?id_store=4,website,store_locator,physical_presence,positive,"Official store locator confirming CompuScience branch at Zahran Mall in Smouha, Alexandria, offering gaming hardware, laptops, and custom PC assembly.",0.95,very_strong,,2026-08-23T12:00:00+00:00,1,,0
0abc99ac-9f3a-402c-8085-3ab7b72acbd4,d3c830bb-4339-41ed-a636-1c7710ff9825,Compu Science,https://compuscience.com.eg/ar/module/wkstorelocator/storedetails?id_store=4,Web,merchant_website,physical_presence,neutral,"Compuscience operates a dedicated retail store inside Zahran Mall in Smouha, Alexandria, retailing laptops, gaming PCs, computer hardware components, and networking devices.",0.9,strong,,2026-08-23T12:00:00+00:00,1,,0
0fcfc6a7-76cf-41c1-b095-41e1bfdc8f3f,d3c830bb-4339-41ed-a636-1c7710ff9825,Compu Science,https://compuscience.com.eg/en/stores?id_store=3,compuscience.com.eg,official_store_website,physical_presence,neutral,"Official store locator confirming Compu Science branch in E-Zone Mall, Nasr City with direct phone line and full retail showroom operations.",0.95,very_strong,,2026-08-23T16:30:00+00:00,1,,0
9ce6cae5-5fe3-4f8b-9213-2b065446937c,d3c830bb-4339-41ed-a636-1c7710ff9825,Compu Science,https://www.facebook.com/Compuscience.Egypt/photos/%D9%83%D9%85%D8%A8%D9%8A%D9%88%D8%B3%D8%A7%D9%8A%D9%86%D8%B3-%D8%A7%D9%84%D9%85%D9%88%D8%B2%D8%B9-%D8%A7%D9%84%D9%85%D8%B9%D8%AA%D9%85%D8%AF-%D8%A7%D9%84%D8%A3%D9%88%D9%84-%D9%81%D9%89-%D9%85%D8%B5%D8%B1-%D9%84%D9%85%D9%86%D8%AA%D8%AC%D8%A7%D8%AA-%D9%85%D8%A7%D9%8A%D9%83%D8%B1%D9%88%D8%B3%D9%88%D9%81%D8%AA-%D8%A7%D8%AD%D8%B5%D9%84-%D8%B9%D9%84%D9%89-%D8%AE%D8%B5%D9%85-%D8%A7%D9%83%D8%AB%D8%B1-%D9%85%D9%86-1/2424669644225457/,facebook,social_media_post,verified_business_information,positive,"CompuScience publishes credentials as an authorized distributor and partner in Egypt for tier-one technology brands including Microsoft, Lenovo, ASUS, and Sony PlayStation (IBS warranty partner).",0.92,very_strong,,2026-08-24T00:00:00+00:00,1,,0
6e4aa2ef-0052-41e7-b5df-54cbf337e16f,d3c830bb-4339-41ed-a636-1c7710ff9825,Compu Science,https://compuscience.com.eg/en/content/6-refund-and-return-policy,CompuScience Official Return Policy,official_website,verified_business_information,positive,"Formal return and refund terms offering 14-day statutory return, 30-day manufacturing defect return with full price and shipping refund, and counterfeit product full refund guarantee.",0.9,strong,2024-10-05T00:00:00,2026-08-24T12:00:00+00:00,1,,0
61db261b-8276-4338-a066-eaccd8f50d56,804e0ef3-669d-4adb-9573-0f2229b954f2,Compu Science (شركة كمبيو ساينس للكمبيوتر),https://yellowpages.com.eg/ar/profile/%D9%83%D9%85%D8%A8%D9%8A%D9%88-%D8%B3%D8%A7%D9%8A%D9%86%D8%B3/193231,yellowpages.com.eg,directory_listing,physical_presence,neutral,Commercial directory verification confirming Compu Science physical branches and landlines in Souq El Asr Mall and El Sakhawy Mall in Heliopolis.,0.9,strong,,2026-08-24T12:18:00+00:00,1,,0
a794ca53-03e2-41ef-82f5-2c6b6a59d5bb,4dab699a-9d65-4922-a92f-a665cb222b07,Compu Station,https://www.facebook.com/compustation2010/posts/1163141019173346/,facebook,post,physical_presence,positive,Official post announcing renovation of the El Bustan Mall branch and showcasing laptop and PC hardware inventory.,0.85,strong,,2026-08-23T16:00:00+00:00,1,,0
1b9c460a-e265-4e1f-9622-f6af434b5266,31492070-416e-4307-bbbb-4915b262950e,CompuData,https://yellowpages.com.eg/ar/profile/%D9%85%D8%AC%D9%85%D9%88%D8%B9%D8%A9-%D8%A7%D9%84%D8%B1%D9%88%D8%A7%D8%AF/167806,yellowpages.com.eg,business_directory,physical_presence,positive,"CompuData maintains multiple physical branches across Souq El Asr Mall (Shop 103) and El Sakhy Mall (Shop 5B) in Heliopolis, offering official agent warranty coverage and direct component testing before delivery.",0.85,strong,,2026-08-23T20:38:00+00:00,1,,0
e2f42694-74a4-42fe-8b76-33a16c934fe4,93d4fd27-adac-4157-a9a2-c0a0423ecd8e,CompuData Center,https://www.facebook.com/CompuDataCenter/,Facebook,merchant_official_page,verified_business_information,neutral,"CompuData Center announces custom PC hardware components, thermal cooling solutions, and hardware upgrades from El-Sakhawy Mall in Heliopolis.",0.84,strong,2024-06-11T00:00:00+00:00,2026-08-24T13:05:00+00:00,1,,0
1a069f7b-3901-4212-95a1-d9065fa242dd,038a190f-731e-4adf-8b80-723276ce3a3d,CompuData Egypt,https://yellowpages.com.eg/ar/profile/%D9%83%D9%85%D8%A8%D9%8A%D9%88-%D8%AF%D8%A7%D8%AA%D8%A7/42911,web,business_directory,verified_business_information,neutral,"CompuData is an established IT and computer hardware vendor with registered presence in both Souq El-Asr Mall (Shop 103) and Al-Sakhawey Computer Mall in Heliopolis, Cairo.",0.91,strong,2023-08-01T00:00:00+00:00,2026-08-23T12:00:00+00:00,1,,0
ad3aaf20-48a4-4448-836b-b511d63a69b3,c6b896bf-2b1b-4abb-ab37-f44aa2000a6d,CompuTrend,https://dalil140.com,directory,business_directory_listing,physical_presence,neutral,"Commercial directory verification confirms CompuTrend's physical presence and telephone contact in Sphinx Computer Mall, Mohandessin, Giza.",0.8,strong,2026-01-01T00:00:00+00:00,2026-08-24T12:00:00+00:00,1,,0
ed83899a-af4d-4f3e-97a3-c30f3148a6be,534350dd-ec1f-41bc-b430-6ef5277947da,Compumarts,https://compumarts.com/ar/pages/our-stores,Website,store_locator,physical_presence,positive,"Compumarts provides branch directory across Cairo (Nasr City, Boustan Mall, New Cairo), Alexandria (El Deeb Mall Roushdy), and Ismailia with official contact lines and dedicated complaints management.",0.92,very_strong,,2026-08-23T00:00:00+00:00,1,,0
0e31e40b-72f1-4f36-807b-5a303f68d67f,534350dd-ec1f-41bc-b430-6ef5277947da,Compumarts,https://www.compumarts.com/policies/contact-information,web,official_storefront,verified_business_information,neutral,"Official store policy and contact page disclosing trade name Compumarts Egypt, customer service email info@compumarts.com, WhatsApp number 01023214433, and four physical store locations in Cairo (Nasr City and Al-Bustan Mall), Alexandria (Roushdy), and Ismailia.",0.95,very_strong,,2026-08-23T12:00:00+00:00,1,,0
a099e4e8-f966-46ee-81bb-a5614b96b11e,534350dd-ec1f-41bc-b430-6ef5277947da,Compumarts,https://www.compumarts.com/policies/refund-policy,web,official_policy,after_sales_support,positive,Compumarts officially publishes a 30-day refund and exchange policy for defective or damaged PC hardware products with receipt verification.,0.9,strong,,2026-08-23T12:00:00+00:00,1,,0
f34edff2-3183-42b2-b4fd-9eeceadd7659,534350dd-ec1f-41bc-b430-6ef5277947da,Compumarts,https://www.asus.com/eg-en/motherboards-components/cases/prime/asus-prime-ap201-microatx-case/where-to-buy/,asus_official_portal,vendor_registry,verified_business_information,positive,"ASUS Middle East / Egypt lists Compumarts as an authorized official retailer and distributor for PC components, chassis, and motherboards in Egypt.",0.95,very_strong,,2026-08-23T12:00:00+00:00,1,,0
8ac4b5f4-0878-48b9-a369-4fc09879b4f3,534350dd-ec1f-41bc-b430-6ef5277947da,Compumarts,https://www.compumarts.com,official_website,registry+web,verified_business_information,positive,"Compumarts (trading as Souq El-Computer) operates physical hardware branches across Cairo, Alexandria, and Ismailia, disclosing Tax Registration 774-806 and issuing official VAT invoices.",0.9,strong,,2026-08-23T12:00:00+00:00,1,,0
909d784a-dd52-4a77-8ea7-8b645650abc0,534350dd-ec1f-41bc-b430-6ef5277947da,Compumarts,https://www.compumarts.com/pages/about-compumarts-%D8%B3%D9%88%D9%82-%D8%A7%D9%84%D9%83%D9%85%D8%A8%D9%8A%D9%88%D8%AA%D8%B1,web,official_business_page,long_business_history,positive,"Compumarts operates under the commercial trade alias 'شركة سوق الكمبيوتر' with over 20 years in Egyptian retail, maintaining specialized physical branches in Cairo, Alexandria, and Ismailia, selling hardware components and custom gaming PCs.",0.95,very_strong,2023-01-01T00:00:00+00:00,2026-08-23T12:00:00+00:00,1,,0
70aaf821-066c-4400-b0f6-b5406b085d0d,534350dd-ec1f-41bc-b430-6ef5277947da,Compumarts,https://www.compumarts.com/policies/contact-information,web,official_storefront,verified_business_information,neutral,"Official store policy and contact page detailing physical branch locations across Cairo, Alexandria, and Ismailia, primary sales WhatsApp (+201023214433), support lines, and corporate email.",0.95,very_strong,2026-05-16T18:04:13+00:00,2026-08-23T14:30:00+00:00,1,,0
7be0bf83-a871-4483-8a30-e07f835c32b9,534350dd-ec1f-41bc-b430-6ef5277947da,Compumarts,https://www.facebook.com/Compumarts/,facebook,merchant_official_page,verified_business_information,neutral,"Official merchant page for Compumarts detailing branch address at 29 Samir Abdel Raouf St, Nasr City, Cairo, and customer contact numbers 01023214422 / 01023214433.",0.9,strong,2026-01-01T00:00:00+00:00,2026-08-23T15:25:00+00:00,1,,0
687c7879-607d-47b8-9b45-2a85c23da696,534350dd-ec1f-41bc-b430-6ef5277947da,Compumarts,https://www.compumarts.com/policies/contact-information,web,official_storefront,verified_business_information,positive,"Compumarts operates an established branch in Ismailia offering new laptops, PC gaming builds, hardware components, official agent warranties, and tax-invoiced sales.",0.9,strong,2026-01-01T00:00:00+00:00,2026-08-24T12:00:00+00:00,1,,0
47a57be9-ad80-4ea3-a499-db3d960ae8b2,534350dd-ec1f-41bc-b430-6ef5277947da,Compumarts,https://www.compumarts.com/policies/contact-information,web,official_storefront,verified_business_information,positive,"Compumarts provides branch locations in Nasr City, Downtown Cairo (El-Bostan), Alexandria, and Ismailia with dedicated technical support and complaints lines.",0.9,strong,2024-03-22T00:00:00+00:00,2026-08-24T12:55:00+00:00,1,,0
735de8c8-fc5d-4096-a272-de9a29ad1af3,da176493-4372-49c7-a663-8a30d6a5c359,Compume Egypt,https://yellowpages.com.eg/ar/profile/compu-me/156137,yellowpages.com.eg,business_directory,verified_business_information,neutral,"CompuMe Egypt operates retail and online sales for computers, mobile devices, and peripherals, maintaining unified customer hotline 19127 and verified physical presence in Giza and Cairo.",0.85,strong,,2026-08-23T00:00:00+00:00,1,,0
89735aeb-287f-4f06-93e5-2ac66bfd13b4,da176493-4372-49c7-a663-8a30d6a5c359,Compume Egypt,https://compume.com.eg,official_website,registry+web,verified_business_information,neutral,"Official website footer and corporate contact documentation publish Commercial Registration number 7268 and Tax Card number 535-220-200 for Compume Egypt headquarters in Roxy, Heliopolis.",0.95,very_strong,,2026-08-23T12:00:00+00:00,1,,0
f0ce5fad-5ad9-4a60-ba06-8f5f14d2b92f,848f225a-8157-4ba3-8baf-51d191f483ee,Computec Qena (كمبيوتك لتجارة الكمبيوتر واللاب توب),https://www.facebook.com/61560121268605/photos/122227305128337375/,facebook,social_post,product_quality,positive,"Detailed post showcasing imported business laptop stock (HP ZBook, ProBook, Dell Latitude) with specified testing periods and a 3-month warranty against manufacturing defects.",0.85,strong,,2026-08-24T12:45:00+00:00,1,,0
a70bf0a0-2604-4506-87a8-1ff26157c478,baa34b46-3e01-4e80-81fe-acce781760fb,Computek Computer Import Company,https://buy.com.eg/en/directory/%D8%B4%D8%B1%D9%83%D8%A9-%D9%83%D9%85%D8%A8%D9%8A%D9%88%D8%AA%D9%83-%D9%84%D8%A7%D8%B3%D8%AA%D9%8A%D8%B1%D8%A7%D8%AF-%D8%A7%D9%84%D9%83%D9%85%D8%A8%D9%8A%D9%88%D8%AA%D8%B1-kjv70s,web,commercial_directory,verified_business_information,neutral,"Computek Computer Import Company is an electronics and computer hardware merchant in Faisal, Giza, selling imported business laptops, used workstations, and spare components.",0.88,strong,2023-11-20T00:00:00+00:00,2026-08-23T12:00:00+00:00,1,,0
77c43432-5f01-4cb2-8c33-056b7b844c81,62ea11ca-a300-41b3-a695-b5b73082d53c,Computer Delivery,https://www.facebook.com/computerdelivery01094860606/posts/1442214717938372/,Facebook,merchant_post_and_reviews,physical_presence,positive,"Assiut-based store specializing in high-performance imported laptops (HP ZBook, Dell Precision, Intel Core i9/RTX configurations) for engineering, graphics, and video editing, offering warranty and spare parts.",0.88,strong,2024-08-20T12:00:00+00:00,2026-08-23T10:25:00+00:00,1,,0
5193ffcb-b1b0-4b31-9df9-7518e8c42a2c,62ea11ca-a300-41b3-a695-b5b73082d53c,Computer Delivery,https://www.facebook.com/computerdeliveryassiut/,Facebook,merchant_page,physical_presence,positive,"Computer Delivery provides imported laptop hardware, graphics workstations, and accessories from its showroom in the Feryal district of Assiut.",0.86,strong,2025-10-22T00:00:00+00:00,2026-08-24T00:00:00+00:00,1,,0
63a4f4d7-50e1-4ea6-a168-79992f50ae25,62ea11ca-a300-41b3-a695-b5b73082d53c,Computer Delivery,https://www.facebook.com/computerdelivery01094860606/posts/1022177939942054/,facebook,merchant_post,physical_presence,neutral,"Official merchant announcement detailing store location in Feryal district Assiut behind El Agar Tower, offering imported workstations, graphic laptops, and providing direct phone and WhatsApp contact numbers.",0.92,very_strong,2025-08-01T00:00:00+00:00,2026-08-24T00:00:00+00:00,1,,0
914a2ea3-b7f3-4902-9c08-d6977420550d,62ea11ca-a300-41b3-a695-b5b73082d53c,Computer Delivery,https://m.facebook.com/computerdelivery01094860606/photos/980123567480825/,facebook,merchant_official_page,physical_presence,positive,Assiut computer and laptop specialist located in Ferial area providing professional imported business and gaming laptops with on-site inspection and testing warranty before final receipt.,0.88,strong,2026-04-12T16:00:00+00:00,2026-08-24T12:00:00+00:00,1,,0
40190cf5-87f3-41b5-a6d8-cb9b12b8c6f2,aba109bb-ea57-4f7d-be28-7f7ab2323d11,Computer Shop,https://www.facebook.com/ComputerShopStores,facebook,merchant_page,long_business_history,positive,"Established retail chain with verified storefront locations in Dokki (Mohie El Din Abou El Ezz), Mohandessin (Shehab St), and Haram (300 Al Haram St), providing brand-warranted computers, laptops, and peripheral hardware.",0.9,strong,,2026-08-23T14:55:00+00:00,1,,0
e4eee472-068c-4d34-b5dd-e9930d392ba5,0d73d05b-7fb3-4afb-b4ea-c74e2025f8b0,Connect Phone,https://www.facebook.com/ConnectPhoneeg/videos/1066403862772311/,facebook,video_post,product_quality,positive,Merchant video explaining device condition tiers and battery health percentages to explain competitive pricing on pre-owned iPhones.,0.8,strong,,2026-08-23T16:00:00+00:00,1,,0
e0709577-040e-4ecf-b363-5092bf75fd24,b838f458-9db4-405e-96a8-9683db42a1b5,Core 2 Duo,https://www.facebook.com/61550827942243/videos/2260928911059497/,facebook,facebook_video,verified_business_information,neutral,"Official video publication and marketing profile by Core 2 Duo at El Bostan Computer Mall documenting commercial presence on the 10th floor, inventory of imported laptops/workstations/monitors, local warranty terms ('بضمان مؤمن'), and direct contact numbers.",0.9,strong,,2026-08-23T12:00:00+00:00,1,,0
034b4d60-9b61-4b5f-869b-7e85092cffa3,6ed9d0de-5a32-4ec9-9267-630336ce0820,Cyber Tech For Laptop Used,https://www.facebook.com/cybertech95,facebook,social_page,physical_presence,neutral,"Cyber Tech operates two physical stores in Smouha specializing in imported used laptops, hardware upgrades, and maintenance.",0.88,strong,,2026-08-23T12:22:00+00:00,1,,0
9563a679-f69f-4fa2-9075-4adcb4233308,32867b0a-d2ce-49a9-bb3a-04b88fb2f904,Dar El Computer,https://dar-elcomputer.com/ar,web,official_storefront,physical_presence,positive,"Dar El Computer operates two physical stores in Ismailia (Sheikh Zayed commercial street and Hospital street) with an online catalog for graphics cards, CPUs, and PC gaming systems.",0.9,strong,,2026-08-23T12:00:00+00:00,1,,0
9692410e-f437-4d28-8ca9-36b12b9ce7ea,32867b0a-d2ce-49a9-bb3a-04b88fb2f904,Dar El Computer,https://dar-elcomputer.com/blogs/news/%D9%83%D8%B1%D9%88%D8%AA-%D8%B4%D8%A7%D8%B4%D8%A9,web,technical_guide,after_sales_support,positive,"Dar El Computer publishes technical buying guides for Egyptian PC builders regarding RTX GPU selection, power supply sizing, and bottleneck prevention.",0.85,strong,,2026-08-23T12:00:00+00:00,1,,0
86156e1c-bdf7-4671-bca6-45f5ea4ebdf2,32867b0a-d2ce-49a9-bb3a-04b88fb2f904,Dar El Computer,https://www.facebook.com/Daralcomputer.064/photos/1005101518285377/,Facebook,merchant_post,physical_presence,positive,"Dar Al Computer operates multi-branch operations in Ismailia (Sheikh Zayed and Hay El Salam), offering new, open box, and imported laptops, PC workstations, and installment financing.",0.87,strong,2026-01-05T13:00:00+00:00,2026-08-24T12:00:00+00:00,1,,0
99b7388d-d8de-4e74-9450-d7e60718f9f1,af9fd177-7928-43e2-8d1a-80acd8772e9c,Delmar & Attalla Pharmacies,https://www.hoootline.com/2022/06/Seif-pharmacy.html,Hotline Directory Egypt,directory_verification,long_business_history,positive,"Delmar & Attalla Pharmacies is an independent pharmaceutical chain with over a century of operating heritage in Egypt, maintaining distinct management, unified hotline 19955, WhatsApp dispatch 01002199551, and active branch coverage in Mohandessin, Faisal, and Zamalek.",0.9,strong,2022-06-15T00:00:00+00:00,2026-08-23T00:00:00+00:00,1,,0
83a00bac-ff38-4fda-9ae2-8d3db683e8cb,af9fd177-7928-43e2-8d1a-80acd8772e9c,Delmar & Attalla Pharmacies,https://www.facebook.com/DelmarWeAttalla/posts/%D9%85%D9%86-%D8%B3%D9%86%D8%A9-1924-%D9%88%D9%84%D8%B3%D9%87-%D9%85%D9%83%D9%85%D9%84%D9%8A%D9%86-%D9%86%D9%83%D8%AA%D8%A8-%D8%A7%D9%84%D8%AA%D8%A7%D8%B1%D9%8A%D8%AE-%D8%B3%D9%88%D8%A7%D9%83%D8%B1%D9%86%D9%81%D8%A7%D9%84-%D8%A7%D9%84%D8%B1%D8%A8%D9%8A%D8%B9-%D8%A7%D8%A8%D8%AA%D8%AF%D9%89-%D9%81%D9%8A-%D8%A3%D9%82%D8%AF%D9%85-%D8%B5%D9%8A%D8%AF%D9%84%D9%8A%D8%A9-%D9%81%D9%8A-%D9%85%D8%B5/1096700189152074/,Facebook,merchant_social_page,long_business_history,positive,"Established historical pharmacy chain founded in 1924, operating modern multichannel pharmacy services via unified hotline 19955, WhatsApp number 01002199551, and active social media customer query and complaints intake.",0.9,strong,,2026-08-24T00:00:00+00:00,1,,0
3f2c1366-0a4c-41ce-8d33-ab57879d9065,dab9cc64-1e22-4dcd-9461-1b7fc5cc6634,Delta Computer,https://deltacomputerstore.com/,web,official_website,verified_business_information,positive,"Delta Computer offers online and physical store retail of laptops, gaming hardware, and components in Al-Ibrahimiyyah, operating continuously since 1993.",0.92,very_strong,,2026-08-23T12:38:00+00:00,1,,0
59eafc67-7141-4a28-91bb-6b4aa2e310ae,ab13792f-8499-4f6e-b139-17ff7c4ad0a3,Delta Computer,https://dalilimex.com/index.php/ar/services/2018-05-17-17-54-51/86-2018-05-02-16-37-01,Commercial Business Directory,directory_listing,physical_presence,neutral,"Delta Computer maintains retail sales and distribution of computer hardware, gaming components, and laptops in Sphinx Computer Mall, Mohandessin, Giza.",0.88,strong,2025-01-01T00:00:00+00:00,2026-08-24T00:00:00+00:00,1,,0
ac0397e8-1cd9-4558-9ff9-169cb7045422,53f064aa-0133-4986-9fc2-4a765762a1d4,Delta Computer Alexandria,http://www.delta-computer.net,Delta Computer Alexandria,official_store_policy,verified_business_information,positive,"Delta Computer Alexandria operates from Ibrahimiya on Port Said Street, providing PC hardware builds, gaming laptops, and accessories with authorized warranty.",0.85,strong,2024-05-18T00:00:00+00:00,2026-08-24T13:10:00+00:00,1,,0
d6aa370b-3ac6-4905-b2df-b5b3119f5aa0,7f9fc65c-a14c-41b1-ac3b-376236e97b2a,Delta Technology,https://www.facebook.com/groups/mallbostan/posts/1451125943428669/,facebook,community_post,physical_presence,neutral,"Delta Technology operates inside El Bostan Commercial Mall in Downtown Cairo, selling personal computers, laptops, surveillance systems, and PC accessories with direct WhatsApp customer service.",0.85,strong,,2026-08-23T14:55:00+00:00,1,,0
160cf48e-0225-4e0f-b461-9fd78e6777ac,2438f8ac-04d8-4a03-9b30-7ec7fa639fa4,Dr. Mahmoud Rashwan Pharmacy,https://www.facebook.com/mahmoud.rashwan.pharmacy/,Facebook,merchant_social_page,physical_presence,neutral,"Independent community pharmacy in Assiut providing pharmaceutical dispensing, health consultations, and local phone ordering near Assiut Railway Station, maintaining an entity distinct from addresses situated on Mahmoud Rashwan street.",0.85,strong,,2026-08-24T00:00:00+00:00,1,,0
5344f6ef-790b-4495-ae4d-29da0ab0e3f3,7b744b97-a4e6-4eb9-b5aa-8e27e6c7d2ac,Dr. Sameh Mourad Pharmacy,https://samehmouradpharmacy.com/,Standalone Website,official_store,long_business_history,positive,"Dr. Sameh Mourad Pharmacy has been continuously operating in Assiut since 2004, offering pharmaceutical products, dermocosmetics, medical supplies, and an integrated online storefront with delivery in Assiut.",0.92,very_strong,,2026-08-23T14:20:00+00:00,1,,0
69a64139-784e-4e94-bf92-cbc92c19fe3e,c25a5a60-e885-4916-85aa-9618d9097d18,Dream 2000,https://www.facebook.com/dream2000store/photos/1101339205358344/,Facebook,merchant_official_page,verified_business_information,positive,"Public disclosure of official unified tax registration number (298-492-759), customer service hotline (16942), online store (dream2000.com), and nationwide retail branches.",0.94,very_strong,,2026-08-23T00:00:00+00:00,1,,0
f1c7ea6e-689e-4e25-af9e-a815f3edfb0f,c25a5a60-e885-4916-85aa-9618d9097d18,Dream 2000,https://www.reddit.com/r/Egypt/comments/1mv7nib/dream_2000/?tl=en,Reddit,forum_post,physical_presence,positive,"User discussion documenting Dream 2000 as one of the largest retail chains in Egypt with over 110 physical branches, official warranty support, and widespread device availability.",0.87,strong,2024-07-28T15:15:00+00:00,2026-08-23T10:50:00+00:00,1,,0
2fac52b3-bf3b-4e8f-958f-ea595e89e72a,c25a5a60-e885-4916-85aa-9618d9097d18,Dream 2000,https://www.facebook.com/groups/Dont.shop.here/posts/10158506394145338/,facebook,facebook_group_post,refund_issue,negative,"Customer reported purchasing a mobile phone with a defect from Dream 2000, facing initial procedural delays with in-store exchange/refund, leading to a Consumer Protection Agency (CPA) complaint and social media escalation, which eventually culminated in a full refund.",0.85,strong,,2026-08-23T12:00:00+00:00,1,,0
561e2b2b-a9a0-4572-a225-de9201373594,c25a5a60-e885-4916-85aa-9618d9097d18,Dream 2000,https://www.reddit.com/r/Egypt/comments/1mv7nib/dream_2000/,Reddit,reddit_thread,pricing_issue,negative,"Reddit users discussed consumer experiences with Dream 2000, alleging misleading marketing in 'zero-interest' installment promotions where base product prices are raised to cover hidden financing margins, alongside complaints about website stability.",0.85,strong,,2026-08-23T12:00:00+00:00,1,,0
848f86ac-44c3-4439-aa21-5fa3e1f1f8fc,c25a5a60-e885-4916-85aa-9618d9097d18,Dream 2000,https://dream2000.com/pages/about-dream2000,dream2000.com,official_website,long_business_history,positive,دريم 2000 (دريم تليكوم) تأسست في عام 2002 وتوسعت لتضم أكثر من 110 فرع في مختلف المحافظات المصرية لبيع الهواتف الذكية والأجهزة المنزلية والإلكترونيات الاستهلاكية مع توفير الفواتير الضريبية وضمان الوكيل المعتمد.,0.95,very_strong,,2026-08-23T12:00:00+00:00,1,,0
a269121a-15a9-4a8f-9d89-346f59a8743f,c25a5a60-e885-4916-85aa-9618d9097d18,Dream 2000,https://dream2000.com/,dream2000.com,official_website,physical_presence,neutral,"Dream 2000 operates as one of the largest mobile and consumer tech retail chains in Egypt, offering new multi-brand smartphones, laptops, installment systems, and dedicated outlet branches for open-box devices.",0.95,very_strong,2024-01-01T00:00:00+00:00,2026-08-23T15:00:00+00:00,1,,0
ae3f40b1-4bcb-46ca-b48c-fcb54fce690c,c25a5a60-e885-4916-85aa-9618d9097d18,Dream 2000,https://www.reddit.com/r/EgyptTech/comments/1fyliay/%D8%A5%D9%8A%D9%87_%D8%A3%D9%81%D8%B6%D9%84_%D9%85%D8%AD%D9%84_%D9%85%D9%85%D9%83%D9%86_%D8%A3%D8%AC%D9%8A%D8%A8_%D9%85%D9%86%D9%87_iphone/,reddit.com,forum,warranty_issue,negative,"Customer review on Egyptian tech forum warning about ambiguous warranty designations at Dream 2000, where some devices carry local agency warranty while others are sold under merchant/international warranty with pricing differences.",0.85,strong,2024-10-07T14:30:00+00:00,2026-08-23T15:05:00+00:00,1,,0
203ad149-c5f4-455b-88e6-56f321d814e7,c25a5a60-e885-4916-85aa-9618d9097d18,Dream 2000,https://www.facebook.com/groups/Dont.shop.here/posts/10175360907425338/,facebook,group_post,delayed_delivery,negative,Customer complaint reporting delivery handling issues and discrepancies in delivery charges between the online portal and delivery agents.,0.85,strong,,2026-08-23T16:00:00+00:00,1,,0
520d3e4c-d3be-4230-b4da-c356f24f249a,c25a5a60-e885-4916-85aa-9618d9097d18,Dream 2000,https://www.facebook.com/groups/Dont.shop.here/posts/10169654930215338/,facebook,group_post,refund_issue,negative,"Customer discussion regarding exchange and return procedures upon discovering manufacturing defects, noting referral to maintenance centers rather than immediate exchange.",0.85,strong,,2026-08-23T16:00:00+00:00,1,,0
095d17e3-a7f2-4094-957c-060264072cc6,c25a5a60-e885-4916-85aa-9618d9097d18,Dream 2000,https://www.facebook.com/dream2000store/posts/928426859316247/,facebook,post,verified_business_information,positive,Official installment partnership announcement with consumer financing platforms offering 0% down-payment schemes on mobile devices.,0.9,strong,,2026-08-23T16:00:00+00:00,1,,0
e192a9c1-3349-42dd-b036-ffb03f7e2bbf,c25a5a60-e885-4916-85aa-9618d9097d18,Dream 2000,https://www.facebook.com/dream2000store/posts/903712891787644/,facebook,post,physical_presence,positive,Official merchant announcement detailing branch network expansion and customer service hotlines for inquiries.,0.9,strong,,2026-08-23T16:00:00+00:00,1,,0
e1bbc381-202d-4f89-a744-db86fe2c7ad2,c25a5a60-e885-4916-85aa-9618d9097d18,Dream 2000,https://www.facebook.com/dream2000store/photos/%D9%8A%D9%88%D9%85-9-%D8%A7%D8%BA%D8%B3%D8%B7%D8%B3-%D8%B2%D9%88%D8%B1-%D9%81%D8%B1%D8%B9%D9%86%D8%A7-%D8%A7%D9%84%D8%AC%D8%AF%D9%8A%D8%AF-%D9%81%D9%8A-%D8%A8%D9%88%D8%B1%D8%B3%D8%B9%D9%8A%D8%AF-%D9%85%D8%A7-%D8%AA%D9%81%D9%88%D8%AA%D8%B4-%D8%A7%D9%84%D9%81%D8%B1%D8%B5%D8%A9-%D9%88-%D8%A7%D8%B3%D8%AA%D9%85%D8%AA%D8%B9-%D8%A8%D8%A3%D9%82%D9%88%D9%89-%D8%A7%D9%84%D8%AE%D8%B5%D9%88%D9%85%D8%A7%D8%AA-/883629310462669/,facebook,social_media_post,physical_presence,positive,"Dream 2000 announces official expansion with its Port Said retail branch in Style Square Mall on 23rd of July Street, operating with tax registration 298-492-759 and unified hotline 16942.",0.96,very_strong,,2026-08-24T00:00:00+00:00,1,,0
aa6bf5ea-5a09-41d9-b076-1e4efd456566,c25a5a60-e885-4916-85aa-9618d9097d18,Dream 2000,https://dream2000.com/,dream2000.com,official_website,physical_presence,positive,"Major consumer electronics, mobile phone, and tech retailer in Egypt with over 110 branches nationwide, including two prominent retail branches in Tanta (Mall of Tanta and El Bahr Street) with hotline 16942.",0.94,very_strong,2024-02-18T00:00:00+00:00,2026-08-24T12:00:00+00:00,1,,0
b4cff803-6709-4874-8757-4360414b641c,c25a5a60-e885-4916-85aa-9618d9097d18,Dream 2000,https://dream2000.com/,dream2000.com,official_website,verified_business_information,neutral,"Nationwide Egyptian consumer electronics retailer offering genuine smartphones, laptops, smart screens, and consumer financing with authorized agency warranties.",0.88,strong,2025-01-10T00:00:00,2026-08-24T12:00:00+00:00,1,,0
9afd3deb-1389-46e2-b9e9-52a305236c58,c25a5a60-e885-4916-85aa-9618d9097d18,Dream 2000,https://dream2000.com/blogs/%D8%A3%D8%AE%D8%A8%D8%A7%D8%B1-%D8%A7%D9%84%D9%85%D9%88%D8%A8%D8%A7%D9%8A%D9%84%D8%A7%D8%AA/%D8%AA%D9%82%D8%B3%D9%8A%D8%B7-%D9%85%D9%88%D8%A8%D8%A7%D9%8A%D9%84%D8%A7%D8%AA-%D9%85%D8%B9-%D8%AF%D8%B1%D9%8A%D9%85-2000-%D8%A8%D8%A3%D9%81%D8%B6%D9%84-%D8%AE%D8%B7%D8%B7-%D9%84%D9%84%D8%B3%D8%AF%D8%A7%D8%AF,official_store_website,official_corporate_profile,verified_business_information,positive,"Dream 2000 corporate profile detailing operation as an Egyptian joint stock company (Dream Telecom) founded in 2000, operating over 110 physical branches across Egypt, hotline 16942, and official tax registration number 298-492-759.",0.95,very_strong,2024-09-15T00:00:00+00:00,2026-08-24T12:30:00+00:00,1,,0
6847eaa9-9885-45ee-946c-b081aec4bd50,a5097c9c-48ae-46c3-97b7-8786ad6ab9e4,Dream Store,https://www.facebook.com/thedreamstore22/videos/31629167560063654/,facebook,social_media_post,physical_presence,neutral,"Dream Store in Gesr El Suez advertises buying and selling of PlayStation consoles, maintenance services, and gaming subscriptions.",0.85,strong,,2026-08-23T20:34:39.805280+00:00,1,,0
8dd7aa33-8e45-45af-abd6-36b8d297d062,fc638067-985a-490a-8064-94b35b6846f5,Dubai Phone,https://dubaiphone.net,dubaiphone.net,merchant_website,verified_business_information,neutral,"Dubai Phone operates 25+ retail mobile and electronics branches across Egypt, disclosing unified Tax Registration Number 886-929-525 on corporate marketing and retail agreements.",0.9,strong,,2026-08-23T12:00:00+00:00,1,,0
4ce55956-2722-4796-b4ad-cc951dae79d7,fc638067-985a-490a-8064-94b35b6846f5,Dubai Phone,https://www.dubaiphone.net/ar/store-locator,web,official_store_directory,physical_presence,neutral,"Dubai Phone maintains multi-branch retail presence in Cairo and Giza with customer support hotline 15254, official warranty channels, and installment services.",0.95,very_strong,,2026-08-23T14:30:00+00:00,1,,0
4c7fa943-a9f0-4d31-ba02-512fd1745cac,fc638067-985a-490a-8064-94b35b6846f5,Dubai Phone,https://www.dubaiphone.net/store-locator,dubaiphone.net,official_store_website,physical_presence,neutral,"Official store locator confirming physical branches in Cairo (Nasr City, Shubra, Helwan) and authorized retail partner status for mobile brands.",0.95,very_strong,,2026-08-23T16:30:00+00:00,1,,0
e2e24cff-c557-4a36-ad80-55cf5248f60d,fc638067-985a-490a-8064-94b35b6846f5,Dubai Phone,https://dubaiphone.net,dubaiphone.net,merchant_website,warranty_honored,positive,Dubai Phone offers 14-day return and 30-day replacement on unactivated devices along with authorized agent warranty and specialized Dubai Phone Care+ damage protection covering device repairs.,0.88,strong,,2026-08-23T20:38:00+00:00,1,,0
f4e0c654-ff42-4e33-b559-b2fe566fa44f,fc638067-985a-490a-8064-94b35b6846f5,Dubai Phone,https://almalnews.com/2110587/%C2%AB%DA%A4%D8%A7%D9%84%D9%8A%D9%88%C2%BB-%D8%AA%D8%AA%D9%8A%D8%AD-%D8%A7%D9%84%D8%AA%D9%81%D8%B9%D9%8A%D9%84-%D8%A7%D9%84%D8%B1%D9%82%D9%85%D9%8A-%D8%A7%D9%84%D9%83%D8%A7%D9%85%D9%84-%D9%84%D9%84%D8%AD%D8%B3%D8%A7%D8%A8-%D8%B9%D8%A8%D8%B1/,Al Mal News,news+gov,verified_business_information,positive,"Dubai Phone, an electronics and mobile retailer with over 19 years in the market and a network of 22+ branches across Egypt, launched a fully digital account integration and installment checkout with fintech provider valU.",0.95,very_strong,2026-04-27T16:35:00+00:00,2026-08-23T23:35:00+00:00,1,,0
cc1cf703-08e4-40a8-b4e9-624931e78147,fc638067-985a-490a-8064-94b35b6846f5,Dubai Phone,https://dubaiphone.net,dubaiphone.net,merchant_website,verified_business_information,positive,"Dubai Phone is legally incorporated as 'Dubai Telecommunications Co. - Mostafa Salah & Partners', holding Tax Registration number 886-929-525 with hotline 15254 and 25+ retail outlets.",0.94,very_strong,2024-01-01T00:00:00+00:00,2026-08-24T00:00:00+00:00,1,,0
a37e4a20-c512-4238-bd47-3ce20dffc81f,fc638067-985a-490a-8064-94b35b6846f5,Dubai Phone,https://www.egyptwindow.net/article/4876295/,egyptwindow.net,news_article,after_sales_support,negative,"Consumer protection reporting describes customer disputes regarding technical inspection delays, warranty validation hurdles on defective mobile devices, and marketing terms clarity.",0.81,strong,2023-11-20T00:00:00+00:00,2026-08-24T00:00:00+00:00,1,,0
5069915c-57a5-4269-be9b-129895e4fb7e,fc638067-985a-490a-8064-94b35b6846f5,Dubai Phone,https://dubaiphone.net,dubaiphone.net,merchant_website,verified_business_information,neutral,Egyptian smartphone and consumer electronics retailer with nationwide store footprint operating under Egyptian Consumer Protection Law standards and authorized agency warranties.,0.87,strong,2024-11-20T00:00:00,2026-08-24T12:00:00+00:00,1,,0
24e73194-161c-4855-853f-6afc8d8753f1,a305443d-a2ce-422a-99f8-8402bbdf6518,Dubizzle Egypt,https://www.dubizzle.com.eg,web,company_portal,verified_business_information,neutral,"OLX Egypt rebranded to Dubizzle Egypt across web portals, social media channels, and mobile apps, unifying its regional branding under the Dubizzle banner while preserving user listings and account histories.",0.98,very_strong,2023-05-15T00:00:00+00:00,2026-08-23T12:00:00+00:00,1,,0
dfa9e4d4-c04e-441a-a20b-2f2553aa8410,a78b2342-eace-44e7-89a9-8a4d20757a44,Dynamics Distribution (شركة داينامكس للتوزيع - وكيل فيات في مصر),https://cpa.gov.eg/ar-eg/%D8%AA%D8%AD%D8%B0%D9%8A%D8%B1%D8%A7%D8%AA/ArtMID/622/ArticleID/6855/%D8%AA%D9%8F%D8%B9%D9%84%D9%86-%D8%B4%D8%B1%D9%83%D8%A9-%D8%AF%D8%A7%D9%8A%D9%86%D8%A7%D9%85%D9%83%D8%B3-%D8%A8%D8%B5%D9%81%D8%AA%D9%87%D8%A7-%D9%88%D9%83%D9%8A%D9%84-%D9%81%D9%8A%D8%A7%D8%AA-%D9%81%D9%8A-%D9%85%D8%B5%D8%B1-%D8%B9%D9%86-%D8%AD%D9%85%D9%84%D8%A9-%D8%A5%D8%B3%D8%AA%D8%AF%D8%B9%D8%A7%D8%A1-%D8%A8%D8%B9%D8%B6-%D8%B3%D9%8A%D8%A7%D8%B1%D8%A7%D8%AA-%D9%81%D9%8A%D8%A7%D8%AA-%D8%AA%D9%8A%D8%A8%D9%88-%D8%B3%D9%8A%D8%AF%D8%A7%D9%86-%D9%88%D9%87%D8%A7%D8%AA%D8%B4%D8%A8%D8%A7%D9%83-%D9%85%D9%88%D8%AF%D9%8A%D9%84-2021-2022,cpa.gov.eg,official_regulatory_portal,warranty_honored,neutral,Official recall announcement published by the Consumer Protection Agency (CPA) in coordination with Dynamics Distribution as the authorized distributor of Fiat in Egypt. The campaign covers Fiat Tipo Sedan and Hatchback models (2021-2022) for free inspection and software updating of the airbag control unit to ensure compliance with global safety standards without any cost to vehicle owners.,0.95,very_strong,2022-05-15T00:00:00+00:00,2026-08-24T00:00:00+00:00,1,,0
f02d1ffe-74ac-4a7b-a106-55ce9f638d06,ceb4836a-9897-4805-a975-64215ca0d0a2,East Asia Company,https://www.facebook.com/eastasiaeg/photos/714383157390718/,facebook,social_post,physical_presence,positive,"East Asia Company operates an established branch at 1 Adeeb Mohamed Zeitoun Street in Smouha, selling brand laptops with installment financing options.",0.9,strong,,2026-08-23T12:42:00+00:00,1,,0
82bdb2b5-ae53-47cb-9ada-37c574729005,ceb4836a-9897-4805-a975-64215ca0d0a2,East Asia Company,https://www.facebook.com/eastasiaeg/photos/1128467279315635/,facebook,post,physical_presence,positive,Official branch details confirming operations at El Bustan Mall (1st Floor Shop A6A) and hotline 19928 for laptop and PC hardware sales.,0.9,strong,,2026-08-23T16:00:00+00:00,1,,0
9eff2bac-d612-4572-b300-d99bdfec41b1,a26edce9-3071-470d-a5de-6639520170cd,East Asia for Computer Systems,https://www.eastasiaeg.com/our-stores,official_store_website,official_store_directory,physical_presence,positive,"East Asia for Computer Systems operates dedicated retail stores in Sphinx Computer Mall and Compu City Mall in Mohandessin (Giza), offering computers, laptops, monitors, and IT peripherals with unified hotline 19928.",0.93,very_strong,2025-01-01T00:00:00+00:00,2026-08-24T00:00:00+00:00,1,,0
349f104b-c5ec-4bc2-9e13-bb5ee62815ed,e1c2d265-1e7d-4669-9917-4a615450b037,East Asia for Systems and Computers,https://www.eastasiaeg.com/our-stores,official_store_website,official_store_directory,long_business_history,positive,"East Asia for Systems and Computers records operational history since 2000 across the Egyptian IT, laptop, and hardware sector, listing store locations including Sphinx Computer Mall in Mohandessin, Giza, central hotline 19928, and enterprise IT supply solutions.",0.93,very_strong,2024-10-10T00:00:00+00:00,2026-08-24T12:40:00+00:00,1,,0
62b31d92-1142-4706-99a8-af3af316e95e,3ba3224f-c004-48e5-8ea8-6b00b734a69b,Easy Shop Assiut,https://www.facebook.com/EasyShopAssiut/,Facebook,official_page,verified_business_information,positive,"Easy Shop Assiut provides direct consumer installment retail for smartphones, home appliances, and consumer electronics with specified eligibility criteria for residents of 1st and 2nd Assiut districts without bank credit cards.",0.88,strong,2024-02-18T11:00:00+00:00,2026-08-23T14:30:00+00:00,1,,0
3cb9f07f-5230-4be7-9602-2bc12472b1fd,fa6a58e8-b687-45ac-9eee-6837d183fa71,Egy Golden Tech,https://egygoldentech.com/product-category/laptop/,web,official_website,product_quality,positive,"Egy Golden Tech lists new and imported business and gaming laptops with transparent pricing, specifications, and physical pickup in Sidi Bishr.",0.88,strong,,2026-08-23T12:35:00+00:00,1,,0
28569b93-130a-4316-a40a-f995ac437896,195f3e2d-ac81-488e-a2af-faabfa53a5f3,EgyChip,https://egychip.com/contact-us/,merchant_website,official_store_locator,physical_presence,positive,"Official website and company profile confirming physical headquarters in Faisal, Giza, supplying BGA rework stations, diagnostic tools, and IC components for electronics and laptop motherboard technicians.",0.95,very_strong,,2026-08-23T14:38:00+00:00,1,,0
8bdc7f25-21b6-4b64-8cee-fd2b53e79f43,6e5d728a-81fa-4ac6-b162-0dc301cf1f94,EgyGamer,https://www.reddit.com/r/Egypt/comments/fd07h9/any_trusted_pages_to_buy_pc_games_in_egypt/,reddit,forum_thread,repeated_recommendation,positive,"Community recommendation on r/Egypt citing EgyGamer as a trusted local retailer for video games, digital codes, and gaming hardware with local payment integrations like Fawry.",0.85,strong,2020-03-03T00:00:00+00:00,2026-08-23T00:00:00+00:00,1,,0
34dfbcf4-382a-46e0-9700-c572a81c5e03,6e5d728a-81fa-4ac6-b162-0dc301cf1f94,EgyGamer,https://egygamer.com/ar/contact,web,official_website,verified_business_information,positive,"EgyGamer operates physical gaming retail stores and a prominent Egyptian gaming e-commerce platform offering genuine consoles, video games, ValU installments, and warranty support.",0.9,strong,,2026-08-23T14:50:00+00:00,1,,0
544f8a6a-c69f-432b-9c80-a4709d2aea0c,01524f8d-c777-474d-8df3-d725023ad211,Egypt Laptop,https://www.reddit.com/r/EgyptTech/comments/1l5h3et/%D8%AD%D8%AF_%D8%AC%D8%B1%D8%A8_egypt_laptop_%D9%8A%D9%82%D9%88%D9%84%D9%86%D8%A7_%D8%AA%D8%AC%D8%B1%D8%A8%D8%AA%D9%88_%D9%83%D8%A7%D9%86%D8%AA_%D8%B9%D8%A7%D9%85%D9%84%D8%A9_%D8%A7%D8%B2%D8%A7%D9%8A/,Reddit,reddit_thread,pricing_issue,neutral,"Community review of purchasing from Egypt Laptop. Users affirmed it as an established, reputable laptop vendor in the Egyptian market, but noted that pricing can be slightly higher than competitors in Al-Bostan Mall and advised checking stock availability via phone before in-person visits.",0.85,strong,,2026-08-23T12:00:00+00:00,1,,0
0d8eab46-0a02-4adf-a1a2-38f0e19d5d68,01524f8d-c777-474d-8df3-d725023ad211,Egypt Laptop,https://egyptlaptop.com/ar/computers/computer-components/video-card-and-video-devices,web,official_storefront,verified_business_information,positive,"Egypt Laptop operates an extensive retail chain across Cairo, Giza, Alexandria, and Port Said with hotline 15240, listing authorized graphics cards (NVIDIA GeForce RTX from ASUS, MSI, Gigabyte, PNY) and PC hardware components.",0.95,very_strong,,2026-08-23T12:00:00+00:00,1,,0
f245d5a6-ffb2-4805-aff5-449e34e7e9a1,01524f8d-c777-474d-8df3-d725023ad211,Egypt Laptop,https://egyptlaptop.com/ar/installment-request-ar,official_website,registry+web,physical_presence,positive,"Egypt Laptop operates 12+ physical stores and e-commerce across Cairo tech hubs since 2006, requiring formal commercial registration and tax cards for corporate accounts and offering direct retail warranties.",0.9,strong,,2026-08-23T12:00:00+00:00,1,,0
077d84a4-cf90-42ea-b105-9e38953495fa,01524f8d-c777-474d-8df3-d725023ad211,Egypt Laptop,https://egyptlaptop.com/about-us-ar-en,egyptlaptop.com,official_website,long_business_history,positive,إيجيبت لاب توب تأسست عام 2006 وتعمل في مجال بيع أجهزة اللابتوب والكمبيوتر المكتبي وتجهيزات الشبكات للأفراد والشركات مع فروع في تكنولوجي مول والبستان وضمان الوكلاء المعتمدين.,0.95,very_strong,,2026-08-23T12:00:00+00:00,1,,0
76f8fc1c-f0d8-4531-b505-55b270b55cc6,01524f8d-c777-474d-8df3-d725023ad211,Egypt Laptop,https://egyptlaptop.com/stores,merchant_website,official_store_locator,verified_business_information,neutral,"Official store directory detailing Head Office in Nasr City, Cairo, nationwide branch network across Cairo, Giza, Alexandria, and Port Said, unified hotline 15240, landline, and Google Maps location.",0.95,very_strong,2026-08-01T00:00:00+00:00,2026-08-23T14:35:00+00:00,1,,0
381d46b1-db42-489e-b58c-699aff389aff,01524f8d-c777-474d-8df3-d725023ad211,Egypt Laptop,https://www.reddit.com/r/EgyptTech/comments/1l5h3et/,Reddit,community_discussion,after_sales_support,positive,"Community users in r/EgyptTech discuss purchase experiences and warranty routing with Egypt Laptop (operating since 2006), noting that products carry warranties through authorized tier-1 Egyptian distributors (Redington, Raya, Quest, MAS Egypt).",0.86,strong,2024-05-18T18:22:00+00:00,2026-08-23T14:40:00+00:00,1,,0
8b383bf0-de64-49b1-8e84-8c0f29082e6f,01524f8d-c777-474d-8df3-d725023ad211,Egypt Laptop,https://egyptlaptop.com/ar/returns-and-exchanges-ar,egyptlaptop.com,merchant_policy,refund_issued,positive,"EgyptLaptop specifies a 14-day return and exchange policy for defective items and manufacturing faults with direct refund routing to bank account, Vodafone Cash, or cash pickup at head office in El Bostan, Cairo.",0.9,strong,,2026-08-23T20:38:00+00:00,1,,0
0cc80d01-9b7d-4d5f-9a4b-a001fbfaae45,01524f8d-c777-474d-8df3-d725023ad211,Egypt Laptop,https://egyptlaptop.com/ar/branches-ar,web,official_website,verified_business_information,neutral,"EgyptLaptop publishes official directory of retail showrooms across Egyptian governorates, confirming its permanent branch in Port Said (El-Saqr Mall, El-Gomhouria & Ahmed Shawky St) alongside its nationwide hotline 15240.",0.95,very_strong,,2026-08-24T00:00:00+00:00,1,,0
199819b1-2012-441a-a568-16bad274d537,01524f8d-c777-474d-8df3-d725023ad211,Egypt Laptop,https://egyptlaptop.com/about-us-ar-en,egyptlaptop.com,official_website,long_business_history,positive,"Egypt Laptop documents its establishment in 2006 as an authorized reseller of laptops, computer printers, network hardware, and peripherals with showrooms in Technology Mall and Nasr City.",0.88,strong,2024-01-15T00:00:00+00:00,2026-08-24T13:00:00+00:00,1,,0
bc980b68-3c6b-459d-811e-46ad322a0e9c,a760c4b1-d443-410f-acb4-b3091a4778a9,Egypt Techno Trade (إيجيبت تكنوتريد للأنظمة الأمنية والمنازل الذكية),https://etechnotrade.com/%D8%A3%D9%81%D8%B6%D9%84-%D8%B4%D8%B1%D9%83%D8%A7%D8%AA-%D8%A7%D9%83%D8%B3%D8%B3-%D9%83%D9%86%D8%AA%D8%B1%D9%88%D9%84-%D9%81%D9%8A-%D9%85%D8%B5%D8%B1-2026-%D8%A5%D9%8A%D8%AC%D9%8A%D8%A8%D8%AA-%D8%AA/,Website,company_profile,verified_business_information,positive,"Egypt Techno Trade was established in 2013 providing smart home integration (Zigbee, WiFi, Tuya Smart, Alexa, Google Home), biometric smart door locks, and access control engineering in Cairo and across Egypt.",0.88,strong,,2026-08-23T00:00:00+00:00,1,,0
747ad85f-939d-4f3b-8b4d-3dd03d397189,79e5a5fb-13fe-4290-bf60-beb911bcd00e,Egyptian Computer Center (ECC),https://ecc-alex.com/,web,official_website,long_business_history,positive,"Egyptian Computer Center (ECC) is an authorized distributor operating in Alexandria since 1997, offering new brand laptops, components, and authorized agency warranties.",0.95,very_strong,,2026-08-23T12:00:00+00:00,1,,0
a0c4b5a2-bdee-4f80-97e6-20d47e06d37e,79e5a5fb-13fe-4290-bf60-beb911bcd00e,Egyptian Computer Center (ECC),https://www.facebook.com/EgyptianComputerCenter/,Facebook,merchant_page,long_business_history,positive,"Egyptian Computer Center (ECC) documents long-standing commercial retail of laptops, desktops, and hardware in Smouha, Alexandria since establishment in 1997.",0.9,strong,,2026-08-23T12:00:00+00:00,1,,0
cc361328-7f42-44a6-82dd-ee3f55feda6a,79e5a5fb-13fe-4290-bf60-beb911bcd00e,Egyptian Computer Center (ECC),https://www.facebook.com/EgyptianComputerCenter/photos/1138852384953038/,facebook,social_post,verified_business_information,positive,ECC specifies authorized dealer status for brand-new laptops with local agent warranties and consumer installment options across its Alexandria branches.,0.9,strong,,2026-08-23T12:05:00+00:00,1,,0
99935d97-d533-4e51-adca-8a1f3633139b,d1d8313f-331f-4454-8529-f3606465a4c6,Egyptian Tax Authority - Electronic Receipt & Invoice System (منظومة الإيصال والفاتورة الإلكترونية - مصلحة الضرائب المصرية),https://www.eta.gov.eg/ar/ereceipt-inquiry,eta.gov.eg,government_registry,verified_business_information,neutral,إلزام مصلحة الضرائب المصرية لجميع الكيانات الاعتبارية وسلاسل الصيدليات بالانضمام لمنظومة الإيصال الإلكتروني للتعاملات مع المستهلك النهائي (B2C) ومنظومة الفاتورة الإلكترونية للتعاملات التجارية (B2B)، وإتاحة بوابة الاستعلام عن حالة الإلزام بالرقم الضريبي والرمز الكودي QR Code على الإيصالات المطبوعة.,0.98,very_strong,2025-01-01T00:00:00+00:00,2026-08-24T12:00:00+00:00,1,,0
8ec91f2a-4ff4-4e81-8342-a6c7b3ad5c79,60ba4514-2c66-4a13-8334-37b7acd97a36,El Badr Group,https://www.facebook.com/elbadrgroupeg/photos/3299973840269125,Facebook,official_social_post,verified_business_information,positive,"El Badr Group operates major hardware showrooms and maintenance centers in El Bostan Mall (Downtown Cairo) and New Cairo, officially publishing Tax Registration Number 481-616-020.",0.92,very_strong,,2026-08-23T00:00:00+00:00,1,,0
a77ddc58-f0b1-41da-a43f-2ac6352780dc,60ba4514-2c66-4a13-8334-37b7acd97a36,El Badr Group,https://www.facebook.com/elbadrgroupeg/posts/841935734784215/,Facebook,merchant_official_page,verified_business_information,positive,"Official store information with online ordering at elbadrgroupeg.store, retail branches at El Bostan Mall, installment plans via Valu & Contact, and authorized hardware distribution.",0.89,strong,,2026-08-23T00:00:00+00:00,1,,0
59b0d2dd-c187-4d9b-92a5-4df385a0f6bf,60ba4514-2c66-4a13-8334-37b7acd97a36,El Badr Group,https://elbadrgroupeg.store/,web,merchant_official_website,physical_presence,neutral,"El-Badr Group operates a commercial store in Computer Mall at Sphinx Square, Mohandessin, Giza, supplying PC hardware components, processors, motherboards, and gaming builds.",0.9,strong,,2026-08-23T11:30:00+00:00,1,,0
74da8b79-dc2c-4235-be84-b48b18db40fa,60ba4514-2c66-4a13-8334-37b7acd97a36,El Badr Group,https://www.facebook.com/elbadrgroupeg/posts/1300287182282399/,facebook,social_media_post,warranty_honored,positive,El-Badr Group publishes product listings and confirms local official distributor warranty (ضمان الوكيل المحلي) for motherboards and PC assembly components.,0.85,strong,2024-08-10T00:00:00+00:00,2026-08-23T11:32:00+00:00,1,,0
1786a2af-d6ae-479e-876c-94465dade2e9,60ba4514-2c66-4a13-8334-37b7acd97a36,El Badr Group,https://yellowpages.com.eg/en/category/Computer-Hardware/24/p89,Yellow Pages Egypt,business_directory,physical_presence,neutral,"Business directory listing confirms El Badr Group retail store in Victoria Technology Mall on Gamal Abdel Nasser Street, Alexandria, providing computer hardware components and custom PCs.",0.85,strong,,2026-08-23T12:00:00+00:00,1,,0
e95e1e9b-0034-4f5a-8202-1a100c8b106b,60ba4514-2c66-4a13-8334-37b7acd97a36,El Badr Group,https://elbadrgroupeg.store/,web,merchant_official_website,verified_business_information,neutral,"Official store information for El Badr Group specializing in PC hardware, GPUs, and custom gaming PCs with showroom on the 10th floor of El Bostan Mall in Downtown Cairo and a New Cairo branch in 5th Settlement.",0.9,strong,2026-01-01T00:00:00+00:00,2026-08-23T15:15:00+00:00,1,,0
c426bee2-b620-4f77-94b3-cead72ee42d4,60ba4514-2c66-4a13-8334-37b7acd97a36,El Badr Group,https://www.reddit.com/r/Egypt/comments/r7fk2o/where_would_be_the_best_place_to_buy_a_gaming/,Reddit,online_community_forum,repeated_recommendation,positive,Community recommendation identifying El Badr Group in El Bustan Mall as a reliable retail vendor for authentic gaming hardware components and local distributor warranties.,0.85,strong,2021-12-02T00:00:00+00:00,2026-08-23T16:30:00+00:00,1,,0
cba4eae1-1f26-4253-ae9e-19445b006ffd,60ba4514-2c66-4a13-8334-37b7acd97a36,El Badr Group,https://elbadrgroupeg.store/about_us,elbadrgroupeg.store,merchant_website,physical_presence,neutral,"Elbadr Group operates multiple retail and maintenance centers in El Bostan Mall (Downtown Cairo) and New Cairo, offering PC hardware components, pre-built gaming rigs, laptops, and installment financing.",0.85,strong,2024-01-01T00:00:00+00:00,2026-08-23T20:40:00+00:00,1,,0
f473007f-1b1c-4ffc-83d1-9bb8dca7a3d8,60ba4514-2c66-4a13-8334-37b7acd97a36,El Badr Group,https://www.facebook.com/elbadrgroupeg/videos/1231457958993157/,facebook,merchant_announcement,verified_business_information,positive,"El Badr Group official store announcements and online shop elbadrgroupeg.store in El Bustan Computer Mall Downtown Cairo, offering PC hardware, liquid coolers, GPUs, and customer service lines 01096663742 / 01092568844.",0.91,strong,2025-10-05T00:00:00+00:00,2026-08-24T00:00:00+00:00,1,,0
144f5621-825f-41c8-960f-ae3d48abf920,60ba4514-2c66-4a13-8334-37b7acd97a36,El Badr Group,https://www.alborsaanews.com/2025/07/12/1900448,alborsaanews.com,news_article,verified_business_information,neutral,"Egyptian Tax Authority directives highlight compliance requirements for electronics and computer vendors inside commercial centers like El Bostan Mall under the national e-invoicing and e-receipt systems, emphasizing customer rights to official tax invoices for warranty validation.",0.9,strong,2025-07-12T00:00:00+00:00,2026-08-24T12:00:00+00:00,1,,0
38444385-da70-4e73-b5f8-9de34e9cdcc4,60ba4514-2c66-4a13-8334-37b7acd97a36,El Badr Group,https://elbadrgroupeg.store/index.php?route=information/contact,Official Website,official_store_locator,physical_presence,positive,"El Badr Group operates multi-governorate computer hardware branches including Victoria Technology Mall in Alexandria and Al-Bostan Mall in Cairo, offering local agent warranties on PC parts and builds.",0.92,very_strong,2025-08-20T00:00:00+00:00,2026-08-24T12:15:00+00:00,1,,0
37585530-4540-4807-834e-73c4734eb24b,60ba4514-2c66-4a13-8334-37b7acd97a36,El Badr Group,https://www.facebook.com/elbadrgroupeg/posts/220e6569/1255359966775121/,facebook,merchant_official_announcement,product_quality,positive,"El Badr Group provides PC gaming builds and workstation hardware with local authorized agency warranty (ضمان الوكيل المحلي), consumer financing installment options, nationwide shipping, and branch verification in Sphinx Square (Giza) and El Bostan Mall (Cairo).",0.9,strong,2025-03-12T14:30:00+00:00,2026-08-24T12:15:00+00:00,1,,0
263056f7-e521-4d33-a90a-ff6de87e2be7,0b48a556-a449-4ef1-9710-09c677fcd4fc,El Bahaey Home Appliances,https://www.facebook.com/p/ElBahaey-%D8%A7%D9%84%D8%A8%D9%87%D8%A7%D8%A6%D9%8A-%D8%A8%D9%88%D8%B1%D8%B3%D8%B9%D9%8A%D8%AF-61565031026753/,facebook,merchant_profile,long_business_history,positive,"Established in 1984 at the corner of Mohamed Ali and El-Thalatheny streets in Port Said, El Bahaey specializes in home appliances and cookware, operating as a verified single-location merchant issuing official stamped invoices.",0.91,strong,2025-04-18T00:00:00+00:00,2026-08-24T12:00:00+00:00,1,,0
2b066476-3cd1-4707-bd0b-e604a798a66c,a6f1286c-a93d-406f-b1c7-f1871f5550dd,El Batal for Electrical Appliances,https://www.facebook.com/elbatal07,facebook,merchant_page,physical_presence,positive,"Official retail network verifying branch locations in Imbaba (Luxor St and Imam Al-Ghazali St) and Hadayek Al Ahram (Gardenia St), maintaining a dedicated complaints telephone channel.",0.9,strong,,2026-08-23T14:42:00+00:00,1,,0
ed821541-4090-4724-9d21-7dc967953218,339858d5-0701-4024-b471-ab031f5cddcb,El Ekhewa for Telecom (محل الأخوة للإتصالات وصيانة الآيفون),https://www.facebook.com/Ali.Elraf3y/videos/34161926880089255/,Facebook,merchant_video_post,physical_presence,positive,El Ekhewa for Telecom operates a mobile phone store and dedicated hardware repair workshop for Apple iPhones and Samsung devices in Assiut.,0.84,strong,2025-09-14T00:00:00+00:00,2026-08-24T00:00:00+00:00,1,,0
cbb79f7c-ecf4-4447-88f9-c7a01c6c2668,a986684c-8b29-49fd-81c4-945df7d37244,El Ezaby Pharmacy,https://binvestmentsegypt.com/the-sovereign-fund-of-egypt-b-investments-and-el-ezaby-pharmacy-to-break-new-ground-with-ambitious-pharma-venture/,B Investments Egypt,official_corporate_disclosure,verified_business_information,positive,"The Sovereign Fund of Egypt (TSFE) and B Investments entered a strategic partnership with El Ezaby Pharmacy to establish EZ International, providing pharmaceutical logistics, digital tech, and distribution across 250+ existing El Ezaby branches and expanding to over 500 pharmacies nationwide.",0.95,very_strong,2023-05-01T00:00:00+00:00,2026-08-23T00:00:00+00:00,1,,0
43efd928-6433-4717-af1b-910200ab1fb1,a986684c-8b29-49fd-81c4-945df7d37244,El Ezaby Pharmacy,https://play.google.com/store/apps/details?id=com.awfar.elezaby&hl=ar,Google Play Store,app_store_reviews,delayed_delivery,negative,"Customer reports regarding the mobile ordering application highlight delivery delays, incomplete orders, and OTP authentication lags during peak hours, with technical support directing users to hotline 19600 or Ezaby.Complaint@elezabypharmacy.com for follow-up.",0.88,strong,2024-05-15T00:00:00+00:00,2026-08-23T00:00:00+00:00,1,,0
5c86f8e5-ee9e-46fb-8b36-2763e42da4a4,a986684c-8b29-49fd-81c4-945df7d37244,El Ezaby Pharmacy,https://www.facebook.com/elezabypharmacy/photos/869005161920397/,Facebook,merchant_official_page,physical_presence,positive,"El Ezaby Pharmacy officially announced its branch presence in Port Said located at 53 Orabi Street, Four Seasons Tower, operating hotline 19600.",0.95,very_strong,2024-01-15T12:00:00+00:00,2026-08-24T00:00:00+00:00,1,,0
30cc04a6-d6a7-4953-8cf9-ce061b9032da,a986684c-8b29-49fd-81c4-945df7d37244,El Ezaby Pharmacy,https://www.facebook.com/elezabypharmacy/photos/1961132403954110/,Facebook,merchant_official_page,physical_presence,positive,Announcement of El Ezaby branch opening in Al Zohoor district in Port Said opposite the Faculty of Specific Education.,0.95,very_strong,2024-02-10T10:00:00+00:00,2026-08-24T00:00:00+00:00,1,,0
c1d8756f-7cf9-4ea7-8920-d80834e3356e,a986684c-8b29-49fd-81c4-945df7d37244,El Ezaby Pharmacy,https://tsfe.com/pressDetails25.html,The Sovereign Fund of Egypt (TSFE),official_press_release,verified_business_information,positive,"The Sovereign Fund of Egypt (TSFE) and B Investments partnered with El-Ezaby Pharmacy to launch EZ International, establishing an institutional pharmaceutical logistics and pharmacy services platform with TSFE acquiring a 49% stake.",0.98,very_strong,2023-05-08T09:00:00+00:00,2026-08-24T00:00:00+00:00,1,,0
fd73f08e-211b-4e16-af45-f63ce93ea3fb,a986684c-8b29-49fd-81c4-945df7d37244,El Ezaby Pharmacy,https://www.masrawy.com/news/news_egypt/details/2024/3/21/2555984/-%D8%A7%D9%84%D9%87%D8%A7%D9%83%D8%B1%D8%B2-%D8%B7%D9%84%D8%A8%D9%88%D8%A7-5-%D9%85%D9%84%D8%A7%D9%8A%D9%8A%D9%86-%D8%AF%D9%88%D9%84%D8%A7%D8%B1-%D8%AA%D9%81%D8%A7%D8%B5%D9%8A%D9%84-%D8%A7%D8%AE%D8%AA%D8%B1%D8%A7%D9%82-%D8%B5%D9%8A%D8%AF%D9%84%D9%8A%D8%A7%D8%AA-%D8%A7%D9%84%D8%B9%D8%B2%D8%A8%D9%8A-%D8%AE%D8%A7%D8%B5-,Masrawy,investigative_journalism,other,neutral,"Investigative report on the March 2024 LockBit ransomware cyberattack on El Ezaby Pharmacies, disrupting branches electronic systems for 6 days and an extortion attempt demanding 5 million dollars ransom which the company refused to pay.",0.9,strong,2024-03-21T14:30:00+00:00,2026-08-24T00:00:00+00:00,1,,0
cc547893-f1b0-43c3-9065-47246dccf8e1,a986684c-8b29-49fd-81c4-945df7d37244,El Ezaby Pharmacy,https://medical.vatrena.com/guide/El-Ezaby-Pharmacy/15512,Vatrena Medical Guide,business_directory,physical_presence,neutral,"Documented active physical branches of El Ezaby Pharmacy in Assiut Governorate (notably at Mahmoud Rashwan Street in Feryal district and Yousri Ragheb extension), connected to the unified nationwide hotline 19600 and digital support.",0.95,very_strong,,2026-08-24T00:00:00+00:00,1,,0
62d46baf-67b9-4b0d-8539-931fa6dc8b85,a986684c-8b29-49fd-81c4-945df7d37244,El Ezaby Pharmacy,https://almalnews.com/1526485/%D8%B5%D9%8A%D8%AF%D9%84%D9%8A%D8%A7%D8%AA-%D8%A7%D9%84%D8%B9%D8%B2%D8%A8%D9%8A-%D8%A8%D8%B9%D8%AF-%D8%A7%D9%84%D8%B4%D8%B1%D8%A7%D9%83%D8%A9-%D9%85%D8%B9-%D8%A7%D9%84%D8%B5%D9%86%D8%AF%D9%88%D9%82-%D8%A7%D9%84%D8%B3%D9%8A%D8%A7%D8%AF%D9%8A/,Al Mal News (جريدة المال),news_report,verified_business_information,positive,تأسيس شركة 'إي زد إنترناشيونال' (EZ International) بشراكة استثمارية تضم صندوق مصر السيادي للخدمات الصحية والصناعات الدوائية بنسبة 49% وشركة بي إنفستمنتس القابضة مع مجموعة صيدليات العزبي لتقديم خدمات إدارة الصيدليات واللوجستيات وتجارة الأدوية والتوسع بجميع المحافظات.,0.95,very_strong,2023-05-15T00:00:00+00:00,2026-08-24T12:00:00+00:00,1,,0
494b806b-34e1-45c7-a796-9f88a2d9f907,a986684c-8b29-49fd-81c4-945df7d37244,El Ezaby Pharmacy,https://www.facebook.com/elezabypharmacy/photos/%D8%B5%D9%8A%D8%AF%D9%84%D9%8A%D8%A7%D8%AA-%D8%A7%D9%84%D8%B9%D8%B2%D8%A8%D9%8A-%D8%A8%D8%AA%D9%83%D8%A8%D8%B1-%D8%A8%D9%8A%D9%83%D9%85-%D9%81%D8%B1%D8%B9-%D8%AC%D8%AF%D9%8A%D8%AF-%D9%81%D9%8A-%D8%B7%D9%86%D8%B7%D8%A7-%D8%A9-%D8%B9%D9%86%D9%88%D8%A7%D9%86%D9%87%D9%85%D8%AD%D9%84-%D8%B1%D9%82%D9%85-101-%D8%A7%D8%B3%D8%AA%D8%A7%D8%AF-%D8%B7%D9%86%D8%B7%D8%A7-%D8%A7%D9%84%D8%B1%D9%8A%D8%A7%D8%B6%D9%8A-/771334151687499/,Facebook (الصفحة الرسمية لصيدليات العزبي),social_media_post,physical_presence,positive,إعلان رسمي من إدارة صيدليات العزبي عن افتتاح فرع جديد في مدينة طنطا بمحافظة الغربية بموقع محل رقم 101 باستاد طنطا الرياضي بشارع الجيش لتقديم الخدمات الدوائية والتجميلية وخدمة التوصيل عبر الخط الساخن 19600.,0.95,very_strong,2023-09-12T00:00:00+00:00,2026-08-24T12:00:00+00:00,1,,0
05833e78-0277-41b4-928f-5a07289d66c7,667d057b-5bdc-48b1-ac04-10166b17afae,El Fergani Supermarket,https://linktr.ee/elfergany,linktree_official,official_profile,verified_business_information,neutral,"Egyptian supermarket and grocery chain with multi-branch retail presence in Greater Cairo, central ordering hotline 19631, and WhatsApp fulfillment service on 01111819631.",0.91,strong,2024-05-15T00:00:00+00:00,2026-08-24T12:00:00+00:00,1,,0
411d013a-00a2-4b13-b27f-5ffa008ac918,3c1fc649-724b-44f0-939c-5bbc894441ab,El Gendy for Home Appliances (معرض الجندي للأجهزة الكهربائية),https://www.facebook.com/elgendy.D/,Facebook,merchant_page,verified_business_information,neutral,El Gendy showcases domestic appliances and electronics in Damanhour on Abdel Salam El-Shazly street.,0.83,strong,2025-09-01T00:00:00+00:00,2026-08-24T00:00:00+00:00,1,,0
4280690c-fe53-4e7b-8efc-8111f8b5a493,930c6b04-4e8a-4e69-9396-4d214f6bc7fc,El Hamrawy PlayStation Center,https://www.facebook.com/Elhamrawyplaystation/videos/1058263014699291/,facebook,social_media_post,physical_presence,neutral,"El Hamrawy PlayStation Center publishes branch addresses in Zagazig offering sales, servicing, and modifications for PS4 and PS5 consoles.",0.85,strong,,2026-08-23T20:34:39.761513+00:00,1,,0
67f4d8a5-8d54-48c2-8194-56442b1ada2e,57adf8ab-8632-43c6-a014-ced857b17db0,El Hegazy for Computers & Surveillance Systems,https://www.facebook.com/ElhegazyForComputers/,Facebook,official_page,long_business_history,positive,"El Hegazy for Computers documents over 20 years of continuous commercial activity in Assiut, offering desktop and laptop computer sales, custom gaming rigs, CCTV security systems, and hardware repair services.",0.93,very_strong,2024-06-10T15:00:00+00:00,2026-08-23T14:35:00+00:00,1,,0
7a0a290e-4d35-43e1-bc83-47760ba31e3d,5beea53f-4a2b-4a8c-80fe-d8f5c992ae7c,El Joker Computer,https://computerlaptop98.wordpress.com/about/,WordPress Official Portal,official_merchant_portal,physical_presence,neutral,"Commercial storefront in Assiut providing new computer systems, laptop displays, maintenance services, and hardware accessories.",0.8,strong,2024-01-10T10:00:00+00:00,2026-08-23T10:35:00+00:00,1,,0
2f660be4-ee46-485e-a567-ff20fbf7de98,ef5bb1e7-ea3b-4c07-b8d0-5031f9a5646f,El Mahallawy Hypermarket,https://www.facebook.com/elmahallawy.co/posts/1204872391669082/,facebook,official_social_profile,verified_business_information,positive,"Established Egyptian hypermarket chain operating extensive grocery and household consumer goods retail branches in Obour, Mohandessin, Heliopolis, and New Cairo with online fulfillment.",0.9,strong,2024-07-22T00:00:00+00:00,2026-08-24T12:00:00+00:00,1,,0
9928800e-056b-41c4-be23-60c81388277c,e5b820ea-03c6-400a-812f-5f570af5f599,El Malek for Computers / King Computers (الملك للحاسبات - تكنولوجي مول),https://yellowpages.com.eg/ar/profile/%D8%A7%D9%84%D9%85%D9%84%D9%83-%D9%84%D9%84%D8%AD%D8%A7%D8%B3%D8%A8%D8%A7%D8%AA/307110,yellowpages.com.eg,directory_listing,physical_presence,neutral,"Directory registry record verifying the commercial premises and contact lines for El Malek for Computers on the 2nd floor (Shop 205) inside Technology Mall, Nasr City.",0.88,strong,,2026-08-24T12:25:00+00:00,1,,0
d93819d2-eac1-4fe9-bb79-9ccea9fdac75,7b93785c-358a-427c-8866-d3feb939fcb1,El Mohandes Stores,https://www.facebook.com/elmohandsstores/videos/1547588849299517/,facebook,social_media_post,physical_presence,neutral,"El Mohandes Stores publishes its store address off Abbas El Akkad in Nasr City for PlayStation hardware servicing, sales, and game loading.",0.85,strong,,2026-08-23T20:34:39.712060+00:00,1,,0
b11133f4-dcae-4679-a832-bb8ef550b8b5,094fdd3a-682f-487e-8742-e1ceda262a14,El Nekhely Technology,https://www.facebook.com/elnekhelytech/photos/1610137017817363/,Facebook,merchant_official_page,verified_business_information,neutral,"Official contact channels, hotlines (01211114521), physical branch locations in El Bostan Mall and Mohandessin Computer Mall, and direct sales/support avenues for PC hardware and custom builds.",0.9,strong,,2026-08-23T00:00:00+00:00,1,,0
ce5ff297-48a3-44e2-a794-8a97c6faae81,094fdd3a-682f-487e-8742-e1ceda262a14,El Nekhely Technology,https://www.facebook.com/elnekhelytechnology/,facebook,official_page,physical_presence,positive,"El-Nekhely Technology operates established physical hardware and custom gaming PC retail branches in Sphinx Computer Mall (Mohandessin, Giza) and Al-Bostan Mall (Downtown Cairo), supporting consumer installment solutions via ValU, Souhoola, Aman, and commercial banks.",0.9,strong,,2026-08-23T00:00:00+00:00,1,,0
acbc14ad-3061-4a61-8ac8-b3485cfbfa15,094fdd3a-682f-487e-8742-e1ceda262a14,El Nekhely Technology,https://www.facebook.com/elnekhelytech/mentions/,facebook,social_media_reviews,warranty_issue,negative,"Customer public mentions document experiences with after-sales support, technical warranty turnaround times, and strict product return/exchange policies following store purchases.",0.75,strong,,2026-08-23T00:00:00+00:00,1,,0
4fefcdf1-b559-4f5c-96af-fa730123f26a,094fdd3a-682f-487e-8742-e1ceda262a14,El Nekhely Technology,https://www.facebook.com/elnekhelytech/videos/1567173934369030/,facebook,social_media_video,product_quality,positive,"El-Nekhely Technology demonstrates assembly of specialized high-end workstation and gaming rigs (e.g., AMD Threadripper and ASUS Pro WS platforms) at their Sphinx Square Computer Mall branch in Mohandessin.",0.9,strong,2024-05-15T00:00:00+00:00,2026-08-23T11:25:00+00:00,1,,0
1c289a38-cd90-4e3c-9421-40c06e141097,094fdd3a-682f-487e-8742-e1ceda262a14,El Nekhely Technology,https://www.reddit.com/r/Egypt/comments/150yp0h/where_can_i_assemble_a_custom_pc/,Reddit,online_community_forum,repeated_recommendation,positive,Community recommendation identifying El-Nekhely Technology as a reliable destination for custom PC assembly and hardware procurement in Mohandessin.,0.85,strong,2023-07-16T00:00:00+00:00,2026-08-23T11:28:00+00:00,1,,0
2b1a3ff9-2843-43b1-969f-f6b264e0224c,094fdd3a-682f-487e-8742-e1ceda262a14,El Nekhely Technology,https://www.elnekhelytechnology.com,elnekhelytechnology.com,official_website,physical_presence,positive,النخيلي للتكنولوجيا متجر وموزع معتمد لقطع الهاردوير وتجميعات الجيمنج ومحطات العمل في مول البستان وكمبيوتر مول المهندسين مع توفير فواتير ضريبية وضمان محلي رسمي.,0.95,very_strong,,2026-08-23T12:00:00+00:00,1,,0
2e830d83-ed61-4eda-adcb-832256d0b43d,094fdd3a-682f-487e-8742-e1ceda262a14,El Nekhely Technology,https://www.facebook.com/elnekhelytech/,facebook,merchant_official_page,physical_presence,positive,"Official merchant page confirms active branch location at Sphinx Computer Mall in Mohandessin, Giza, offering high-performance gaming PC builds, hardware components, and installment options.",0.95,very_strong,,2026-08-23T14:30:00+00:00,1,,0
2c8139c2-8b72-495a-bb78-e9364f9807cc,094fdd3a-682f-487e-8742-e1ceda262a14,El Nekhely Technology,https://www.facebook.com/elnekhelytech/mentions/,facebook,social_media_reviews,warranty_issue,neutral,"Customer review and discussion regarding post-purchase warranty terms at El-Nekhely Technology, highlighting the policy where immediate store exchange applies within the 14-day statutory period, after which claims are referred to authorized manufacturer warranty agents in Egypt.",0.87,strong,2024-03-20T10:15:00+00:00,2026-08-23T14:38:00+00:00,1,,0
b5dd6309-f332-48be-be3d-b4c3ba654e86,094fdd3a-682f-487e-8742-e1ceda262a14,El Nekhely Technology,https://www.facebook.com/elnekhelytech/,facebook,merchant_official_page,verified_business_information,neutral,"Official page of El Nekhely Technology listing official contact hotline 01211114521, storefronts on 1st and 10th floor of El Bostan Mall in Downtown Cairo and Sphinx Square Mohandeseen, offering PC hardware components, GPU releases, and installment plans.",0.95,very_strong,2026-01-01T00:00:00+00:00,2026-08-23T15:10:00+00:00,1,,0
1707d3c1-4e18-49af-ba63-35493145e0ec,094fdd3a-682f-487e-8742-e1ceda262a14,El Nekhely Technology,https://www.reddit.com/r/Egypt/comments/1719azk/looking_for_a_decentaffordable_vendor_to_build_a/,Reddit,online_community_forum,repeated_recommendation,positive,"Egyptian PC building community discussion recommending El Nekhely Technology at El Bostan Mall for custom desktop builds, highlighting their assembly services and support.",0.85,strong,2023-10-06T00:00:00+00:00,2026-08-23T15:12:00+00:00,1,,0
6f89185b-0ad0-4ec0-97c1-fb76ed1c1b62,094fdd3a-682f-487e-8742-e1ceda262a14,El Nekhely Technology,https://www.reddit.com/r/Egypt/comments/tbkgfv/good_place_to_buy_pc_components_like_casescpuram/,Reddit,online_community_forum,warranty_honored,positive,"Customer discussion highlighting El Nekhely Technology's reliability, professionalism during PC assembly, and adherence to hardware replacement warranties.",0.85,strong,2022-03-11T00:00:00+00:00,2026-08-23T16:30:00+00:00,1,,0
40e49793-a07f-4ada-9206-5ddfaa245f62,094fdd3a-682f-487e-8742-e1ceda262a14,El Nekhely Technology,https://buy.com.eg/en/directory/elnekhely-technology-t0oap7,Buy Egypt Commercial Directory,news_report,product_quality,positive,"Commercial directory verification of Elnekhely Technology's Abdeen / El-Bustan center for PC hardware, gaming component sales, warranty, and after-sales service.",0.85,strong,2024-09-12T00:00:00,2026-08-24T12:00:00+00:00,1,,0
83d7ce40-3109-4214-9572-1c72017caa26,6f8d4ff8-3ec9-4701-83d7-1c10998ce70d,El Nour Tech,https://www.reddit.com/r/EgyptTech/comments/1f2mb65/%D8%A7%D9%86%D9%87%D9%8A_%D9%85%D8%AA%D8%AC%D8%B1_%D9%85%D9%88%D8%AB%D9%88%D9%82_%D9%84%D8%B4%D8%B1%D8%A7%D8%A1_%D8%A7%D9%84%D9%84%D8%A7%D8%A8%D8%A7%D8%AA/,Reddit,reddit_thread,repeated_recommendation,positive,"Community members recommended El-Nour Tech as a reliable merchant for PC hardware and laptops with good customer service, particularly highlighting delivery to Upper Egypt regions and provincial branch accessibility.",0.8,strong,,2026-08-23T12:00:00+00:00,1,,0
d3afe641-4e34-4015-89d7-1b5891b34192,6f8d4ff8-3ec9-4701-83d7-1c10998ce70d,El Nour Tech,https://elnour-tech.com/ar/%D9%85%D9%86-%D9%86%D8%AD%D9%86/,web,official_storefront,long_business_history,positive,"Elnour Tech officially presents its corporate profile operating in Egypt since 2007 (over 19 years of business history), specializing in IT solutions, PC hardware components, professional gaming builds, and authorized local distributor warranties across Hurghada and Qena branches.",0.95,very_strong,2026-05-01T00:03:22+00:00,2026-08-23T12:00:00+00:00,1,,0
a88b664e-9ae2-4175-a30d-abcf1360a6a0,6f8d4ff8-3ec9-4701-83d7-1c10998ce70d,El Nour Tech,https://elnour-tech.com/ar/%D8%B3%D9%8A%D8%A7%D8%B3%D8%A9-%D8%A7%D9%84%D8%B4%D8%AD%D9%86-%D9%88-%D8%A7%D9%84%D8%AA%D9%88%D8%B5%D9%8A%D9%84/,web,official_policy,verified_business_information,neutral,"Elnour Tech sets out its delivery and payment policy across all Egyptian governorates, supporting Cash on Delivery (COD) with advance deposits required on custom gaming builds via registered Vodafone Cash lines or official bank accounts.",0.9,strong,,2026-08-23T12:00:00+00:00,1,,0
4a56d368-de5b-4133-8550-a8cdce970515,6f8d4ff8-3ec9-4701-83d7-1c10998ce70d,El Nour Tech,https://www.facebook.com/ElnourTechEgypt/posts/1476281111192473/,facebook,branch_expansion_announcement,physical_presence,positive,Branch opening announcement and physical location details for Hurghada branch in Blue Water Mall alongside established Upper Egypt headquarters in Qena and contact phone numbers.,0.85,strong,2023-11-20T16:30:00+00:00,2026-08-23T14:42:00+00:00,1,,0
82e67403-fc65-44c2-b5d9-a43d017c00c5,6f8d4ff8-3ec9-4701-83d7-1c10998ce70d,El Nour Tech,https://elnour-tech.com/ar/%D9%85%D9%86-%D9%86%D8%AD%D9%86/,web,official_storefront,long_business_history,positive,"Elnour Tech documents its establishment in 2007, operating for over 19 years in the Egyptian IT and computer market, detailing physical branches in Qena (Midan El Sa'aa and Family Mall) and headquarters in Hurghada.",0.95,very_strong,2026-05-01T00:03:22+00:00,2026-08-24T12:00:00+00:00,1,,0
62880355-9ba4-47a9-960f-492088327349,6f8d4ff8-3ec9-4701-83d7-1c10998ce70d,El Nour Tech,https://www.facebook.com/ElnourTechEgypt/videos/505266981948932/,facebook,social_post,physical_presence,positive,"Video announcement and physical location verification of Elnour Tech opening their branch in Family Mall, Qena.",0.9,strong,,2026-08-24T12:05:00+00:00,1,,0
25f32269-a14d-49e2-be79-4532849ee961,6f8d4ff8-3ec9-4701-83d7-1c10998ce70d,El Nour Tech,https://elnour-tech.com/ar/%D9%85%D9%86-%D9%86%D8%AD%D9%86/,web,official_storefront,verified_business_information,positive,Official profile and branch network description for Elnour Tech confirming regional retail presence in Hurghada and Qena alongside its active Egyptian tech e-commerce platform.,0.9,strong,,2026-08-24T12:15:00+00:00,1,,0
5a1a5c1a-0a1f-45f7-ac68-707a5146cba0,c59f9360-38cf-46cd-bb22-e345a1d200ac,El Rabie Stores (شركة الربيع لأجهزة الألعاب),https://www.facebook.com/m.rabi3.org,facebook,social_page,verified_business_information,positive,"Official merchant profile for El Rabie Stores operating 3 physical branches in Alexandria (Smouha, San Stefano, Miami) offering console retail (PS4, PS5), repair services, and trade-in.",0.95,very_strong,,2026-08-23T12:00:00+00:00,1,,0
bbdc6211-d270-420b-a57f-45d7b4e74daf,c59f9360-38cf-46cd-bb22-e345a1d200ac,El Rabie Stores (شركة الربيع لأجهزة الألعاب),https://www.facebook.com/m.rabi3.org/posts/1484330753698014/,facebook,social_post,physical_presence,positive,"Detailed showcase of the Smouha branch inventory including new and used consoles, controllers, and maintenance services.",0.9,strong,,2026-08-23T12:00:00+00:00,1,,0
24b79ef9-d58a-4591-aa75-9c85318f62bf,55ba068d-c091-4621-a48a-9ce7adcadb09,El Raya Market (Tanta Branch),https://www.hypermarketoffers.com/hypermarket-addresses/%D9%81%D8%B1%D9%88%D8%B9-%D8%B1%D8%A7%D9%8A%D8%A9-%D9%85%D8%A7%D8%B1%D9%83%D8%AA-%D9%85%D8%B5%D8%B1/,hypermarketoffers,directory_listing,physical_presence,neutral,"Documented branch directory for El Raya Supermarket chain in Saeed Street, Tanta, confirming customer order hotline 16508 and WhatsApp line 01003116508.",0.9,strong,2024-03-20T00:00:00+00:00,2026-08-24T12:00:00+00:00,1,,0
a472b8a3-afca-4bdf-99a8-d858ea7a7148,4e81f9b6-97d7-49eb-b0ff-cb3033f425e3,El Sawah Computer,https://www.facebook.com/100063723471071,Facebook,merchant_official_page,physical_presence,positive,"El Sawah Computer operates two physical stores in Mansoura (El-Galaa St and Gehan St), specializing in imported professional workstation laptops (Dell Precision, HP ZBook), hardware upgrades, RAM extensions, and maintenance for engineering students and creators.",0.85,strong,2025-08-14T00:00:00+00:00,2026-08-23T12:00:00+00:00,1,,0
c36427f3-9eb1-44eb-9b69-147deb01abd6,4e81f9b6-97d7-49eb-b0ff-cb3033f425e3,El Sawah Computer,https://www.facebook.com/p/%D8%B4%D8%B1%D9%83%D8%A9-%D8%A7%D9%84%D8%B3%D9%88%D8%A7%D8%AD-%D9%84%D8%AA%D8%AC%D8%A7%D8%B1%D8%A9-%D8%A7%D9%84%D8%AD%D8%A7%D8%B3%D8%A8%D8%A7%D8%AA-100063723471071/,Facebook (Official Business Page),social_media_post,physical_presence,neutral,"Elsawah Computer operates two physical stores in Mansoura (El Galaa St near General Hospital and Gehan St in front of Mansoura University gate) offering imported workstations, laptops, and custom PC builds.",0.88,strong,,2026-08-23T21:03:00+00:00,1,,0
9d61fe9f-f2e1-4696-a375-9a1b00125eec,921a10ae-e2bc-4bfd-8fdf-af2a00de66d8,El Shennawy Mobiles,https://elshennawy.com/,Website,e-commerce_platform,verified_business_information,positive,"Al Shennawy Stores, operating since 1954 across 26 branches centered in Alexandria and Cairo, publicly lists official tax registration number 432-505-989 and central hotline 15474 for sales and customer care.",0.93,very_strong,,2026-08-23T00:00:00+00:00,1,,0
43ba1663-e7fd-42ce-a61c-7fd3efe0bc2f,921a10ae-e2bc-4bfd-8fdf-af2a00de66d8,El Shennawy Mobiles,https://www.reddit.com/r/EgyptTech/comments/1s1nf11/%D9%85%D9%88%D8%A8%D8%A7%D9%8A%D9%84_%D8%AC%D8%AF%D9%8A%D8%AF/,Reddit,forum_post,repeated_recommendation,positive,User recommendation for purchasing authentic smartphones and laptops from El Shennawy with official agent warranties and established physical retail branch network.,0.89,strong,2024-10-05T12:00:00+00:00,2026-08-23T10:40:00+00:00,1,,0
adb3e930-d1f4-42db-9e1f-7aca17824669,921a10ae-e2bc-4bfd-8fdf-af2a00de66d8,El Shennawy Mobiles,https://www.facebook.com/groups/Dont.shop.here/posts/10158974242955338/,facebook,facebook_group_post,product_quality,negative,"Customer review and discussion in Don't Shop Here regarding unsealed packaging, non-original bundled accessories, and disputes over whether post-purchase defective units should be serviced by the merchant directly or by external brand warranty agents.",0.8,strong,,2026-08-23T12:00:00+00:00,1,,0
41a11baf-1bf4-4266-9cf3-d21513ec053d,921a10ae-e2bc-4bfd-8fdf-af2a00de66d8,El Shennawy Mobiles,https://www.facebook.com/ElshennawyMobiles/posts/%D8%A7%D8%A8%D8%AA%D8%B3%D8%A7%D9%85%D8%AA%D9%83%D9%85-%D9%88%D8%B1%D8%B6%D8%A7%D8%A6%D9%83%D9%85-%D8%B9%D9%86-%D8%A7%D9%84%D8%AE%D8%AF%D9%85%D9%87-%D8%A7%D9%87%D9%85-%D8%A7%D9%88%D9%84%D9%88%D9%8A%D8%A7%D8%AA%D9%86%D8%A7-%D9%88%D8%AF%D9%88%D8%B1%D9%86%D8%A7-%D8%A7%D9%84%D8%A7%D8%B3%D8%A7%D8%B3%D9%8A-%D8%B6%D9%85%D8%A7%D9%86-%D8%AC%D9%88%D8%AF%D9%87-%D8%A7%D9%84%D9%85%D9%86%D8%AA%D8%AC-%D8%A7%D9%84%D9%85%D9%82%D8%AF%D9%85/915677737268217/,Facebook,merchant_post,long_business_history,positive,"El Shennawy Mobiles highlights its commercial retail history since 1954 in Alexandria with multi-branch distribution across Mahatet El Raml and Smouha, official warranty provision, and consumer financing.",0.9,strong,2024-03-12T13:40:00+00:00,2026-08-23T12:00:00+00:00,1,,0
752f4284-a5e1-44bf-bb09-a852f787c216,921a10ae-e2bc-4bfd-8fdf-af2a00de66d8,El Shennawy Mobiles,https://shenawystore.com/%D8%B3%D9%8A%D8%A7%D8%B3%D8%A9-%D8%A7%D9%84%D8%A5%D8%B3%D8%AA%D8%A8%D8%AF%D8%A7%D9%84-%D9%88%D8%A7%D9%84%D8%A5%D8%B1%D8%AC%D8%A7%D8%B9/,Web,merchant_website,verified_business_information,neutral,Official replacement and refund policy specifying 30-day return window for technical manufacturing defects and 14-day return window for unopened merchandise.,0.9,strong,,2026-08-23T12:00:00+00:00,1,,0
066a892f-4871-42bf-b6e6-c47c0224b05e,921a10ae-e2bc-4bfd-8fdf-af2a00de66d8,El Shennawy Mobiles,https://www.elshennawy.com/index.php?route=information/contact,elshennawy.com,official_website,long_business_history,positive,"El Shennawy documents its commercial standing established in 1954 as a historic retailer of electronics, consumer technology, mobile phones, laptops, and photographic equipment across Alexandria and Cairo.",0.95,very_strong,2024-01-01T00:00:00+00:00,2026-08-23T15:15:00+00:00,1,,0
65db4047-af16-4618-beef-f7b0c653486c,921a10ae-e2bc-4bfd-8fdf-af2a00de66d8,El Shennawy Mobiles,https://www.facebook.com/groups/Dont.shop.here/posts/10161319389315338/,facebook.com,social_group,after_sales_support,neutral,"Customer discussion on Egyptian consumer review forum about retailer responsibility versus brand agency warranty after purchasing a phone with a manufacturing defect, advising buyers to retain tax invoices and refer to the Consumer Protection Agency (19588).",0.8,strong,2023-08-20T11:45:00+00:00,2026-08-23T15:20:00+00:00,1,,0
eb3d43bd-a14a-4256-a069-3b374fdb8e48,921a10ae-e2bc-4bfd-8fdf-af2a00de66d8,El Shennawy Mobiles,https://elshennawy.com/,Website,e-commerce_platform,verified_business_information,positive,"Elshennawy Stores operates a network of 26 branches across Alexandria, Cairo and regional hubs, established since 1954, declaring Tax Registration number 432-505-989.",0.93,very_strong,2024-01-01T00:00:00+00:00,2026-08-24T00:00:00+00:00,1,,0
cdb9e535-ca37-47f7-b8e1-d2b9e0fed44c,921a10ae-e2bc-4bfd-8fdf-af2a00de66d8,El Shennawy Mobiles,https://www.elshennawy.com/branches,official_website,official_store_locator,physical_presence,neutral,"Established mobile phone and consumer electronics store with official retail branch on Taha El Hakim Street in Tanta, dedicated local phone lines, and nationwide hotline 15474.",0.93,very_strong,2024-03-01T00:00:00+00:00,2026-08-24T12:00:00+00:00,1,,0
b3e95aa2-7869-449f-a6cf-4fd75263024e,921a10ae-e2bc-4bfd-8fdf-af2a00de66d8,El Shennawy Mobiles,https://elshennawy.com/,Website,e-commerce_platform,verified_business_information,neutral,"Long-established electronics and smartphone merchant network founded in Alexandria with branch presence in Cairo, adhering to official agency warranties and CPA dispute protocols.",0.86,strong,2024-03-25T00:00:00,2026-08-24T12:00:00+00:00,1,,0
a8a52f32-87ef-4f0d-b7cf-1bed01a3f4ef,ec2002c6-ced3-4c65-aa57-21eae0ea9f23,El Tarshouby Pharmacies,https://www.facebook.com/eltarshoubi/posts/692695623257347/,Facebook,official_page,long_business_history,positive,"El Tarshouby Pharmacies documents its continuous operation in the Egyptian pharmaceutical retail sector since 1957, providing official customer complaint channels alongside compliance with the Egyptian Drug Authority (EDA) complaint hotline (15301).",0.95,very_strong,2024-01-15T09:30:00+00:00,2026-08-23T14:22:00+00:00,1,,0
e0f220cd-1aeb-453c-b2ad-8616c3140e91,283ed815-1b8e-4b22-888f-f0bdf317db1a,El-Menshawy Markets,https://www.facebook.com/ElmenshawyMarkets,Facebook,social_media_profile,long_business_history,positive,"Historical commercial establishment founded in 1976 managing multiple supermarket retail outlets across Hassan Radwan, Al-Galaa, and Al-Corniche in Tanta.",0.9,strong,,2026-08-23T00:00:00,1,,0
1a610f4a-fd81-41d4-bcba-9fe855042635,46aac086-aa29-461a-af80-8f9d64433538,El-Moassasa El-Faransia,https://www.reddit.com/r/EgyptTech/comments/1f2mb65/%D8%A7%D9%86%D9%87%D9%8A_%D9%85%D8%AA%D8%AC%D8%B1_%D9%85%D9%88%D8%AB%D9%88%D9%82_%D9%84%D8%B4%D8%B1%D8%A7%D8%A1_%D8%A7%D9%84%D9%84%D8%A7%D8%A8%D8%A7%D8%AA/,Reddit,reddit_thread,repeated_recommendation,positive,Community recommendation in r/EgyptTech for reputable laptop stores. El-Moassasa El-Faransia (Alfrensia) was highlighted as a respected firm with excellent customer service located in Technology Mall.,0.8,strong,,2026-08-23T12:00:00+00:00,1,,0
5c0063bb-7321-4bec-a97d-7340f71173f9,e88b4941-a2d5-4130-9e44-eb3c16edb796,ElBasha Store,https://www.facebook.com/people/Elbasha-store-الباشا-لخدمات-المحمول/100063715873738/,facebook,merchant_page_about,physical_presence,neutral,"Official store information providing physical storefront location on Mansour Street in Helwan next to the telephone exchange, contact phone, and WhatsApp customer service line for mobile devices.",0.85,strong,2023-04-18T10:00:00+00:00,2026-08-23T14:52:00+00:00,1,,0
c836fb79-53ed-488d-a5ea-fb92a79eb26a,00450860-3c15-4508-bbbe-f3d0871094cf,Elaraby Group,https://www.elarabygroup.com,Merchant Website,official_corporate_page,verified_business_information,positive,"Unified tax card registration (352-410-094), corporate retail and authorized distributor network for Toshiba, Sharp, Tornado, and Sony, backed by national warranty and service hotline 19319.",0.96,very_strong,,2026-08-23T00:00:00+00:00,1,,0
abcc79c3-318a-42e3-bbc7-5d95fac18d89,00450860-3c15-4508-bbbe-f3d0871094cf,Elaraby Group,https://www.facebook.com/elarabygroup/photos/1404984664987800/,facebook,official_social_page,verified_business_information,positive,Elaraby Group officially discloses Tax Registration Number 352410094 on verified public announcements and product compliance notices for its Egyptian electronics and home appliances commercial operations.,0.95,very_strong,,2026-08-23T12:00:00+00:00,1,,0
62e774c5-a641-478a-9d5c-bcfac0b8f0cf,00450860-3c15-4508-bbbe-f3d0871094cf,Elaraby Group,https://maintenance.elarabygroup.com/syanas/create,elarabygroup.com,official_store_portal,after_sales_support,positive,"Elaraby Group operates dedicated centralized maintenance ticketing (19319 hotline, WhatsApp 01101019319, online portal) and online warranty registration with on-site technician repair and replacement for warranty-covered appliances (Toshiba, Sharp, Tornado).",0.95,very_strong,,2026-08-23T20:38:00+00:00,1,,0
66c9ede2-46cd-4bd3-bf8d-fd72b166d6db,00450860-3c15-4508-bbbe-f3d0871094cf,Elaraby Group,https://www.elarabygroup.com/ar/locations,Merchant Website,official_store_locator,after_sales_support,positive,"El Araby Group maintains an extensive network of authorized showrooms and certified customer maintenance centers across Giza (Dokki, Faisal, 6th of October), supported by 24/7 maintenance hotline 19319 and online ticketing.",0.96,very_strong,2025-01-01T00:00:00+00:00,2026-08-24T00:00:00+00:00,1,,0
453fc27a-e189-4a8b-bc0f-bec0ff6ef548,00450860-3c15-4508-bbbe-f3d0871094cf,Elaraby Group,https://www.facebook.com/elarabygroup/posts/1062542745898662/,facebook,official_announcement,after_sales_support,positive,"El Araby Group publishes terms of maintenance for Toshiba, Sharp, and Tornado products in Egypt, confirming no inspection or visitation fee during warranty periods and charging only genuine spare parts costs after warranty expiration.",0.95,very_strong,2024-05-10T00:00:00+00:00,2026-08-24T12:00:00+00:00,1,,0
45dc0bb3-ead2-42be-9cad-4fd9b8b6bc54,00450860-3c15-4508-bbbe-f3d0871094cf,Elaraby Group,https://maintenance.elarabygroup.com,corporate_website,official_portal,after_sales_support,positive,"Elaraby Group operates a centralized, verified maintenance booking and customer support infrastructure across Egyptian governorates including Port Said via unified hotline 19319 and official WhatsApp channel, adhering to Egyptian Consumer Protection Law No. 181/2018 requirements.",0.95,very_strong,2026-01-01T00:00:00+00:00,2026-08-24T12:00:00+00:00,1,,0
0077c02a-bfea-4fa4-ad1f-32ceec27398b,c785ca34-2d55-48fa-8fd0-ff50c612ff5a,Electra Store,https://www.facebook.com/electra.electronics/posts/-%D9%85%D8%AA%D8%AA%D9%88%D9%87%D8%B4-%D8%AA%D8%A7%D9%86%D9%8A-%D8%A5%D8%AD%D9%86%D8%A7-%D9%85%D8%AA%D9%88%D8%A7%D8%AC%D8%AF%D9%8A%D9%86-%D9%81%D9%8A-%D8%A7%D9%84%D8%A5%D8%B3%D9%83%D9%86%D8%AF%D8%B1%D9%8A%D8%A9-47-%D8%B4%D8%A7%D8%B1%D8%B9-%D8%A7%D9%84%D9%85%D9%83%D8%AA%D8%A8%D8%A7%D8%AA-%D8%A8%D8%AC%D9%88%D8%A7%D8%B1-%D8%A8%D9%88%D8%A7%D8%A8%D8%A9-%D9%83%D9%84%D9%8A%D8%A9-%D9%87%D9%86%D8%AF%D8%B3%D8%A9/1167884418687983/,Facebook,merchant_post,physical_presence,positive,"Electra Store publishes exact physical store location and operational details in Camp Caesar near the Faculty of Engineering gate in Alexandria, supplying electronic components, Arduino, and sensors.",0.95,very_strong,2024-05-10T10:00:00+00:00,2026-08-23T12:00:00+00:00,1,,0
b28f7b05-038b-4e78-a7c9-eec14018bdcb,c785ca34-2d55-48fa-8fd0-ff50c612ff5a,Electra Store,https://electra.store/about-us,Web,merchant_website,long_business_history,neutral,Official Electra Store website documents business operations since 2007 serving educational and industrial electronics markets across Egypt.,0.9,strong,,2026-08-23T12:00:00+00:00,1,,0
e39eb7da-f7df-49c9-a227-0492583ac33f,29ef2286-59f0-4b6f-b2ed-c39406a38c92,Electro Bom,https://www.electrobom.com/pages/about,Web,merchant_website,verified_business_information,neutral,"Electro Bom details its commercial operations in Alexandria, selling discrete electronic components, ICs, audio chips, modules, and educational DIY electronics kits.",0.9,strong,,2026-08-23T12:00:00+00:00,1,,0
3214be6e-319c-4643-a73d-9c1d2705d8ca,5c9781bf-b48a-4e6f-9c11-91c3da33a6a9,Electrolux Egypt,https://www.youm7.com/story/2016/6/13/%D8%A5%D9%84%D9%8A%D9%83%D8%AA%D8%B1%D9%88%D9%84%D9%83%D8%B3-%D8%AA%D8%B4%D9%8A%D8%AF-%D8%A8%D8%AC%D9%87%D9%88%D8%AF-%D8%AC%D9%87%D8%A7%D8%B2-%D8%AD%D9%85%D8%A7%D9%8A%D8%A9-%D8%A7%D9%84%D9%85%D8%B3%D8%AA%D9%87%D9%84%D9%83-%D9%81%D9%89-%D9%85%D8%B7%D8%A7%D8%B1%D8%AF%D8%A9-%D9%85%D8%B1%D8%A7%D9%83%D8%B2-%D8%A7%D9%84%D8%B5%D9%8A%D8%A7%D9%86%D8%A9/2760166,Youm7,news+gov,verified_business_information,positive,"Electrolux Egypt, the owner of Zanussi, Ideal, and Olympic Electric brands operating 4 factories in Egypt, officially confirmed its authorized service channels (unified number 19999) and its collaborative enforcement with the CPA and Economic Court against unauthorized maintenance entities.",0.95,very_strong,2016-06-13T15:42:25+00:00,2026-08-23T23:35:00+00:00,1,,0
e3fbc4b8-4560-44b4-a8c7-43051880d4e3,0c785e3e-c682-4ad6-9847-7eaca19c6721,Electrostar for Engineering Industries,https://electrostar.com.eg/contact-us/,official_website,registry+web,verified_business_information,neutral,Electrostar for Engineering Industries operates with commercial registration number 104 in 6th of October and Tax Card 212-261-525 with corporate headquarters in Zahraa El-Maadi.,0.9,strong,,2026-08-23T12:00:00+00:00,1,,0
00196820-36f0-4702-bad0-f04b5e4d8f20,815ab80c-0216-479b-b368-34cf0818469a,Elghazawy Group,https://elghazawy.com/ar/page/about-us,official_website,registry+web,long_business_history,positive,"Elghazawy Group documents continuous trading history since 1950 in Sharqia governorate, operating multi-floor department stores and e-commerce with published Tax Card Number 266-952-526.",0.95,very_strong,,2026-08-23T12:00:00+00:00,1,,0
f3326516-135d-45e5-be40-449307c186fe,815ab80c-0216-479b-b368-34cf0818469a,Elghazawy Group,https://www.facebook.com/ElGhazawyZagazig/videos/4234971256832385/,Facebook / Official Web,merchant_video_and_ecommerce_catalog,verified_business_information,positive,"ElGhazawy Group operates major home appliance and consumer electronic showrooms across Zagazig, operating official warranty distributor relationships and dedicated maintenance / spare parts sections on Al-Makateb Street.",0.92,very_strong,2025-09-20T00:00:00+00:00,2026-08-24T00:00:00+00:00,1,,0
46b85178-c141-436a-b241-edb4ed735064,59462b0a-850f-4cf2-9750-76f3b08e3ab9,Elhadidy Laptop,https://www.facebook.com/100064052257235/posts/1293036129508117/,facebook.com,merchant_page,physical_presence,neutral,"Elhadidy Laptop operates a retail and maintenance shop in Port Said (Al Manakh district), providing imported and new laptops, hardware accessories, spare parts, and installment financing solutions.",0.85,strong,2024-05-15T00:00:00+00:00,2026-08-23T20:34:00+00:00,1,,0
9e74ed33-f194-4016-86b9-3968adbf7103,59462b0a-850f-4cf2-9750-76f3b08e3ab9,Elhadidy Laptop,https://www.facebook.com/elhadidylaptop/posts/1746322000836030/,Facebook,merchant_post,physical_presence,positive,"Elhadidy Laptop in Port Said advertises physical showroom presence, imported enterprise and gaming laptops with warranty, maintenance support, and pre-purchase inspection upon shipping across Egyptian governorates.",0.85,strong,2026-01-15T10:00:00+00:00,2026-08-24T12:00:00+00:00,1,,0
696de506-5eb8-4c5e-9197-186028d9f954,59462b0a-850f-4cf2-9750-76f3b08e3ab9,Elhadidy Laptop,https://www.facebook.com/100064052257235/posts/1293036129508117/,facebook.com,merchant_page,product_quality,positive,"Al-Hadidi operates a specialized retail and spare parts center on El-Baladeya St in Al-Manakh, Port Said, providing genuine appliance replacement components and repair services.",0.89,strong,2025-11-12T00:00:00+00:00,2026-08-24T12:00:00+00:00,1,,0
a0a8ad89-ef91-4463-a2f4-0700d668a685,59462b0a-850f-4cf2-9750-76f3b08e3ab9,Elhadidy Laptop,https://www.facebook.com/100064052257235/posts/%D9%84%D9%88-%D8%A8%D8%AA%D8%AF%D9%88%D8%B1-%D8%B9%D9%84%D9%89-%D8%A3%D8%B5%D9%84%D9%8A-%D9%88%D8%B9%D8%A7%D9%8A%D8%B2-%D8%AE%D8%A7%D9%85%D8%A9-%D8%AA%D8%B9%D9%8A%D8%B4-%D9%85%D8%B9%D8%A7%D9%83-%D8%B3%D9%86%D9%8A%D9%86%D9%8A%D8%A8%D9%82%D9%89-%D9%85%D9%82%D8%B5%D8%AF%D9%83-%D9%88%D8%A7%D8%AD%D8%AF-%D8%A7%D9%84%D8%AD%D8%AF%D9%8A%D8%AF%D9%89-%D9%83%D9%84-%D9%85%D8%A7-%D9%8A%D8%AE%D8%B5-%D8%A7%D9%84%D8%A3/1293036129508117/,Facebook,merchant_post,product_quality,positive,الحديدي للأجهزة المنزلية وقطع الغيار ببورسعيد يعرض قطع الغيار الأصلية والأجهزة المنزلية مع خدمات الصيانة لمختلف الأجهزة المستوردة والمحلية.,0.85,strong,2024-11-20T14:30:00+00:00,2026-08-24T18:10:00+00:00,1,,0
5a6dc995-9c58-45ff-8572-8369ba4b33de,6dce3acb-166f-4948-8aaa-630ffa1e08fa,Ellota Store,https://www.facebook.com/ELLOTA.STORE/,facebook,merchant_page,verified_business_information,positive,"Ellota Store operates an active smartphone, iPhone, and digital electronics store inside El-Nawras Tourist Village on Tarh El-Bahr St in Port Said.",0.88,strong,2025-12-05T00:00:00+00:00,2026-08-24T12:00:00+00:00,1,,0
9cf6685b-d09c-4c09-967b-3502dcdc8c35,fb483657-5f62-4721-aa55-0946e24d8f72,Elsalam Market,https://www.facebook.com/elsalam.market.eg/,Facebook,social_media_profile,physical_presence,neutral,"Verified physical presence and branch network of Elsalam Market operating across three major hubs in Tanta (Al-Nady, Al-Motawakel, and Mohamed Farid).",0.9,strong,,2026-08-23T00:00:00,1,,0
a9375d16-136f-48a3-82ab-06199f2421ce,7c3b829c-a2d6-4352-bc6a-b5f06b71085a,Eltourky Stores,https://www.facebook.com/EltourkyStores,Facebook,merchant_social_page,physical_presence,neutral,"Independent consumer technology and smartphone retail merchant in Assiut operating two physical stores on Al-Gomhoureya St and Yousri Ragheb St, actively advertising retail phones, accessories, and customer support via dedicated phone/WhatsApp 01098022222.",0.88,strong,,2026-08-24T00:00:00+00:00,1,,0
91b7b36e-9dc8-428d-b07c-7149a6c25347,01eed418-8b3f-479c-a505-0ee831998076,Enter Computer,https://www.enter-computer.com,Merchant Website,official_store_page,physical_presence,positive,"Enter Computer operates a specialized computer, laptop, software maintenance, and laser engraving store located at 4 Al Adeeb Mohamed Zaytoun St, Mobile & Computer Market Mall in Smouha, Alexandria.",0.95,very_strong,,2026-08-23T00:00:00+00:00,1,,0
404fda8c-6913-4447-b382-005604bd1118,01eed418-8b3f-479c-a505-0ee831998076,Enter Computer,http://www.enter-computer.com,web,official_website,verified_business_information,positive,"Enter Computer maintains dedicated e-commerce and retail operations in Smouha, offering imported laptops, Arabic keyboard laser engraving, and warranty coverage.",0.9,strong,,2026-08-23T12:25:00+00:00,1,,0
e081a359-4000-433c-ade4-ce4138c5795b,990258c8-52f0-4f26-8e7b-fc0d266d2378,Ezzat Gad Store,https://www.facebook.com/EzzatGadStore,facebook,social_page,verified_business_information,neutral,"Ezzat Gad Store in Smouha, Alexandria sells imported Dell, HP, and Lenovo business laptops and provides technical support and spare parts.",0.85,strong,,2026-08-23T12:00:00+00:00,1,,0
e78c2fe8-6e1b-4990-a68a-7fc7ca2d421f,990258c8-52f0-4f26-8e7b-fc0d266d2378,Ezzat Gad Store,https://www.facebook.com/EzzatGadStore,facebook,social_page,after_sales_support,positive,"Ezzat Gad Store specializes in complex laptop motherboard repairs, hardware maintenance, and component diagnostics in Smouha.",0.85,strong,,2026-08-23T12:32:00+00:00,1,,0
d14971f3-6ba5-4612-a6ef-8241a5dc2a8a,e49ed811-e1f7-4e55-a65b-013edf377541,Fast Cool for Air Conditioning,https://www.facebook.com/portsaidface2/videos/943530425240352/,facebook,business_announcement_video,physical_presence,positive,"Fast Cool expanded its multi-branch authorized distribution and service network for Carrier and Midea air conditioning systems in Port Said with branches in Ard El-Azab, Tarh El-Bahr, and Taaweniyat El-Zohoor.",0.9,strong,2026-04-10T00:00:00+00:00,2026-08-24T12:00:00+00:00,1,,0
25b60b72-2c86-437f-9c86-ae89d7e8241e,cdbc1046-a283-4207-8519-6829b2d8a451,Fathalla Gomla Market,https://food.vatrena.com/guide/Fathallah-Market/20942,Commercial Business Directory,business_directory_listing,verified_business_information,neutral,Commercial directory verification and branch contact data for Fathalla Gomla Market's operations in Tanta at Saeed Street and Outlet City Mall.,0.88,strong,,2026-08-23T00:00:00,1,,0
7e13fa8f-5fcc-493c-a1ec-b75476564033,842ad9fe-ecfc-46f4-b065-e945fb3aaa3d,Fathalla Gomla Market,https://hotlines.tel/sps/2154,hotlines.tel,commercial_directory,verified_business_information,neutral,"Fathalla Gomla Market (Mossaad Fathalla & Brothers) operates high-volume retail and wholesale supermarket branches in Cairo, Giza, and Alexandria. Verified customer service hotline 15260 and corporate email info@gomlamarket.com handle customer claims, delivery, and pricing inquiries.",0.9,strong,2025-04-20T00:00:00+00:00,2026-08-23T11:45:00+00:00,1,,0
9a91e65a-7320-4000-a3b4-6edfdfc6704c,842ad9fe-ecfc-46f4-b065-e945fb3aaa3d,Fathalla Gomla Market,https://gomlamarket.com/contact-us,gomlamarket.com,official_storefront,verified_business_information,positive,"Fathalla Gomla Market provides its official unified hotline 15260 and corporate email info@gomlamarket.com for customer inquiries, branch complaints, and delivery orders across its retail and wholesale supermarket network.",0.95,very_strong,,2026-08-24T00:00:00+00:00,1,,0
bba3c6b0-4eb2-45cd-8eb3-6bb6664abdda,842ad9fe-ecfc-46f4-b065-e945fb3aaa3d,Fathalla Gomla Market,https://cpa.gov.eg/ar-eg/%D9%83%D9%8A%D9%81-%D8%AA%D8%AA%D9%82%D8%AF%D9%85-%D8%A8%D8%B4%D9%83%D9%88%D9%89,cpa.gov.eg,consumer_advocate,complaint_unresolved,neutral,"Consumer Protection Agency guidance instructs consumers on filing formal complaints against retail and wholesale market operators when branch management fails to resolve billing errors, delivery delays, or exchange requests, mandating submission of purchase invoices.",0.9,strong,,2026-08-24T00:00:00+00:00,1,,0
b4b43ab4-2ce1-4cee-ac2c-afca005698d4,842ad9fe-ecfc-46f4-b065-e945fb3aaa3d,Fathalla Gomla Market,https://gomlamarket.com/about-us,merchant_website,official_corporate_profile,verified_business_information,positive,"Official identification of Fathalla Gomla Market corporate structure (S.A.E.), unified hotline 15260, official contact channels, and regulatory coordination with the Egyptian Consumer Protection Agency (CPA notification 298 of 2025 for promotional transparent events).",0.95,very_strong,2025-11-20T00:00:00+00:00,2026-08-24T12:00:00+00:00,1,,0
2ea8ac33-f174-49c4-a3e8-c7c7403ddbe1,7ca96184-bc83-41fc-a5e1-09d433a41e3f,First Computer Tanta,https://www.facebook.com/100083619811696/videos/8567224323389415/,facebook,merchant_video_announcement,physical_presence,neutral,"Local computer sales and hardware maintenance center situated on Saeed Street in Tanta, providing PC servicing, hardware components, and technical courses.",0.86,strong,2024-07-15T00:00:00+00:00,2026-08-24T12:00:00+00:00,1,,0
8be989c9-c9e6-4335-ad03-28b34a9783cb,b4867408-48ff-45b2-be03-170b34f847fb,Fit & Fix Egypt (شركة النيل للمشروعات والتجارة),https://www.fitandfix.com/ar/about,merchant_website,official_profile,verified_business_information,neutral,"Fit & Fix operates as the automotive retail arm of Nile Projects & Trading Company in Egypt, serving as the official distributor and authorized service center network for Bridgestone and Firestone tires, offering tire fitting, wheel balancing, oil change, batteries, and mobile maintenance services across Egypt.",0.95,very_strong,,2026-08-24T12:00:00+00:00,1,,0
9a5ec2ea-7033-43aa-8500-6c99f3f55b18,b4867408-48ff-45b2-be03-170b34f847fb,Fit & Fix Egypt (شركة النيل للمشروعات والتجارة),https://www.facebook.com/groups/Dont.shop.here/posts/10158827361635338/,facebook,customer_review,warranty_issue,negative,"Customer shared a dispute concerning battery replacement under warranty and post-installation wheel balancing issues, noting communication delays with management before escalating to the Consumer Protection Agency (CPA).",0.85,strong,2022-06-15T00:00:00+00:00,2026-08-24T12:00:00+00:00,1,,0
92d3f3a8-6294-48d9-88bc-08c113e0837b,75f631be-6854-413f-8768-46df85a48579,Fix&Run,https://fixandrun.com/service/build-pc/,merchant_website,service_catalog,verified_business_information,positive,"Fix&Run offers custom PC assembly services with parts compatibility checks, cable management, thermal compound application, and on-site or branch-based technical assistance in Mohandessin, Giza.",0.9,strong,,2026-08-23T11:40:00+00:00,1,,0
31f53f8b-c56d-4793-85ba-fb578845aee2,0d6413ef-542d-4c85-a9cd-b480bd0810b3,Fixawy,https://fixawy.com,web,service_platform,verified_business_information,positive,"Fixawy is a digital on-demand maintenance platform providing vetted technicians for household appliances, electronics, air conditioning, and electrical installations with warranty coverage in Cairo, Giza, and Alexandria.",0.92,very_strong,2024-01-01T00:00:00+00:00,2026-08-23T12:00:00+00:00,1,,0
0f899af3-a7b0-4f3e-b10d-07d5395cf756,06d03aac-055a-4733-a3eb-6874a544f3ea,Fixawy (فيكساوي),https://play.google.com/store/apps/details?id=com.fixawy.servicebooking&hl=en,Google Play Store,app_listing,verified_business_information,positive,"Fixawy is a maintenance and repair tech platform founded in Alexandria connecting users to vetted technicians for home appliances, electrical repair, and air conditioning with standardized pricing and service warranty.",0.91,strong,2025-05-18T00:00:00+00:00,2026-08-24T12:55:00+00:00,1,,0
25043df2-6685-46b0-b155-352882ae09da,13e91e3c-9b97-4f0d-8764-da818600660c,Fresh Electric - Port Said Service Center,https://fresh.com.eg/ar/stores,official_brand_website,service_directory,after_sales_support,neutral,Fresh Electric maintains authorized technical home-repair dispatch and warranty coverage across Port Said governed by official hotlines 19059 and 19069.,0.93,very_strong,2025-07-20T00:00:00+00:00,2026-08-24T12:00:00+00:00,1,,0
0aae207f-c0f6-4e5c-a883-ea35e4312fc9,9f144d43-f01a-4515-8c96-58e3b65c383e,Fresh Electric for Home Appliances,https://fresh.com.eg,Merchant Website,official_corporate_page,verified_business_information,positive,"Unified tax registration number (950-301-200), direct e-commerce shopping platform fresh.com.eg, national maintenance hotline 19059, and warranty program across Egypt.",0.95,very_strong,,2026-08-23T00:00:00+00:00,1,,0
eda5a691-c7da-49ca-8081-71a98e3bd491,9f144d43-f01a-4515-8c96-58e3b65c383e,Fresh Electric for Home Appliances,https://fresh.com.eg/ar/warranty,official_website,registry+web,verified_business_information,positive,"Fresh Electric operates official e-commerce and retail store network with unified Tax Registration Number 950-301-200 and unified hotline 19059, publishing structured warranty terms compliant with Egyptian Consumer Protection Agency laws.",0.95,very_strong,,2026-08-23T12:00:00+00:00,1,,0
46d3e311-792f-499d-86b0-98a9e7f4438f,9f144d43-f01a-4515-8c96-58e3b65c383e,Fresh Electric for Home Appliances,https://fresh.com.eg/ar/maintenance,fresh_official_portal,official_service_record,warranty_issue,neutral,"Official maintenance booking, warranty terms, and spare parts service channels provided by Fresh Electric (Hotline 19059, WhatsApp 01206555516) in response to customer complaints and CPA compliance standards.",0.92,very_strong,2026-05-10T00:00:00+00:00,2026-08-24T00:00:00+00:00,1,,0
e96864e7-1c6b-441d-b483-f14eb943f8d0,9f144d43-f01a-4515-8c96-58e3b65c383e,Fresh Electric for Home Appliances,https://www.fresh.com/,Merchant Website,official_corporate_portal,warranty_issue,neutral,"Fresh Electric operates certified maintenance centers and retail showrooms in Giza (Faisal branch and 6th of October facilities) under unified service hotline 19059, enforcing official tax invoice requirements for warranty coverage per CPA rules.",0.94,very_strong,2025-01-01T00:00:00+00:00,2026-08-24T00:00:00+00:00,1,,0
2944a227-ff74-4ee5-aa77-5cd5e46c0af9,9f144d43-f01a-4515-8c96-58e3b65c383e,Fresh Electric for Home Appliances,https://fresh.com.eg,Merchant Website,official_corporate_page,after_sales_support,positive,"Fresh Electric provides authorized appliance repair and maintenance services nationwide through its dedicated hotline 19059, offering product replacement if an identical functional defect recurs more than three times during the first year of warranty.",0.9,strong,,2026-08-24T12:00:00+00:00,1,,0
e9392a81-2762-4999-aae2-d0f0b628edaa,ae094b1c-9d78-4800-89da-088b3330c4de,Future Electronics Egypt,https://store.fut-electronics.com/pages/store-locator,fut-electronics.com,official_store_website,physical_presence,positive,"Official store locator confirming physical storefront in Abbassia, Cairo specializing in Arduino, Raspberry Pi, mechatronics, sensors, and open-source prototyping boards.",0.95,very_strong,,2026-08-23T16:30:00+00:00,1,,0
d0b4d65f-c08f-4381-8b45-e9a214b7ceb1,5559798b-3de9-4f9f-b5b5-6fb3cbabcace,G Mobile Store,https://www.facebook.com/GMobileEG/videos/6317209351741475/,facebook,video_post,physical_presence,positive,Video guide demonstrating store access in Nasr City and presenting available inventory of smartphones and accessories.,0.85,strong,,2026-08-23T16:00:00+00:00,1,,0
44445f36-e2ac-41c0-9f3a-660fcc684855,48420ec2-2aa1-4ceb-95fd-bfeb2b16f605,G-Tech for Information Technology (جي تك لتكنولوجيا المعلومات - Gammal Tech),https://www.facebook.com/gammal.tech/videos/%D8%AC%D9%8A-%D8%AA%D9%83-%D9%84%D8%AA%D9%83%D9%86%D9%88%D9%84%D9%88%D8%AC%D9%8A%D8%A7-%D8%A7%D9%84%D9%85%D8%B9%D9%84%D9%88%D9%85%D8%A7%D8%AA-gammal-tech-%D8%B4%D9%85%D9%85-%D8%B4%D8%B1%D9%83%D8%A9-%D9%85%D8%B3%D8%A7%D9%87%D9%85%D8%A9-%D9%85%D8%B5%D8%B1%D9%8A%D8%A9-%D8%B3%D8%AC%D9%84-%D8%AA%D8%AC%D8%A7%D8%B1%D9%8A-%D8%B1%D9%82%D9%85-%D9%A1%D9%A5%D9%A0%D9%A2%D9%A1/1616465475982963/,facebook,social_media_video,verified_business_information,positive,G-Tech for Information Technology discloses official corporate incorporation as an Egyptian joint-stock enterprise (S.A.E.) registered under Commercial Registry number 15021.,0.94,very_strong,,2026-08-24T00:00:00+00:00,1,,0
eee1db99-9b0b-4ed8-92d8-ea2cbfb10e5d,83663166-e7bd-4cea-a8d4-8fc97bec6260,GB Corp / GB Auto (جي بي كورب / غبور أوتو),https://cpa.gov.eg/ar-eg/%D8%AA%D8%AD%D8%B0%D9%8A%D8%B1%D8%A7%D8%AA/ArtMID/622/ArticleID/6218/%D8%AC%D9%8A-%D8%A8%D9%8A-%D8%BA%D8%A8%D9%88%D8%B1-%D8%A3%D9%88%D8%AA%D9%88-%D8%A8%D8%A7%D9%84%D8%AA%D8%B9%D8%A7%D9%88%D9%86-%D9%85%D8%B9-%D8%AC%D9%87%D8%A7%D8%B2-%D8%AD%D9%85%D8%A7%D9%8A%D8%A9-%D8%A7%D9%84%D9%85%D8%B3%D8%AA%D9%87%D9%84%D9%83,cpa_egypt_portal,official_regulatory_release,official_warning,neutral,Official recall bulletin on CPA website regarding GB Ghabbour Auto cooperating with CPA for free replacement of front seatbelt pretensioners in Hyundai Elantra CN7 models produced between August 2020 and April 2022.,0.98,very_strong,2025-12-01T00:00:00+00:00,2026-08-24T00:00:00+00:00,1,,0
f81a1e2a-2352-45bf-87d7-c18fbfe8c742,83663166-e7bd-4cea-a8d4-8fc97bec6260,GB Corp / GB Auto (جي بي كورب / غبور أوتو),https://cpa.gov.eg/ar-eg/%D8%AA%D8%AD%D8%B0%D9%8A%D8%B1%D8%A7%D8%AA/ArtMID/622/ArticleID/6772/%E3%80%8A-%D8%AD%D9%85%D9%84%D8%A9-%D8%A5%D8%B3%D8%AA%D8%AF%D8%B9%D8%A7%D8%A1-%D9%84%D8%A8%D8%B9%D8%B6-%D9%85%D9%88%D8%AF%D9%8A%D9%84%D8%A7%D8%AA-%D8%B4%D9%8A%D8%B1%D9%89-%D8%AA%D9%8A%D8%AC%D9%88-3-%E3%80%8B-%D8%AA%D8%A7%D8%B1%D9%8A%D8%AE-%D9%86%D8%B4%D8%B1-%D8%A7%D9%84%D8%A7%D8%B3%D8%AA%D8%AF%D8%B9%D8%A7%D8%A1-26-%D8%A5%D8%A8%D8%B1%D9%8A%D9%84-2022,cpa.gov.eg,official_regulatory_portal,warranty_honored,neutral,Official recall publication by CPA Egypt in partnership with GB Ghabbour Auto and Chery International for Chery Tiggo 3 models (2019-2022) to conduct precautionary inspection and replacement of the power steering hose free of charge across GB Auto authorized service centers.,0.95,very_strong,2022-04-26T00:00:00+00:00,2026-08-24T00:00:00+00:00,1,,0
2f519241-8d4f-43b7-9704-50eef677b28c,83663166-e7bd-4cea-a8d4-8fc97bec6260,GB Corp / GB Auto (جي بي كورب / غبور أوتو),https://ir.gb-corporation.com/ar/corporate-information,merchant_website,official_profile,verified_business_information,neutral,"Official corporate registration details of GB Corp (formerly GB Auto S.A.E.), operating under Egyptian Commercial Register No. 3422, headquartered in Abu Rawash, Giza, and managing authorized passenger and commercial vehicle dealerships and maintenance centers.",0.95,very_strong,,2026-08-24T12:00:00+00:00,1,,0
d3f73439-06d0-4371-ac05-3e95e31273da,83663166-e7bd-4cea-a8d4-8fc97bec6260,GB Corp / GB Auto (جي بي كورب / غبور أوتو),https://www.masrawy.com/autos/autos_news/details/2025/12/18/2909905/%D8%AD%D9%85%D9%84%D8%A9-%D8%A7%D8%B3%D8%AA%D8%AF%D8%B9%D8%A7%D8%A1-%D9%84%D8%B3%D9%8A%D8%A7%D8%B1%D8%A7%D8%AA-%D9%87%D9%8A%D9%88%D9%86%D8%AF%D8%A7%D9%8A-%D8%A5%D9%84%D9%86%D8%AA%D8%B1%D8%A7-cn7-%D8%A8%D8%B3%D8%A8%D8%A8-%D8%B9%D9%8A%D8%A8-%D8%AA%D8%B5%D9%86%D9%8A%D8%B9%D9%8A,masrawy.com,news_report,warranty_honored,positive,The Egyptian Consumer Protection Agency (CPA) in coordination with GB Auto announced a free recall campaign for Hyundai Elantra CN7 vehicles to replace front seatbelt pretensioners at authorized service centers without charging customers.,0.95,very_strong,2025-12-18T10:00:00+00:00,2026-08-24T12:00:00+00:00,1,,0
074d020a-0d7f-4f47-a4ee-76009602c7d5,504e3331-3cb4-4023-bf1e-ff30f8ad15a7,GPUTRADES,https://www.facebook.com/61566538673581/posts/122231313536551289/,facebook,merchant_announcement,verified_business_information,positive,"Official launch announcement linking newly established storefront domain (gputrades.store) with verified social page, physical branch location in Haram near Giza Metro, and dedicated contact/WhatsApp lines.",0.85,strong,2024-10-15T14:00:00+00:00,2026-08-23T14:40:00+00:00,1,,0
57d6c2c3-be0f-413d-80cc-7bccf66f32de,a33f7a60-7a1b-4b9c-b5b0-211d8e28e4d8,Game Band Store,https://www.facebook.com/gamebandgameshare/posts/1608551507946196/,facebook,social_media_post,physical_presence,neutral,"Game Band Store lists physical branch addresses in Omraneya and 6th of October offering PlayStation console sales, maintenance, and game loading services.",0.85,strong,,2026-08-23T20:34:39.560288+00:00,1,,0
4ef3e981-8660-43cd-85b4-f24df4655459,6dd11388-cba7-442e-908d-c02a09685801,Game Station Store,https://www.facebook.com/p/Game-station-100083761638843/,facebook,official_page,physical_presence,neutral,"Local store presence in Ain Shams, Cairo, providing PlayStation console maintenance, PS4/PS5 sales, game accounts, and controller accessories.",0.8,strong,,2026-08-23T00:00:00+00:00,1,,0
5b50109d-99f6-4090-bf79-fae4fa908ea7,2f9aeb82-3f01-4aca-9735-e777984de293,Game Valley,https://www.facebook.com/GAMEVALLEY/photos/2694982977260886/,facebook,official_page,long_business_history,positive,"Game Valley confirms ongoing operations since 1990 with branches across Cairo and Giza providing PlayStation consoles, video games, and peripherals.",0.9,strong,,2026-08-23T00:00:00+00:00,1,,0
23d44db2-b3a8-4cb7-bb45-9d3088547691,2f9aeb82-3f01-4aca-9735-e777984de293,Game Valley,https://yellowpages.com.eg/ar/profile/%D8%AC%D9%8A%D9%85-%D9%81%D8%A7%D9%84%D9%89/141720,yellowpages,business_directory,long_business_history,neutral,"Game Valley has operated a long-established chain of retail stores selling video game consoles (PlayStation, Xbox, Nintendo), accessories, and discs across Nasr City, Heliopolis, Maadi, and Mohandessin.",0.85,strong,,2026-08-23T14:52:00+00:00,1,,0
111e142b-dfa3-415b-a21e-a3c3d111cc89,db0cc2a5-2399-4cde-816a-99fd9bacdbee,Gamer Shop EG (جيمر شوب),https://www.facebook.com/GamershopEG/,facebook,social_page,verified_business_information,positive,"Official profile detailing console sales (PS4, PS5), game digital installs, accessories, and maintenance in Smouha, Alexandria.",0.9,strong,,2026-08-23T12:00:00+00:00,1,,0
8891cf9a-990e-4209-b510-282b04111203,db0cc2a5-2399-4cde-816a-99fd9bacdbee,Gamer Shop EG (جيمر شوب),https://www.facebook.com/GamershopEG/videos/748064979352319/,facebook,social_media_post,physical_presence,neutral,"Gamer Shop EG publishes its address in Sidi Bishr Bahri, Alexandria, for console sales, accessories, and game installations.",0.85,strong,,2026-08-23T20:34:39.778207+00:00,1,,0
e8719de5-2e38-4729-84ef-f1c89e7f8aa1,0f9b3f71-e2b2-41fb-b834-61ad2375282c,Games 2 Egypt,https://www.reddit.com/r/Egypt/comments/l84433/is_games2egypt_website_legit_or_a_scam/,reddit,forum_thread,repeated_recommendation,positive,"Community consensus on r/Egypt confirms Games2Egypt is a legitimate, well-established physical and online retailer for PlayStation consoles and games, though prices are often considered on the higher end.",0.85,strong,2021-01-30T00:00:00+00:00,2026-08-23T00:00:00+00:00,1,,0
6b9fa1e1-4f18-4f27-b4e1-dbd7a515cc69,0f9b3f71-e2b2-41fb-b834-61ad2375282c,Games 2 Egypt,https://www.reddit.com/r/EgyptGaminGG/comments/1k2d4il/%D9%85%D9%83%D8%A7%D9%86_%D9%8A%D8%B5%D9%84%D8%AD_%D8%AF%D8%B1%D8%A7%D8%B9%D8%A7%D8%AA_%D8%A7%D9%84%D8%A8%D9%84%D8%A7%D9%8A%D8%B3%D8%AA%D9%8A%D8%B4%D9%86_%D9%81%D9%88%D8%B1_%D9%81%D9%8A_%D8%A7%D9%84%D9%82%D8%A7%D9%87%D8%B1%D8%A9/,reddit,forum_thread,after_sales_support,positive,User recommendation in r/EgyptGaminGG highlighting Games2Egypt for PlayStation controller maintenance and hardware repairs in Cairo.,0.8,strong,,2026-08-23T00:00:00+00:00,1,,0
1ddcd62c-b480-4c9c-86ab-962aaf53fad7,0f9b3f71-e2b2-41fb-b834-61ad2375282c,Games 2 Egypt,https://www.games2egypt.com/ar/web/staticpages/tradeorsellservice/,website,merchant_website,verified_business_information,positive,"Games 2 Egypt publishes fixed cash purchase prices for pre-owned PlayStation 5, PlayStation 4, Xbox Series, and Nintendo Switch consoles, offering cash payouts and a 1-year warranty on sold used units.",0.95,very_strong,,2026-08-23T20:34:39.428354+00:00,1,,0
8b1047d7-c7bb-45f4-b253-abd9c49cafe4,3af4b233-ad29-4155-b436-3573576e1daf,Games 2 Egypt,https://www.games2egypt.com/Web/Home/ContactUs,website,merchant_website,physical_presence,neutral,"Games 2 Egypt lists 9 physical store branches with direct telephone numbers and Google Maps links across Giza, Cairo, and Alexandria.",0.95,very_strong,,2026-08-23T20:34:39.478908+00:00,1,,0
b698901e-6967-4fa9-923c-55b7504f3e69,0f9b3f71-e2b2-41fb-b834-61ad2375282c,Games 2 Egypt,https://www.games2egypt.com/ar/web/staticpages/tradeorsellservice/,website,merchant_website,after_sales_support,neutral,"Official trade-in and used console purchasing policy published by Games 2 Egypt, guaranteeing one-year warranty on inspected used consoles (PlayStation 5, Nintendo Switch, Xbox Series X/S) and establishing fixed cash buyback criteria.",0.9,strong,,2026-08-23T21:46:00+00:00,1,,0
88b799d1-8511-49c4-898e-9b56cfdcd20e,0f9b3f71-e2b2-41fb-b834-61ad2375282c,Games 2 Egypt,https://games2egypt.com/Web/Home/TermsAndConditions,Games 2 Egypt Terms of Use,terms_and_conditions,verified_business_information,neutral,"Documented terms specifying Games 2 Egypt LLC registered address in Giza, 30-day physical item refund policy for unsealed goods or manufacturing defects, and non-refundable digital codes policy.",0.9,strong,2024-06-18T00:00:00,2026-08-24T12:00:00+00:00,1,,0
47c440bd-4e7d-41c5-b44c-7f3ccd05c196,1cd85715-2084-4471-8e20-6e435c946271,Games Spot,https://www.facebook.com/61566368139737/posts/122221801136545604/,facebook,official_post,physical_presence,neutral,"Games Spot announcement of retail branches across Cairo (Nasr City, El Shorouk) offering PS5/PS4 console sales, trade-ins, and accessories.",0.85,strong,,2026-08-23T00:00:00+00:00,1,,0
3bc66c0d-7a71-4518-b7b3-e8cab87fa565,e536f972-8d6c-4513-a099-4a5457fceecf,Games Spot Egypt (جيمز سبوت),https://www.facebook.com/61566368139737/videos/1994475434816254/,facebook,social_post,physical_presence,positive,Branch opening announcement and physical location confirmation for Games Spot's Alexandria outlet on Zaki Ragab St in Smouha.,0.9,strong,,2026-08-23T12:00:00+00:00,1,,0
774881a2-4cd3-4d87-8980-e40bde3827af,e536f972-8d6c-4513-a099-4a5457fceecf,Games Spot Egypt (جيمز سبوت),https://www.facebook.com/61566368139737/posts/122175479888545604/,facebook,social_media_post,physical_presence,neutral,"Games Spot lists phone numbers for physical branch locations across New Cairo, Sheikh Zayed, Shorouk, and Nasr City offering console sales and service.",0.85,strong,,2026-08-23T20:34:39.735749+00:00,1,,0
bcdb9e72-774b-4c27-b264-da8580f1a15b,bd24343f-ec89-4091-ba21-3be4b67de14b,Games World Egypt,https://www.reddit.com/r/EgyptGaminGG/comments/1e7ttt8/%D9%8A%D8%A7_%D8%B4%D8%A8%D8%A7%D8%A8_%D9%87%D9%88_games_world_egypt_%D9%85%D9%88%D8%AB%D9%88%D9%82/,reddit,forum_thread,product_quality,neutral,"Community discussion on r/EgyptGaminGG assessing trust and reliability for purchasing gaming devices from Games World Egypt, noting mixed opinions on high-value hardware vs competitive pricing.",0.75,strong,2024-07-20T00:00:00+00:00,2026-08-23T00:00:00+00:00,1,,0
95a2e068-71d8-40c2-ae46-a9c6a182138f,bd24343f-ec89-4091-ba21-3be4b67de14b,Games World Egypt,https://www.gamesworldegypt.com/contact,official_website,contact_page,physical_presence,neutral,"Official store locator listing physical branches across Cairo (Arabella Mall New Cairo, All Season Park Madinaty, Fifth Settlement) and Giza (Mall of Arabia).",0.95,very_strong,,2026-08-23T00:00:00+00:00,1,,0
61966b6c-33b4-44ef-aa06-63d082056f81,90ee355e-acb4-463d-9de6-90775266a642,Gamma Computer,https://www.reddit.com/r/Egypt/comments/tbkgfv/good_place_to_buy_pc_components_like_casescpuram/,Reddit,online_community_forum,repeated_recommendation,positive,"Longstanding recommendation by Egyptian tech community users for purchasing components, cases, SSDs, and gaming accessories from Gamma in Al Bostan Mall and Roxy.",0.9,strong,2022-03-11T16:45:00+00:00,2026-08-23T10:25:00+00:00,1,,0
cbd3dd7b-701f-4bbd-b724-f1c104edecbd,90ee355e-acb4-463d-9de6-90775266a642,Gamma Computer,https://www.reddit.com/r/EgyptTech/comments/1vp2org/%D8%A7%D8%AC%D9%85%D8%B9_pc_%D9%85%D9%86%D9%8A%D9%86/,Reddit,reddit_thread,warranty_honored,positive,"Reddit community discussion on where to build a PC in Cairo. Users highlighted positive experiences with Gamma Computer in Al-Bostan Mall, specifically praising fast and hassle-free warranty replacement for a defective M.2 storage drive.",0.85,strong,,2026-08-23T12:00:00+00:00,1,,0
f31778f2-6f1c-404c-b760-e562ddf73ab1,90ee355e-acb4-463d-9de6-90775266a642,Gamma Computer,https://www.facebook.com/Gamma.Mansoura/,Facebook,merchant_official_page,long_business_history,positive,"Gamma Mansoura is a major hardware, laptop, and PC gaming retailer founded in Mansoura with an expanded branch in El-Bostan Mall Cairo; recognized in the Mansoura Top Brands Awards 2026 for retail presence in electronics and gaming setups.",0.9,strong,2026-02-15T00:00:00+00:00,2026-08-23T12:00:00+00:00,1,,0
ce43a694-1ada-40b2-920c-709a8a501377,90ee355e-acb4-463d-9de6-90775266a642,Gamma Computer,https://www.facebook.com/Gamma.Mansoura/,Facebook,merchant_official_page,verified_business_information,positive,"Gamma Mansoura is a major hardware, laptop, and PC gaming store headquartered in Mansoura (El Galaa / El Nasr St) with branches in Cairo (El Bostan Mall & Heliopolis), recognized in Dakahlia top brand awards.",0.9,strong,,2026-08-23T21:02:00+00:00,1,,0
60bf3a15-4edb-4c80-8a66-d8853ed2577b,82a1a93a-e22a-4de7-a6f5-d9e02e5d6455,Gedo Store,https://www.facebook.com/GedoStore2/videos/860491892912609/,facebook,social_media_video,physical_presence,neutral,"Gedo Store operates a commercial shop in Faisal, Giza (Building 18 above Al-Libini tunnel), supplying PC accessories, gaming peripherals, and hardware components.",0.85,strong,2024-06-20T00:00:00+00:00,2026-08-23T11:55:00+00:00,1,,0
62ff9234-0c6e-4fcd-8cf4-9c713206c842,d34e829f-91bb-4e36-b2e8-1e331033727e,Geeks Store,https://geeksstoreeg.com/contact-us/,merchant_website,official_contact_page,physical_presence,neutral,"Official contact page verifying physical showroom address in Makram Ebeid, Nasr City, customer service landline 0225866868, direct WhatsApp ordering link, and social pages.",0.92,very_strong,2023-08-01T00:00:00+00:00,2026-08-23T15:00:00+00:00,1,,0
7b4d25b5-56ef-4add-b331-089b266eb2bb,8fd7643d-9bd9-4836-bb92-fe3f1c22e8a6,Giza Store Mobile,https://www.facebook.com/gizastoreofficial/,facebook,merchant_page,physical_presence,positive,"Commercial social profile establishing physical mobile phone retail and trade-in operations at 4 Mourad Street in Giza Square, advertising cash pricing and device warranty coverage.",0.9,strong,,2026-08-23T14:40:00+00:00,1,,0
a194b7b5-c97c-44da-b433-2149f84d7024,00213c3a-c08d-4554-9993-ed39369a4543,Giza Systems Distribution,https://www.gsd.com.eg/pages/users/about-us.html,gsd.com.eg,official_website,verified_business_information,neutral,"Giza Systems Distribution (GSD) is a specialized trading and distribution entity established in 2004 as the distribution arm of Giza Systems (Pulse by Solutions), representing international vendors in instrumentation, control systems, and measurement technologies.",0.95,very_strong,,2026-08-23T00:00:00+00:00,1,,0
6bc71128-1322-4f66-9d88-603b228175d0,17af7b06-643e-4cb8-880e-779ec39d3343,Global High Technology,https://yellowpages.com.eg/ar/profile/%D8%AC%D9%84%D9%88%D8%A8%D8%A7%D9%84-%D9%87%D8%A7%D9%89-%D8%AA%D9%83%D9%86%D9%88%D9%84%D9%88%D8%AC%D9%89/150931,YellowPages Egypt,business_directory,physical_presence,neutral,"Global High Technology is a registered computer and spare parts retailer located on El-Galaa Street in Mansoura near Mansoura University, listed in public commercial registers as an active vendor for computers and IT equipment.",0.75,strong,2024-05-10T00:00:00+00:00,2026-08-23T12:00:00+00:00,1,,0
0cd97dd2-b68f-44d4-9a7f-d9a79e592b84,ca48f90b-4c16-429e-9253-44e9382874d8,Gourmet Egypt,https://gourmetegypt.com,gourmetegypt.com,official_merchant_portal,verified_business_information,positive,Gourmet Egypt operates premium specialty food stores and online grocery delivery in upscale Cairo/Giza districts. Dedicated live customer support and dispatch inquiry handling are provided through unified hotline 19339.,0.92,very_strong,2026-01-01T00:00:00+00:00,2026-08-23T11:40:00+00:00,1,,0
cc731f24-ed4e-4cbb-9019-b553161d6ae5,52e85bb9-b9fb-4498-9abd-543d4e4d3e66,Grand Stores for Electrical Appliances,https://www.facebook.com/Grandstoreforelectrical/videos/1157206372151373/,facebook.com,merchant_page,physical_presence,neutral,"Grand Stores is an active electrical and home appliance showroom in Port Said offering major household appliances (refrigerators, cookers, washers) from official Egyptian manufacturers with local delivery and physical branch presence.",0.85,strong,2024-03-01T00:00:00+00:00,2026-08-23T20:32:00+00:00,1,,0
494c38cd-e950-47ec-a9b7-749535503e0c,52e85bb9-b9fb-4498-9abd-543d4e4d3e66,Grand Stores for Electrical Appliances,https://www.facebook.com/Grandstoreforelectrical/videos/%D8%AC%D8%B1%D8%A7%D9%86%D8%AF-%D8%B3%D8%AA%D9%88%D8%B1%D8%B2-%D9%87%D9%88-%D8%A3%D9%83%D8%A8%D8%B1-%D9%85%D8%B9%D8%B1%D8%B6-%D9%84%D9%84%D8%A3%D8%AC%D9%87%D8%B2%D9%87-%D8%A7%D9%84%D9%83%D9%87%D8%B1%D8%A8%D8%A7%D8%A6%D9%8A%D8%A9-%D9%81%D9%8A-%D8%A8%D9%88%D8%B1%D8%B3%D8%B9%D9%8A%D8%AF-%D8%A8%D8%A3%D9%81%D8%B6%D9%84-%D9%88-%D8%A3%D8%AC%D9%88%D8%AF-%D8%A7%D9%84%D8%AE%D8%A7%D9%85%D8%A7%D8%AA-%D9%88-%D8%A7%D9%84/1157206372151373/,Facebook,merchant_video_and_profile,verified_business_information,positive,جراند ستورز بورسعيد يعلن عن توفير الأجهزة الكهربائية والمنزلية والشاشات والتكييفات مع أنظمة تقسيط وضمانات رسمية من الوكلاء المعتمدين وفروع متعددة في شارع عرابي وشارع 23 يوليو ببورسعيد.,0.88,strong,2024-06-15T12:00:00+00:00,2026-08-24T18:00:00+00:00,1,,0
76d1600b-6a85-4f29-a892-9c12792e8568,52e85bb9-b9fb-4498-9abd-543d4e4d3e66,Grand Stores for Electrical Appliances,https://qarine.com/places/%D8%A3%D8%A8%D9%88-%D8%A7%D9%84%D9%86%D8%AC%D8%A7-%D8%AC%D8%B1%D9%88%D8%A8/,Qarine Business Directory,verified_directory_listing,physical_presence,neutral,"معرض أبو النجا جروب في بورسعيد يبيع الأجهزة المنزلية والتكييفات والغسالات والثلاجات وتوفير قطع الغيار المعتمدة للماركات الكبرى (Bosch, Midea, Toshiba).",0.84,strong,2024-01-10T10:00:00+00:00,2026-08-24T18:05:00+00:00,1,,0
78fd506b-8e26-428e-99ac-25588b4357fb,376fea08-4181-4552-8954-e4cb2749ce58,Green Line Computer,https://www.facebook.com/green.line.it/,Facebook,Social Media Page,long_business_history,positive,"Green Line Computer provides hardware and software maintenance for laptops, computers, monitors, and printers with over 20 years of operational experience in Ibrahimiya, Alexandria.",0.88,strong,,2026-08-23T12:00:00+00:00,1,,0
5bb4fda3-747b-42df-a57d-a61dab9304e3,92255e94-1576-4e48-bfcc-20884b18e8ac,Haier Egypt,https://www.haier.com/eg/,Haier Egypt Official Portal,official_corporate_portal,verified_business_information,positive,"Haier Egypt publishes its authorized service network, customer support hotline 15151, and warranty terms for locally manufactured appliances from its 10th of Ramadan complex.",0.92,very_strong,2024-05-10T00:00:00+00:00,2026-08-24T12:30:00+00:00,1,,0
6ee7c58b-85d2-4519-9529-d8337a3de859,c4c76777-10e3-4077-8251-b3db27b9335e,Hankerz,https://hankerz.com.eg,hankerz.com.eg,official_website,verified_business_information,positive,هانكرز متجر متخصص في تجميعات أجهزة الألعاب وصناع المحتوى وقطع الهاردوير والصيانة الاحترافية وموزع معتمد لشركات عالمية مثل ASUS بفروع في البستان والسخاوي والتجمع الخامس.,0.92,very_strong,,2026-08-23T12:00:00+00:00,1,,0
0fca31c8-822c-4c5b-8735-5d2bdae26f80,c4c76777-10e3-4077-8251-b3db27b9335e,Hankerz,https://hankerz.com.eg/contact-us,merchant_website,official_contact_page,verified_business_information,neutral,"Official contact page specifying corporate headquarters in Heliopolis Cairo with exact embedded Google Maps coordinates, official hotline phone, email, and social links to Facebook and Instagram.",0.95,very_strong,2022-12-26T23:45:42+00:00,2026-08-23T14:32:00+00:00,1,,0
7834ed11-daee-4810-aecc-ac9605180136,c4c76777-10e3-4077-8251-b3db27b9335e,Hankerz,https://www.hankerz.com.eg/about-hankerz/,web,merchant_official_website,verified_business_information,neutral,"Hankerz operates physical storefronts in Cairo (El Bostan Mall, Heliopolis, 5th Settlement) and an e-commerce platform offering custom gaming PCs, workstation hardware, and advertised 30-day exchange and warranty terms.",0.9,strong,2026-01-01T00:00:00+00:00,2026-08-23T15:40:00+00:00,1,,0
3eb70d26-75bd-4155-b825-e4cb865560cf,cf7cea51-2696-43c9-bc0d-93f13054e96e,Hardware Market,https://www.reddit.com/r/R36S/comments/1k2lxnx/headsup_if_youre_in_egypt/,Reddit,reddit_thread,counterfeit_product_allegation,negative,"Customer reported on r/R36S that local seller 'hardware market' in Egypt was stocking and selling clone/counterfeit hardware versions of the R36S handheld console featuring non-standard mainboards/RAM configurations incompatible with official custom firmware (ArkOS), despite the merchant being an otherwise legitimate retailer.",0.85,strong,,2026-08-23T12:00:00+00:00,1,,0
64a83ae6-8396-4085-af38-09e048419887,cf7cea51-2696-43c9-bc0d-93f13054e96e,Hardware Market,https://www.reddit.com/r/EgyptTech/comments/1tsfgwg/hardware_market_%D9%85%D9%88%D8%AB%D9%88%D9%82_%D9%88%D9%84%D8%A7_%D9%84%D8%A3/,Reddit,reddit_thread,after_sales_support,neutral,"Community discussion in r/EgyptTech evaluating Hardware Market's reliability. Customers praised customer support and resolution of manufacturing defects for mouse and keyboard purchases, while noting concerns over their typical 1-month store warranty duration.",0.8,strong,,2026-08-23T12:00:00+00:00,1,,0
e9d3033e-9310-46ba-bcbe-ae3484a3be5c,d4e89907-459e-43cb-a272-2a80d42bf9ae,Hi Tech for Computers (شركة هاي تك للكمبيوتر واللاب توب),https://www.facebook.com/hitech022/,Facebook,merchant_page,verified_business_information,positive,"Hi Tech operates in CompuMall tower on El-Galaa Street in Zagazig, offering new and refurbished PCs, laptops, and hardware maintenance with consumer credit financing.",0.86,strong,2025-10-05T00:00:00+00:00,2026-08-24T00:00:00+00:00,1,,0
19270ea2-afc7-4eb7-acd7-8522f467b3ea,f2d1c4f7-dc78-4e41-a21b-31d27384509b,High End Computer,https://highendstore.net/,web,official_storefront,verified_business_information,positive,"High End Store operates an e-commerce platform and physical outlet at Souq Al-Asr Mall in Heliopolis/Roxy, Cairo, specializing in high-performance computer hardware, gaming rigs, and high-end graphics cards with local warranty.",0.9,strong,,2026-08-23T12:00:00+00:00,1,,0
56d17694-4ce7-45bf-b1e3-67df201fd108,f2d1c4f7-dc78-4e41-a21b-31d27384509b,High End Computer,https://www.reddit.com/r/Egypt/comments/pdg5rm/graphics_card_prices/,reddit,community_discussion,repeated_recommendation,positive,Community recommendation in r/Egypt discussing graphics card price inflation and citing High End at Souq Al-Asr as a reputable store for buying genuine PC parts and builds in Cairo.,0.85,strong,2021-08-28T16:00:00+00:00,2026-08-23T12:00:00+00:00,1,,0
39fb294e-be73-44f7-9ae9-94f3e40b621d,f2d1c4f7-dc78-4e41-a21b-31d27384509b,High End Computer,https://www.asus.com/eg-en/content/where-to-buy/,web,authorized_partner_directory,physical_presence,positive,"High End Store is an authorized reseller and hardware retail merchant in Cairo with historical roots in Al-Bostan Mall and an established primary store at Souq El-Asr Mall (Shop 225), listed officially as an authorized ASUS partner in Egypt.",0.94,very_strong,2024-01-15T00:00:00+00:00,2026-08-23T12:00:00+00:00,1,,0
ee7199da-8eb2-4ef5-830b-100b81c48f99,f2d1c4f7-dc78-4e41-a21b-31d27384509b,High End Computer,https://yellowpages.com.eg/ar/profile/%D9%87%D8%A7%D9%89-%D8%A7%D9%86%D8%AF-%D9%84%D9%84%D9%83%D9%85%D8%A8%D9%8A%D9%88%D8%AA%D8%B1/617537,yellowpages.com.eg,business_directory,physical_presence,positive,هاي إند للكمبيوتر متجر متخصص في تجارة مكونات الحاسب الآلي وقطع الهاردوير وتجميعات الجيمنج ومقره في مركز البستان التجاري بوسط البلد بالقاهرة.,0.9,strong,,2026-08-23T12:00:00+00:00,1,,0
9d86f5af-ab32-44dd-baaa-a1713da7e925,f2d1c4f7-dc78-4e41-a21b-31d27384509b,High End Computer,https://www.facebook.com/highend.store1/,facebook,merchant_official_page,physical_presence,neutral,"High End is a specialized computer hardware and custom PC gaming shop established inside Souq El Asr Mall in Roxy, Heliopolis, Cairo.",0.9,strong,,2026-08-23T14:45:00+00:00,1,,0
fb5dc7b7-39b8-4a50-bbb3-6ad2439f0cce,f2d1c4f7-dc78-4e41-a21b-31d27384509b,High End Computer,https://www.facebook.com/highend.store1/,facebook,merchant_official_page,physical_presence,neutral,"Official store information for High End in Souq El Asr Mall, Roxy, Heliopolis (Shop 225, 2nd Floor), offering GPUs (such as Radeon RX and GeForce RTX series), processors, cases, and component testing.",0.9,strong,2026-02-01T00:00:00+00:00,2026-08-23T15:30:00+00:00,1,,0
0060ec19-2791-4974-8fe1-76162861d679,f2d1c4f7-dc78-4e41-a21b-31d27384509b,High End Computer,https://www.facebook.com/highend.store1/,facebook,merchant_official_page,verified_business_information,positive,"High End Computer provides custom PC assembly, gaming hardware, and GPU components in Souq El-Asr Mall with official warranty support from Egyptian authorized agents.",0.86,strong,2024-07-05T00:00:00+00:00,2026-08-24T12:45:00+00:00,1,,0
79590fe0-3cff-49b3-9032-37a94cd062a0,0932a9fd-4972-4329-a498-9d1483a67db3,Hisham & Fouad Pharmacies - Farma Group (صيدليات هشام وفؤاد فارما جروب),https://www.dalilimedical.com/doctor-10231/%D8%B5%D9%8A%D8%AF%D9%84%D9%8A%D8%A7%D8%AA-%D9%87%D8%B4%D8%A7%D9%85-%D9%88%D9%81%D8%A4%D8%A7%D8%AF,Dalili Medical (دليلي ميديكال),directory_listing,physical_presence,positive,توثيق شبكة فروع صيدليات هشام وفؤاد في مدينة طنطا كأحد أبرز سلاسل الصيدليات المحلية المستقلة في محافظة الغربية، وتوفيرها لخدمة 24 ساعة والتوصيل المنزلي وقياس المؤشرات الحيوية وصرف روشتات التأمين الطبي.,0.9,strong,2024-08-15T00:00:00+00:00,2026-08-24T12:00:00+00:00,1,,0
c8c01a31-895f-4374-8f8e-cc7d1f590749,7f1d3604-c364-4996-806c-812bca829db3,Homzmart,https://homzmart.com/content/terms-conditions,official_website,registry+web,verified_business_information,positive,"Homzmart publishes formal terms of service, warranty and return policies with official corporate Tax Registration Number 560-436-556.",0.95,very_strong,,2026-08-23T12:00:00+00:00,1,,0
4985d95f-0dad-45da-aaaa-bfe9f3ac5d15,7f1d3604-c364-4996-806c-812bca829db3,Homzmart,https://homzmart.com,Homzmart Egypt Portal,official_website,verified_business_information,neutral,Digital furniture marketplace operating in Egypt with formal 14-day return and 30-day manufacturing defects policy aligned with Egyptian Consumer Protection Agency standards.,0.87,strong,2024-12-05T00:00:00,2026-08-24T12:00:00+00:00,1,,0
4feb0b65-c504-4d31-aeea-0681812c419b,7f1d3604-c364-4996-806c-812bca829db3,Homzmart,https://homzmart.com/en/content/return-policy,Homzmart Portal,official_terms,verified_business_information,neutral,"Homzmart outlines its return and refund procedures, item inspection protocol upon delivery, and resolution mechanisms aligned with Egyptian consumer regulations.",0.88,strong,2024-03-01T00:00:00+00:00,2026-08-24T12:15:00+00:00,1,,0
8dc7abe1-1286-4be0-83d6-3c15efe3fd15,26759a21-8cd4-48cb-96de-a5605171cabc,HyperOne Trading,https://www.5dmtomla.com/2021/07/Hyper-One.html,Consumer Services Portal,consumer_directory,verified_business_information,neutral,"Verified business profile, unified hotline 16404, WhatsApp channel, and customer care return/warranty compliance protocols for Hyper One Egypt.",0.89,strong,,2026-08-23T00:00:00,1,,0
ab6b5f17-49f5-4f93-923f-17caf908d0db,26759a21-8cd4-48cb-96de-a5605171cabc,HyperOne Trading,https://www.hyperone.com.eg,official_website,registry+web,verified_business_information,positive,HyperOne Trading (founded 2005) is a major Egyptian retail hypermarket and electronics retailer with corporate Tax Registration Number 310846153.,0.95,very_strong,,2026-08-23T12:00:00+00:00,1,,0
9d8b34db-093b-46d7-88e1-960255042398,26759a21-8cd4-48cb-96de-a5605171cabc,HyperOne Trading,https://www.hyperone.com.eg/en/faqs,hyperone.com.eg,official_storefront,verified_business_information,neutral,"Hyper One official terms specify return and exchange requirements, designating hotline 16404 and customer care email info@hyperone.com.eg. Returns require the original purchase invoice or Air Waybill for online orders within 30 days for general items and 14 days for sealed consumer electronics.",0.95,very_strong,,2026-08-24T00:00:00+00:00,1,,0
8da7eb62-b888-4955-bb3a-b96a25eeb501,26759a21-8cd4-48cb-96de-a5605171cabc,HyperOne Trading,https://www.eta.gov.eg/ar/ereceipt-inquiry,eta.gov.eg,government_registry,verified_business_information,neutral,Egyptian Tax Authority (ETA) e-receipt and e-invoicing regulatory portal binds nationwide hypermarket retail operations to mandatory digital point-of-sale (POS) integration for B2C consumer transactions with QR-coded fiscal receipts.,0.95,very_strong,,2026-08-24T00:00:00+00:00,1,,0
615140ce-ac8a-46af-9591-0ddfef1f1227,26759a21-8cd4-48cb-96de-a5605171cabc,HyperOne Trading,https://www.hyperone.com.eg/en/contact-us,merchant_website,official_registry_and_contact,verified_business_information,positive,"Official verification of Hyper One corporate identity, hotline (16404), WhatsApp customer service (01098890386), tax registration ID (200-202-928), and participation in price stabilization initiatives in coordination with Egyptian authorities.",0.95,very_strong,2026-01-10T00:00:00+00:00,2026-08-24T12:00:00+00:00,1,,0
5b290402-bf9c-471e-b4b7-6b5dc8319353,fffe0314-bb9d-491c-9fcd-16795f42765b,I-Genius,https://www.facebook.com/iGeniusEgypt/posts/919564420198534/,facebook,post,physical_presence,positive,Official location specification at El Serag Mall Gate 1 Rear Ground Floor in Nasr City and hotline 01200022038 for iPhone repairs and sales.,0.9,strong,,2026-08-23T16:00:00+00:00,1,,0
07a6f909-6fe3-4b9a-81fd-1c12a199f77c,fffe0314-bb9d-491c-9fcd-16795f42765b,I-Genius,https://www.facebook.com/iGeniusEgypt/posts/1332817775539861/,facebook,post,after_sales_support,positive,"Post describing specialized iPhone hardware repairs, screen and glass replacement guarantees, and customer maintenance support.",0.85,strong,,2026-08-23T16:00:00+00:00,1,,0
d27eae9c-5aab-4c7f-b600-fbe9c1ac65f0,af7f6763-f751-40a9-87b9-43791b928ae1,I.T. Square (آي تي سكوير الإسكندرية),https://itsquare-eg.com/,Website,company_profile,physical_presence,positive,"I.T. Square operates its store and corporate technical solutions center from Serag Mounir St off Sultan Hussein, Alexandria, supplying business workstations, laptops, and networking hardware.",0.87,strong,,2026-08-23T00:00:00+00:00,1,,0
08624dbd-f7cc-4d7c-ab1b-09ee027a4da4,dad453ca-f536-4f5c-bf21-4497b0c6435e,IKEA Egypt (شركة إيكيا مصر - مجموعة الفطيم مصر),https://cpa.gov.eg/ar-eg/%D8%A8%D9%8A%D8%A7%D9%86%D8%A7%D8%AA-%D8%A7%D8%B9%D9%84%D8%A7%D9%85%D9%8A%D8%A9/ArtMID/654/ArticleID/7060/%D8%AC%D9%87%D8%A7%D8%B2-%D8%AD%D9%85%D8%A7%D9%8A%D8%A9-%D8%A7%D9%84%D9%85%D8%B3%D8%AA%D9%87%D9%84%D9%83-%D9%8A%D9%8F%D8%B9%D9%84%D9%86-%D8%B9%D9%86-%D8%AD%D9%85%D9%84%D8%A9-%D8%A7%D8%B3%D8%AA%D8%AF%D8%B9%D8%A7%D8%A1-%D9%84%D9%85%D9%86%D8%AA%D8%AC%D8%A7%D8%AA-STR197LA-%D9%84%D9%84%D8%B9%D9%84%D8%A7%D9%85%D8%A9-%D8%A7%D9%84%D8%AA%D8%AC%D8%A7%D8%B1%D9%8A%D8%A9-%D8%A7%D9%84%D9%8A%D9%83%D9%8A%D8%A7-%D9%84%D8%B9%D8%AF%D9%85-%D8%AA%D9%88%D8%A7%D9%81%D9%82%D9%87%D8%A7-%D9%85%D8%B9-%D9%85%D8%B9%D8%A7%D9%8A%D9%8A%D8%B1-%D8%A7%D9%84%D8%B3%D9%84%D8%A7%D9%85%D8%A9-%D9%88%D9%82%D8%AF-%D8%AA%D8%A4%D8%AF%D9%8A-%D9%84%D9%84%D8%AA%D8%B9%D8%B1%D8%B6-%D9%84%D8%B5%D8%AF%D9%85%D8%A9-%D9%83%D9%87%D8%B1%D8%A8%D8%A7%D8%A6%D9%8A%D8%A9,cpa.gov.eg,official_regulatory_portal,refund_issued,neutral,Official CPA press release announcing a product recall campaign for STRÅLA LED lighting chains sold by IKEA Egypt due to electrical non-compliance posing potential electric shock risks. Consumers were instructed to cease using the product and return it to IKEA branches for a full refund without requiring proof of purchase.,0.95,very_strong,2024-01-20T00:00:00+00:00,2026-08-24T00:00:00+00:00,1,,0
1dd17243-0304-4717-99c7-ca870acfe99a,a23bfe66-ec07-4dbf-ac85-a298e2efbf2d,ITC for Computer,https://www.facebook.com/100063962475277/posts/1380459240762812/,Facebook,merchant_announcement,verified_business_information,positive,"Regular inventory arrivals of tested import laptops across 11th, 12th, and 13th gen configurations with original chargers/batteries, in-store trial policy, and operational warranty.",0.85,strong,2024-03-22T16:45:00+00:00,2026-08-23T10:30:00+00:00,1,,0
616dd8ab-20c2-4df7-95c3-514ee0b21d58,a23bfe66-ec07-4dbf-ac85-a298e2efbf2d,ITC for Computer,https://www.facebook.com/itcforcomputer/,Facebook,merchant_page_and_posts,verified_business_information,positive,"ITC for Computer sells business laptops, engineering workstations, and original replacement batteries/chargers in Assiut with installment options.",0.88,strong,2025-11-10T00:00:00+00:00,2026-08-24T00:00:00+00:00,1,,0
0054f788-440a-4bd2-ae8c-9c1f12512e85,a23bfe66-ec07-4dbf-ac85-a298e2efbf2d,ITC for Computer,https://www.facebook.com/100063962475277/photos/1527110839430984/,facebook,merchant_official_page,physical_presence,positive,"Established laptop and workstation retail outlet in Assiut (Hilali Street) providing imported professional grade workstations (Dell Precision, HP EliteBook, Lenovo ThinkPad) with electronic payment and installment support.",0.88,strong,2026-07-20T14:00:00+00:00,2026-08-24T12:00:00+00:00,1,,0
cf5ba145-8a36-4949-a129-337fe0f39c9e,a23bfe66-ec07-4dbf-ac85-a298e2efbf2d,ITC for Computer,https://www.facebook.com/100063962475277/posts/1380459240762812/,Facebook,merchant_announcement,physical_presence,positive,"Commercial post announcing stock of high-generation laptops (11th, 12th, 13th Gen) and professional CAD workstations in Assiut with Visa card purchase acceptance and original accessories.",0.85,strong,,2026-08-24T12:55:00+00:00,1,,0
e387602f-4b6b-4e85-8d95-31448ffdfb9b,7f8c32c8-d43b-41ad-bd6b-481caece2e99,Ideal Service for Import & Export,https://www.youm7.com/story/2016/6/13/%D8%A5%D9%84%D9%8A%D9%83%D8%AA%D8%B1%D9%88%D9%84%D9%83%D8%B3-%D8%AA%D8%B4%D9%8A%D8%AF-%D8%A8%D8%AC%D9%87%D9%88%D8%AF-%D8%AC%D9%87%D8%A7%D8%B2-%D8%AD%D9%85%D8%A7%D9%8A%D8%A9-%D8%A7%D9%84%D9%85%D8%B3%D8%AA%D9%87%D9%84%D9%83-%D9%81%D9%89-%D9%85%D8%B7%D8%A7%D8%B1%D8%AF%D8%A9-%D9%85%D8%B1%D8%A7%D9%83%D8%B2-%D8%A7%D9%84%D8%B5%D9%8A%D8%A7%D9%86%D8%A9/2760166,Youm7,news+gov,official_warning,negative,Cairo Economic Court issued rulings in cases 1435/2015 and 804/2015 fining Ideal Service for Import and Export for trademark infringement and misleading consumers by providing unauthorized and fake maintenance services under the Ideal and Zanussi names.,0.95,very_strong,2016-06-13T15:42:25+00:00,2026-08-23T23:35:00+00:00,1,,0
4ec787fd-112b-40e6-a633-0c114f147671,d38a3ec3-7417-4c0a-8a80-2844e06f6e43,Jebco Assiut for Electrical Appliances (معرض جيبكو للأجهزة الكهربائية),https://www.facebook.com/Jebcoassiut/photos/1389516323179140/,facebook,social_post,physical_presence,positive,"Commercial post showing branch locations in Assiut (Yousri Ragheb St and El Geish St) and offering major home appliance brands (refrigerators, washers, ACs) with installment integrations (Aman, Fawry, ValU).",0.86,strong,,2026-08-24T13:00:00+00:00,1,,0
64e8a7b5-1de1-4c7d-802a-6fbe8f5fc35f,e59a250f-917b-4c4b-8463-26e763fc489e,Joo Store,https://www.facebook.com/61553124015216/videos/1747709999445868/,facebook,social_media_post,physical_presence,positive,Joo Store advertises sales and trade-in of used and kasr zero PlayStation 4 and 5 consoles with a 1-year store warranty and 1-month replacement window at its Mansoura location.,0.85,strong,,2026-08-23T20:34:39.535309+00:00,1,,0
c1d5ad3c-bb80-42bb-b15f-fda8ace36556,8a71a16a-7f9e-4bf2-b01c-14be4a12636d,Jovi Tronix,https://www.facebook.com/groups/Dont.shop.here/posts/10162884198710338/,Facebook,Customer Community Post,warranty_issue,negative,"Customer posted a documented complaint regarding prolonged maintenance delays, lack of spare parts, and failure to honor warranty repair obligations at Jovi Tronix (Jovicare) customer care center.",0.88,strong,2019-10-15T00:00:00+00:00,2026-08-23T12:00:00+00:00,1,,0
272b1ddc-c588-4386-8c53-170820b93925,8a71a16a-7f9e-4bf2-b01c-14be4a12636d,Jovi Tronix,https://www.youm7.com/story/2015/12/29/%D8%AD%D9%85%D8%A7%D9%8A%D8%A9-%D8%A7%D9%84%D9%85%D8%B3%D8%AA%D9%87%D9%84%D9%83-%D9%8A%D8%AD%D9%8A%D9%84-%D8%B4%D8%B1%D9%83%D8%A9-%D8%AC%D9%88%D9%81%D9%89-%D8%AA%D8%B1%D9%88%D9%86%D9%83%D8%B3-%D9%84%D9%84%D9%85%D9%88%D8%A8%D8%A7%D9%8A%D9%84-%D9%81%D9%89-7-%D9%82%D8%B6%D8%A7%D9%8A%D8%A7/2513742,News / Public Record,News Article,official_warning,negative,The Egyptian Consumer Protection Agency (CPA) referred Jovi Tronix to the Public Prosecution across 7 cases for refusing to replace defective mobile devices under warranty and non-compliance with consumer protection decisions.,0.95,very_strong,2015-12-29T11:45:00+00:00,2026-08-23T12:00:00+00:00,1,,0
cd85b45e-5cc6-405f-80d7-48dde10a6856,8a71a16a-7f9e-4bf2-b01c-14be4a12636d,Jovi Tronix,https://www.almasryalyoum.com/news/details/864568,Al Masry Al Youm,news+gov,official_warning,negative,CPA referred Jovi Tronix Commercial Agencies to the public prosecution after the company refused to execute CPA board decisions ordering the replacement of HTC Desire 816 smartphones with manufacturing defects and a Lenovo smartphone repaired three times during warranty.,0.95,very_strong,2015-12-29T11:29:29+00:00,2026-08-23T23:35:00+00:00,1,,0
76f885ad-bd6c-49cf-85fb-a8859cf03aa7,a1e7f651-cba4-41a7-873d-3425f4f83cd0,Jumia Egypt,https://www.jumia.com.eg,Jumia Official Portal,official_store_policy,verified_business_information,neutral,"Jumia Egypt details its return procedures within 14 days, official warranty validation on tech and appliance products (Jumia Mall), and customer service channels on 19586.",0.92,very_strong,2024-03-10T00:00:00+00:00,2026-08-24T13:35:00+00:00,1,,0
b44a72bf-1599-49b4-baa3-ad92fab3e25a,c7658d55-167d-4f67-af19-a786121bdcbd,Kabbani Furniture & Appliances,https://www.kabbanifurniture.com/pages/contact-us,official_website,registry+web,verified_business_information,positive,"Kabbani Furniture & Appliances discloses official Tax Registration Number 569-961-525 in its footer and legal terms, offering manufacturer warranties and nationwide delivery.",0.95,very_strong,,2026-08-23T12:00:00+00:00,1,,0
38623b53-141c-4308-8df9-6b6feedaf63f,c7658d55-167d-4f67-af19-a786121bdcbd,Kabbani Furniture & Appliances,https://kabbanifurniture.com,Kabbani Furniture Official Website,official_website,verified_business_information,neutral,Major furniture manufacturer and retailer with comprehensive warranties (up to 10 years on mattresses and 5 years on bedrooms) and formalized return policies adhering to CPA regulations.,0.88,strong,2024-09-01T00:00:00,2026-08-24T12:00:00+00:00,1,,0
8363bf06-61f2-458c-bd33-1b3b2f0fa28f,a8c76a89-822e-4a51-b512-4666034360f0,Kareem Stores,https://kareemstores.com/en/pages/about-us,official_website,registry+web,long_business_history,positive,"Kareem Stores documents 30 years in business (since 1996) as an authorized partner for major camera and optical brands (Canon, Sony, Nikon, DJI) across 4 physical stores in Greater Cairo.",0.9,strong,,2026-08-23T12:00:00+00:00,1,,0
27a539de-34bd-41f3-bec1-982d4cb73d98,b4b09039-c491-49f2-b14b-f9ebbecf663c,Kasrawy Group (مجموعة القصراوي),https://kasrawygroup.com,merchant_website,official_profile,verified_business_information,neutral,"Kasrawy Group operates authorized distribution and maintenance networks for global automobile brands in Egypt (JAC, Citroen, Jetour, SsangYong, Golden Dragon, IVECO), coordinating regular safety inspection and software update campaigns with the CPA.",0.9,strong,,2026-08-24T12:00:00+00:00,1,,0
f562fa68-40b5-4bf6-8d6a-a496d8d37df7,01d5a9f8-1efb-44a4-9a77-14bb62d93bd0,Kazyon,https://almalnews.com/2112849/%C2%AB%D9%83%D8%A7%D8%B2%D9%8A%D9%88%D9%86%C2%BB-%D8%AA%D8%AA%D8%AE%D8%B0-%D8%A5%D8%AC%D8%B1%D8%A7%D8%A1%D8%A7%D8%AA-%D8%AD%D8%A7%D8%B3%D9%85%D8%A9-%D8%A8%D8%B9%D8%AF-%D8%B1%D8%B5%D8%AF-%D9%85%D8%AE%D8%A7%D9%84%D9%81%D8%A9/,Al Mal News,news_report,merchant_response,positive,"Kazyon issued an official corporate announcement detailing decisive internal disciplinary action and nationwide product validity checks across 1,150+ stores following consumer reports of product expiry manipulation.",0.93,very_strong,2026-05-15T00:00:00,2026-08-23T00:00:00,1,,0
73b88874-b67b-4c0d-a399-c2e767d6471c,01d5a9f8-1efb-44a4-9a77-14bb62d93bd0,Kazyon,https://www.facebook.com/kazyonegypt/posts/1353942806764626/,facebook,official_social_page,verified_business_information,positive,"Kazyon officially states Tax Registration Number 643-218-474 on its national promotional campaigns for small appliances, TVs, and household electronics.",0.95,very_strong,,2026-08-23T12:00:00+00:00,1,,0
0685df3b-84ec-4e1e-a3c2-b42d47314008,01d5a9f8-1efb-44a4-9a77-14bb62d93bd0,Kazyon,https://play.google.com/store/apps/details?id=com.kazyon.customer&hl=ar,google_play,app_store,verified_business_information,neutral,"Kazyon Egypt publishes its official customer support email ecomm-support@kazyon.com and unified hotline 19609 for order management, home delivery tracking, and customer inquiries across the Kazyon Plus digital shopping app.",0.9,strong,,2026-08-24T00:00:00+00:00,1,,0
9cd79464-0a51-432b-adb9-e08740232254,01d5a9f8-1efb-44a4-9a77-14bb62d93bd0,Kazyon,https://cpa.gov.eg/ar-eg/,cpa.gov.eg,consumer_advocate,pricing_issue,neutral,"Consumer Protection Agency (CPA) complaint resolution protocols for retail supermarket chains including Kazyon handle pricing discrepancies between shelf displays and cash registers, requiring consumers to retain electronic cash register purchase receipts as primary documentation.",0.9,strong,,2026-08-24T00:00:00+00:00,1,,0
39788954-808c-4376-8052-bd39b0fe2f27,01d5a9f8-1efb-44a4-9a77-14bb62d93bd0,Kazyon,https://www.facebook.com/kazyonegypt/photos/809534659150692/,facebook,merchant_official_page,merchant_response,neutral,Official corporate compliance announcement by Kazyon Market clarifying regulatory adherence to Consumer Protection Agency (CPA) standards and immediate quality audits across its 1150+ Egyptian branch network following customer feedback.,0.95,very_strong,2026-05-15T10:00:00+00:00,2026-08-24T12:00:00+00:00,1,,0
ec9ee3ea-dfef-450b-a92c-8a29e50db2f7,890f8666-c04c-441a-b4ab-78a29ae04f90,Kheir Zaman,https://www.kheirzaman.com/ar/terms-and-conditions,kheirzaman.com,official_merchant_portal,verified_business_information,neutral,"Kheir Zaman, the value supermarket arm of Mansour Group, maintains over 100 branches across Egyptian governorates. Customer service and exchange operations are conducted via hotline 16007 and verified WhatsApp business number 01212216007.",0.92,very_strong,2025-07-01T00:00:00+00:00,2026-08-23T11:30:00+00:00,1,,0
ba602bc5-1fe8-4a06-a965-711b7759591e,3b2f3927-90df-4826-b256-d69dc32ff8d5,Kheir Zaman (Tanta Branch),https://yellowpages.com.eg/ar/profile/%D8%B3%D9%88%D8%A8%D8%B1-%D9%85%D8%A7%D8%B1%D9%83%D8%AA-%D8%AE%D9%8A%D8%B1-%D8%B2%D9%85%D8%A7%D9%86/585024,yellowpages_egypt,business_directory,physical_presence,neutral,Commercial registry and business directory listing for Kheir Zaman supermarket in Kitchener Square / Saeed Street in Tanta with nationwide unified hotline 16007.,0.9,strong,2024-04-12T00:00:00+00:00,2026-08-24T12:00:00+00:00,1,,0
27617f72-ca58-461e-9e0c-5413b9562aec,f1ff792d-5063-428c-bcb9-b4733a5dbb0f,Kimo Store,https://kimostore.net,Merchant Website,official_store_page,long_business_history,positive,"Kimo Store has operated in Alexandria since 2012, retailing new and imported computers, components, laptops, surveillance systems, and POS solutions with physical stores in Sidi Bishr (Alexandria) and Mokattam (Cairo).",0.95,very_strong,,2026-08-23T00:00:00+00:00,1,,0
1b78b6d0-53e0-4276-b1a6-64466562cfe3,f1ff792d-5063-428c-bcb9-b4733a5dbb0f,Kimo Store,https://kimostore.net/ar/collections/kimo-store-branches,Web,merchant_website,long_business_history,positive,"Kimo Store documents establishment in 2012 in Alexandria with physical showroom in Sidi Bishr specializing in computers, refurbished hardware, point-of-sale systems, and appliances.",0.9,strong,,2026-08-23T12:00:00+00:00,1,,0
e909c1c8-8ee6-4240-82cd-9afb9c97c08d,f1ff792d-5063-428c-bcb9-b4733a5dbb0f,Kimo Store,https://kimostore.net/collections/pc-components,web,merchant_official_website,verified_business_information,neutral,"Official store information for Kimo Store in Mokattam, Cairo (Street 9, El Abageyah), hotline 19611, offering PC components, gaming hardware, and consumer tech products.",0.9,strong,2026-01-01T00:00:00+00:00,2026-08-23T15:50:00+00:00,1,,0
ce7d97f1-8929-4495-ace5-becfd7dad6e0,42dd4bc1-fd68-4d79-aa19-85e4566ba35f,King Store (كينج ستور),https://www.facebook.com/p/KING-STORE-100064115437877/,facebook,social_page,verified_business_information,positive,"Business details for King Store branches in Roushdy (Deeb Mall 5th floor) and El Wardian, specializing in PlayStation console sales, trade-ins, and barcoded maintenance tracking.",0.9,strong,,2026-08-23T12:00:00+00:00,1,,0
46438e1f-6975-4979-9f47-3b0dcda88c35,c8498080-fc5a-484f-923a-b81038637c6f,King Tech,https://www.facebook.com/kingtecheg/,Facebook,Social Media Page,verified_business_information,positive,"King Tech operates retail computer and mobile maintenance branches across Eastern and Western Alexandria (Asafra and El-Bitash/Agami), offering hardware, printers, ink refills, and screen sales.",0.9,strong,,2026-08-23T12:00:00+00:00,1,,0
dcb2ac0a-eee3-493d-af78-aa323465ede8,7568761f-dbc9-4b45-bd5c-f441dad9cd0f,Kingdom Tech Store,https://buy.com.eg/ar/directory/%D8%A7%D9%84%D9%85%D9%85%D9%84%D9%83%D8%A9-%D9%84%D8%AE%D8%AF%D9%85%D8%A7%D8%AA-%D8%A7%D9%84%D8%AA%D9%82%D9%86%D9%8A%D8%A9-ehm8i2,Buy Egypt Directory,directory_listing_and_reviews,product_quality,positive,"High aggregate rating (4.8/5) with positive feedback on genuine hardware, custom gaming PC assembly, after-sales maintenance, competitive pricing, and warranty coverage.",0.9,strong,2024-11-12T09:00:00+00:00,2026-08-23T10:20:00+00:00,1,,0
1f123557-d955-4fb2-840a-f2baf1e9fc7d,7568761f-dbc9-4b45-bd5c-f441dad9cd0f,Kingdom Tech Store,https://www.facebook.com/kingdom.tech18/posts/1568657328607354/,facebook,merchant_post,verified_business_information,positive,"Merchant verified post providing landline, mobile, full physical store address on El Helaly Street in Assiut opposite Civil Protection, and active e-commerce portal kingdom-tech.store.",0.95,very_strong,2025-11-15T00:00:00+00:00,2026-08-24T00:00:00+00:00,1,,0
540819eb-16f1-45ba-8769-3db6e607e706,7568761f-dbc9-4b45-bd5c-f441dad9cd0f,Kingdom Tech Store,http://www.kingdom-tech.store,merchant_website,merchant_website,verified_business_information,positive,"Commercial tech merchant in Assiut providing custom PC builds, laptops, storage hardware, and electronics maintenance with up to 1-year warranty on repairs and certified physical presence on Hilali street.",0.9,strong,2026-03-01T10:00:00+00:00,2026-08-24T12:00:00+00:00,1,,0
883b469e-b815-40d4-879c-5ee61fe50d46,df82ca75-4a38-4308-9c86-8689f79d36ea,Kiriazi Group,https://kiriazi.com/maintenance,Kiriazi Official Portal,official_store_policy,verified_business_information,positive,"Kiriazi details its authorized maintenance network and official customer service hotline 19091, warning consumers against unauthorized repair workshops that misrepresent the Kiriazi brand.",0.9,strong,2024-04-12T00:00:00+00:00,2026-08-24T12:40:00+00:00,1,,0
1fc4665b-e083-435f-adb7-1082d818a408,9dab9f74-9587-42ed-9757-5d4c662484d9,LG Electronics Egypt,https://www.lg.com/eg_ar/,LG Egypt Official Portal,official_store_policy,verified_business_information,positive,"LG Electronics Egypt specifies official customer service hotline 19960 and certified maintenance network for televisions, washing machines, and refrigerators manufactured at its 10th of Ramadan factory.",0.95,very_strong,2024-04-20T00:00:00+00:00,2026-08-24T13:45:00+00:00,1,,0
42c98b37-9fd0-412c-934c-7246b1aa6b64,d5119fef-5ef0-44e4-8e4b-73cebd08b06c,Lap Store,https://lapstoreeg.com,web,official_website,after_sales_support,positive,"Lap Store provides laptop hardware parts, screen replacements, original keyboards, and upgrade/trade-in services at Compu Palace 2 Mall in Smouha.",0.9,strong,,2026-08-23T12:28:00+00:00,1,,0
bcf1d6a5-2f3b-4e06-84ed-1f34369580e9,1d129b46-cf3f-4549-bb6d-60055e2d6937,Lap X Tanta,https://yellowpages.com.eg/ar/map-category/%D8%B7%D9%86%D8%B7%D8%A7-%D9%83%D9%85%D8%A8%D9%8A%D9%88%D8%AA%D8%B1-%D8%A7%D8%AC%D9%87%D8%B2%D8%A9-%D9%88%D9%82%D8%B7%D8%B9-%D8%BA%D9%8A%D8%A7%D8%B1/3813,yellowpages_egypt,directory_listing,physical_presence,positive,"Specialized computer, workstation, and gaming laptop retailer in Tanta located on Omar Ibn Abdel Aziz Street, offering used and imported business hardware with warranty.",0.88,strong,2024-06-01T00:00:00+00:00,2026-08-24T12:00:00+00:00,1,,0
a14bd28c-1138-4aac-aabf-1d0b570b9f1c,53a1873f-14cf-4feb-a19d-0756eaeb6023,LapTop Center Mansoura (لاب توب سنتر),https://www.facebook.com/MyLapTopCenter/,facebook,merchant_page,after_sales_support,positive,"LapTop Center operates a specialized laptop repair and component replacement center on Faculty of Arts Street in Mansoura, providing replacement screens, internal hardware fixes, and diagnostic maintenance.",0.9,strong,,2026-08-23T00:00:00+00:00,1,,0
7962703c-70a9-4033-9887-ebdbd1d6c00d,53a1873f-14cf-4feb-a19d-0756eaeb6023,LapTop Center Mansoura (لاب توب سنتر),https://www.facebook.com/MyLapTopCenter/,facebook,merchant_page,verified_business_information,positive,"Official merchant page documenting physical location in Mansoura on Sharia Aql off Faculty of Arts Street, offering laptop maintenance, original replacement screens, keyboards, batteries, chargers, and laser keyboard letter engraving.",0.9,strong,,2026-08-24T12:20:00+00:00,1,,0
8a77bef4-9ab5-45b9-98e6-135a8c836197,d59ad8b0-ea8e-4372-a74a-7c2e07023d89,Lord Laptop,https://lordlaptop.com,Direct Merchant Site,merchant_official_website,warranty_honored,positive,"Lord Laptop is an established retail merchant in Mansoura located off Gehan Street, providing imported business and workstation laptops with 3-month store warranty, device inspection before purchase, and nationwide cash-on-delivery.",0.85,strong,2025-11-20T00:00:00+00:00,2026-08-23T12:00:00+00:00,1,,0
32a7e5fe-c140-43e2-89be-7da49d736167,d59ad8b0-ea8e-4372-a74a-7c2e07023d89,Lord Laptop,https://lordlaptop.com/pages/contact,Website (Shopify Store),official_store_page,physical_presence,neutral,"LORD Laptop operates a physical showroom and online store in Mansoura on Aqal (Bayro) St off Gehan St, open Saturday to Thursday 12:00 PM to 10:00 PM.",0.95,very_strong,,2026-08-23T21:06:00+00:00,1,,0
35a13203-c602-4f33-a2e3-2e2699447c68,d59ad8b0-ea8e-4372-a74a-7c2e07023d89,Lord Laptop,https://lordlaptop.com/policies/refund-policy,Website (Official Policy Page),policy_documentation,refund_issue,positive,"LORD Laptop provides a structured 3-day money-back return policy, 14-day exchange period, 30-day unit replacement warranty for manufacturing defects, and 90 days of free labor maintenance.",0.94,very_strong,,2026-08-23T21:08:00+00:00,1,,0
57b1c6ad-24a9-448e-93a6-e89f20c7c8d2,ef4213dd-f5e4-45a6-a914-4f127424672e,LuLu Hypermarket Egypt,https://www.logodalil.com.eg/Categories/Hypermarkets/LuLu/Egypt_en.html,logodalil.com.eg,commercial_directory,physical_presence,neutral,"LuLu Hypermarket maintains large-scale physical hypermarkets across Cairo including Emerald Twin Plaza (First Settlement), The Park Mall (Fifth Settlement), and The District Mall (Sheraton), operating daily 09:00 to 00:00 with localized branch telephone lines and direct delivery partnerships.",0.9,strong,2025-06-15T00:00:00+00:00,2026-08-23T11:00:00+00:00,1,,0
a048a5e2-dae2-48f7-8447-aafea1667f44,ef4213dd-f5e4-45a6-a914-4f127424672e,LuLu Hypermarket Egypt,https://www.facebook.com/LuLuHypermarketEG/videos/831468851612296/,facebook,official_social_profile,verified_business_information,positive,"Large multinational hypermarket chain in Egypt offering extensive groceries, fresh foods, and electronics via physical hypermarket stores, direct branch landlines, and dedicated WhatsApp delivery channels.",0.94,very_strong,2024-04-05T00:00:00+00:00,2026-08-24T12:00:00+00:00,1,,0
88b88def-f10e-4b98-b186-38b337e1f37d,8433146b-4231-4917-b298-749a38742b25,M Store Assiut,https://www.facebook.com/p/M-Store-100092729780089/,Facebook,merchant_page,physical_presence,positive,"Independent retail store on Al-Nemeis street in Assiut specializing in Apple iPhones, Samsung, and Xiaomi devices along with on-site mobile repair.",0.85,strong,2024-09-05T18:00:00+00:00,2026-08-23T10:40:00+00:00,1,,0
2f106acd-ac0e-4ba1-bb20-4ea50813cb61,fff20389-d991-4180-9302-25ba871bd633,MAX-repair Mansoura (ماكس ريبير لصيانة اللاب توب والإلكترونيات),https://www.facebook.com/max.repair1/,facebook,merchant_page,after_sales_support,neutral,"MAX-repair operates a physical repair shop in Mansoura focusing on motherboard diagnostics, power supply circuitry repair, laptop component maintenance, and gaming console servicing.",0.88,strong,,2026-08-23T00:00:00+00:00,1,,0
9f4cbd88-0de1-435b-b791-a7aec7acaae9,d5797713-85ca-49e5-ae69-2190ec26e1f4,MCG,https://www.reddit.com/r/Egypt/comments/1ngvk99/i_rarely_say_this_about_a_computer_shop_called/,reddit,forum_post,successful_purchase,positive,"User reports a highly positive thermal service experience with MCG computer shop located in Maadi in front of Sadat Academy, which stocked genuine Honeywell PTM 7950 phase change thermal pads and reduced GPU/CPU thermal load by over 10°C on a Lenovo gaming laptop (Ryzen 7 5800H + RTX 3060).",0.9,strong,2024-09-15T10:00:00+00:00,2026-08-23T12:00:00+00:00,1,,0
b000c41e-c7d2-4a17-bdaa-0295f769f37f,3bf5da67-5dc6-4159-91a5-dff62731654f,MK STORE,https://www.facebook.com/MKStore6639/photos/1021297113835878/,facebook,merchant_profile_post,verified_business_information,positive,"Official store policy publication offering authentic software licensing (Windows, Office, security software) and customer support via dedicated WhatsApp business number (+201099020573).",0.82,strong,2024-01-12T19:00:00+00:00,2026-08-23T14:48:00+00:00,1,,0
88f140b2-4ec8-45be-875a-3c8129b06a1b,9af176b0-b896-4494-bcfb-d1ef85166ba5,MTI Holding (MM Group for Industry and International Trade S.A.E.),http://mtiholding.net/ar/contact-us,merchant_website,contact_page,physical_presence,neutral,"MTI Holding publishes its official administrative headquarters and authorized Panasonic showroom location on Corniche El Nile in Shoubra, Cairo, along with its Mall of Arabia showroom and customer service hotline 16159.",0.95,very_strong,,2026-08-23T00:00:00+00:00,1,,0
b0980a57-db1e-47c7-b58f-0d409fa6edf7,9bba25aa-9247-4627-ae2f-847fa0122199,Mac City Store Egypt,https://www.facebook.com/maccitystore/,facebook,merchant_business_page,physical_presence,positive,"Mac City operates as a specialized Apple sales, repair, and trade-in shop located directly in front of City Stars in Nasr City, offering MacBooks, iPhones, iPads, and specialized component-level maintenance.",0.9,strong,2024-05-10T14:30:00+00:00,2026-08-23T12:00:00+00:00,1,,0
895a9e8a-5f49-4b15-8f1c-a4102baa1fbd,3227fc4a-aad3-4075-b15e-628739c6730b,Macintosh Computer Services,https://www.facebook.com/Macintosheg/,Facebook,Social Media Page,physical_presence,neutral,"Macintosh Computer Services operates in Azarita, Alexandria, offering specialized maintenance, parts replacement, and data recovery for Apple hardware including MacBook, iMac, and iPhone.",0.85,strong,,2026-08-23T12:00:00+00:00,1,,0
c6460b3b-eacd-4367-a03a-4d5320fb56a8,1c2d0e5a-ca2e-423d-a125-991497221f84,Makers Electronics,https://makerselectronics.com/,Web,merchant_website,physical_presence,positive,"Makers Electronics operates an e-commerce platform and physical storefront in El Ibrahimeya, Alexandria, offering microcontrollers, IoT development boards, robotics modules, and measuring tools.",0.9,strong,,2026-08-23T12:00:00+00:00,1,,0
e0c1832a-a953-4dcb-a7ce-3cb4c4e8726a,1c2d0e5a-ca2e-423d-a125-991497221f84,Makers Electronics,https://www.reddit.com/r/askegypt/comments/12cuhje/electronics_in_alexandria/,Reddit,forum_thread,repeated_recommendation,positive,"Community recommendation on Reddit for obtaining electronics components, Arduino boards, and sensors in Alexandria.",0.85,strong,2023-04-05T14:30:00+00:00,2026-08-23T12:00:00+00:00,1,,0
0539193d-a538-40db-85d3-0ec17ac83392,97d59146-cb80-4850-9b97-afbe4fddef70,Mantrac Distribution,https://mantrac-distribution.com/about-us,mantrac-distribution.com,official_website,verified_business_information,positive,"Mantrac Distribution (part of Mansour Group) is an authorized Value Added Distributor (VAD) in Mohandessin, Giza, representing major international vendors including Dell Technologies, Lenovo, HP, IBM, Fortinet, Trend Micro, and Cisco in Egypt.",0.95,very_strong,,2026-08-23T00:00:00+00:00,1,,0
d98a8066-7596-44a4-a9ce-bccdcaa4636b,97d59146-cb80-4850-9b97-afbe4fddef70,Mantrac Distribution,https://mantrac-distribution.com/news/signing-official-distribution-agreement-with-hp,mantrac-distribution.com,press_release,verified_business_information,positive,"Mantrac Distribution (part of Mansour Group) announces official distribution agreements for HP and Dell commercial and consumer laptops in Egypt, supported by Dell-authorized maintenance centres through Delta for Trading.",0.95,very_strong,2025-05-15T10:00:00+00:00,2026-08-23T15:30:00+00:00,1,,0
74c866ed-a581-4b2b-88df-ddc24cef0751,c392c598-4f59-4860-afc5-037fa9d24ece,Masr Fransa for Computer & Laptop (شركة مصر فرنسا للكمبيوتر واللاب توب),https://www.facebook.com/Masrfransa/posts/1385724728427871/,Facebook,merchant_post,physical_presence,neutral,Masr Fransa provides imported laptops and workstations from its primary branch in Tanta on Omar Ibn Abdel Aziz / El-Gendy Street.,0.87,strong,2025-08-10T00:00:00+00:00,2026-08-24T00:00:00+00:00,1,,0
297b2c93-c76e-4982-9197-fef8c0c75744,8dc75d76-bbcf-480b-ad9f-e569f60fd861,Matrix Store El Mahalla,https://www.facebook.com/100061858249234/posts/1637575231647736/,facebook,social_media_post,product_quality,positive,Matrix Store in El Mahalla El Kubra advertises tested kasr-zero PlayStation 4 consoles with in-store testing.,0.85,strong,,2026-08-23T20:34:39.583126+00:00,1,,0
871bfd2e-b817-4fa0-9b9f-eaa7e3b61d9e,6a87eaea-e0c7-4e36-b179-32ea1618010e,Matrix Systems,https://www.facebook.com/groups/1362163691232086/posts/1900853814029735/,facebook,facebook_group_post,product_quality,neutral,"Community discussion regarding purchasing hardware in El Sakhawy and El Bostan computer malls, warning buyers to inspect imported PC parts and motherboard repairs carefully, verify written warranty terms, and test components on-site before completing purchase.",0.8,strong,,2026-08-23T12:00:00+00:00,1,,0
b801227a-152e-4ca8-b80a-1cec35eaf4c4,5f7fc4fe-299b-4135-b86e-1edd45cdca3e,Maximum Hardware,https://maximumhardware.store/about_us,Merchant Website,about_page,physical_presence,positive,"Maximum Hardware maintains established retail stores in both Cairo (Souq El Asr Mall, Heliopolis) and Alexandria (El Deeb Mall, Roushdy, 5th Floor Shop 27), offering hardware components and custom PC assembly.",0.95,very_strong,,2026-08-23T00:00:00+00:00,1,,0
5abad61f-462d-407b-8632-c9e536f47077,5f7fc4fe-299b-4135-b86e-1edd45cdca3e,Maximum Hardware,https://maximumhardware.store/contact-us,web,merchant_official_website,physical_presence,positive,"Verified physical stores in Souq El Asr Mall (Cairo) and El Deeb Mall (Alexandria), published telephone numbers, order tracking, and local warranty terms for PC hardware components.",0.92,very_strong,,2026-08-23T00:00:00+00:00,1,,0
08f67878-1e48-46ed-818a-e304d966dc89,5f7fc4fe-299b-4135-b86e-1edd45cdca3e,Maximum Hardware,https://www.maximumhardware.store,website,store_locator,verified_business_information,positive,"Official online presence and branch details for Maximum Hardware in Deeb Mall, Roushdy, offering high-end gaming PC builds, GPUs, processors, and local warranty.",0.95,very_strong,,2026-08-23T12:00:00+00:00,1,,0
720794ae-ba0b-4999-b6df-558d9fe642b6,5f7fc4fe-299b-4135-b86e-1edd45cdca3e,Maximum Hardware,https://www.reddit.com/r/Egypt/comments/183ghss/where_can_i_buy_pc_components_in_alexandria/,Reddit,forum_thread,repeated_recommendation,positive,"Reddit community members recommend Maximum Hardware at El Deeb Mall in Alexandria for purchasing computer parts and custom PC builds, noting transparent pricing via their website.",0.85,strong,2023-11-25T11:20:00+00:00,2026-08-23T12:00:00+00:00,1,,0
7655bb9e-6191-4059-b85d-0533b12aabce,5f7fc4fe-299b-4135-b86e-1edd45cdca3e,Maximum Hardware,https://maximumhardware.store/contact-us,web,merchant_official_website,physical_presence,neutral,"Official Maximum Hardware contact page lists physical retail branch at El Deeb Mall 5th floor in Roushdy, Alexandria.",0.9,strong,,2026-08-23T12:00:00+00:00,1,,0
01dbd6ac-5aeb-4461-bbea-8cfd66533eb2,5f7fc4fe-299b-4135-b86e-1edd45cdca3e,Maximum Hardware,https://maximumhardware.store/contact-us,web,merchant_official_website,physical_presence,neutral,"Official store location of Maximum Hardware in Cairo located at Souq El Asr Mall, Shop 123, 1st Floor, Khalifa El Maamoun St, Heliopolis, with direct landline 0222560220 and mobile 01060771001.",0.95,very_strong,2026-01-01T00:00:00+00:00,2026-08-23T15:20:00+00:00,1,,0
c3dc1bb9-d8b5-4f03-810f-1c9d8d089d8e,5f7fc4fe-299b-4135-b86e-1edd45cdca3e,Maximum Hardware,https://www.reddit.com/r/Egypt/comments/fw1hbu/fellow_egyptians_what_is_your_go_to_place_to_get/,reddit,community_discussion,repeated_recommendation,positive,"Community consensus on r/Egypt identifying Maximum Hardware at Souq El Asr as a prime trusted vendor for gaming PC components, GPUs, and hardware parts in Cairo.",0.85,strong,2020-04-07T00:00:00+00:00,2026-08-23T15:22:00+00:00,1,,0
d4c2ebb6-4d66-459e-9af3-3b8de5e6606e,5f7fc4fe-299b-4135-b86e-1edd45cdca3e,Maximum Hardware,https://www.reddit.com/r/Egypt/comments/1719azk/looking_for_a_decentaffordable_vendor_to_build_a/,Reddit,online_community_forum,repeated_recommendation,positive,"Egyptian PC enthusiasts recommending Maximum Hardware in Souq El Asr Mall for professional custom PC builds, cable management, component testing, and fair pricing.",0.85,strong,2023-10-06T00:00:00+00:00,2026-08-23T16:30:00+00:00,1,,0
44192a68-806d-4b17-90f1-dc2c93c30abe,5f7fc4fe-299b-4135-b86e-1edd45cdca3e,Maximum Hardware,https://maximumhardware.store/contact-us,web,merchant_official_website,physical_presence,neutral,"Maximum Hardware operates a physical storefront in Souq El Asr Mall (Heliopolis, Cairo) with e-commerce ordering and custom PC build services for the Egyptian technology and gaming market.",0.85,strong,2024-01-01T00:00:00+00:00,2026-08-23T20:42:00+00:00,1,,0
7d276a60-efe3-47db-b273-ea8168db8fb1,5f7fc4fe-299b-4135-b86e-1edd45cdca3e,Maximum Hardware,https://maximumhardware.store/contact-us,web,merchant_official_website,physical_presence,neutral,"Official store information verifying Maximum Hardware branches in Souk El-Asr Mall (Heliopolis, Cairo) and El Deeb Mall (Roshdy, Alexandria), listing local landlines, mobile numbers, and contact email.",0.9,strong,,2026-08-23T21:48:00+00:00,1,,0
2830a350-5289-479a-bb49-e8f784a1ded9,5f7fc4fe-299b-4135-b86e-1edd45cdca3e,Maximum Hardware,https://maximumhardware.store/contact-us,web,merchant_official_website,physical_presence,neutral,"Maximum Hardware operates an established physical retail branch in Alexandria at El Deeb Mall (5th Floor, Shop 27, Syria St, Roushdy) specializing in PC building, graphics cards, and gaming hardware.",0.92,very_strong,,2026-08-24T00:00:00,1,,0
6983ee93-5aa9-4a01-91a8-f9a9b087b4ed,5f7fc4fe-299b-4135-b86e-1edd45cdca3e,Maximum Hardware,https://maximumhardware.store/return-policy,official_store_website,return_policy,warranty_issue,neutral,"Maximum Hardware return and refund policy sets official defect inspection protocols, repair/replacement workflows, and a 7-14 business days refund turnaround to the original payment method.",0.9,strong,,2026-08-24T00:00:00,1,,0
aeeed5f2-fcda-4c62-acfd-10b03035da70,5f7fc4fe-299b-4135-b86e-1edd45cdca3e,Maximum Hardware,https://www.facebook.com/MaximumHardwareStore/posts/576011538150117/,facebook,merchant_announcement,verified_business_information,positive,"Maximum Hardware published store branch locations in Souq El Asr Mall (Cairo) and El Deeb Mall (Alexandria), contact lines, opening hours, and local distributor warranty policies on PC hardware components.",0.92,very_strong,2025-09-12T00:00:00+00:00,2026-08-24T00:00:00+00:00,1,,0
4a3ad751-97e5-4a33-bf03-6650fd8e205a,5f7fc4fe-299b-4135-b86e-1edd45cdca3e,Maximum Hardware,https://maximumhardware.store/contact-us,web,merchant_official_website,verified_business_information,positive,"Official store policy and branch registry providing physical addresses at Souq El Asr Mall in Heliopolis and El Deeb Mall in Alexandria, listing phone numbers, 14-day statutory return policy, and local distributor warranty backing.",0.95,very_strong,,2026-08-24T12:05:00+00:00,1,,0
4d3088e5-dba7-48a2-82fd-ee5232aa240d,5f7fc4fe-299b-4135-b86e-1edd45cdca3e,Maximum Hardware,https://maximumhardware.store/contact-us,web,merchant_official_website,physical_presence,positive,"Maximum Hardware operates physical branches in Alexandria at Deeb Mall (Shop 27, 5th floor) and Cairo at Souq El Asr Mall (Shop 123, 1st floor), providing official distributor warranty on all PC components and systems.",0.93,very_strong,2025-10-10T00:00:00+00:00,2026-08-24T12:10:00+00:00,1,,0
b4aa6e36-947a-4d81-943a-1e9700f7e697,5f7fc4fe-299b-4135-b86e-1edd45cdca3e,Maximum Hardware,https://maximumhardware.store/contact-us,web,merchant_official_website,physical_presence,positive,"Maximum Hardware confirms physical store locations in Cairo (Souq Al-Asr Mall, Shop 123) and Alexandria (El Deeb Mall, Shop 27), providing verified contact lines (0222560220, 01060771001), PC hardware building services, and official local warranties.",0.92,very_strong,2024-06-20T00:00:00+00:00,2026-08-24T12:45:00+00:00,1,,0
ef0d5cd1-6034-405d-a3c8-5ebecd2388a2,0eca990d-d567-45a7-b565-c1b284974c14,Metra Computer,https://www.youm7.com/story/2016/1/9/%D8%AC%D9%87%D8%A7%D8%B2-%D8%AD%D9%85%D8%A7%D9%8A%D8%A9-%D8%A7%D9%84%D9%85%D8%B3%D8%AA%D9%87%D9%84%D9%83-%D9%8A%D8%AD%D9%8A%D9%84-%D8%B4%D8%B1%D9%83%D8%A9-%D9%85%D8%AA%D8%B1%D8%A7-%D9%84%D9%84%D9%83%D9%85%D8%A8%D9%8A%D9%88%D8%AA%D8%B1-%D9%81%D9%89-%D9%82%D8%B6%D9%8A%D8%AA%D8%A7%D9%86-%D9%84%D9%84%D9%86%D9%8A%D8%A7%D8%A8%D8%A9/2529687,Youm7,news+gov,official_warning,negative,Egypt's Consumer Protection Agency (CPA) officially referred Metra Computer to the Agouza Prosecution for non-compliance with consumer protection law and refusing to enforce CPA board decisions mandating the replacement or refund of a defective Asus tablet (screen spots) and a defective Samsung camera.,0.95,very_strong,2016-01-09T10:20:22+00:00,2026-08-23T23:35:00+00:00,1,,0
0a8f716a-251a-4c72-aec6-4715509a7d37,b912f6d6-8c2c-4ee7-ae8c-b411983b00c5,Metro Market (Mansour Group),https://www.metro-markets.com/faqs,metro-markets.com,official_merchant_portal,verified_business_information,positive,"Metro Market, part of Mansour Group, operates prominent supermarket chains across Greater Cairo. Terms of service stipulate pre-acceptance inspection at delivery, replacement for damaged or missing items upon escalation to hotline 19619 or email contact@metro-markets.com.",0.93,very_strong,2025-09-01T00:00:00+00:00,2026-08-23T11:25:00+00:00,1,,0
d4b164a5-4fdb-4079-8b53-a3515bf74a53,72fb7b2f-3404-4449-8b31-f6e7845019cc,MiFix Egypt,https://www.facebook.com/mifixegypt/,facebook,business_page,physical_presence,positive,Business profile for iPhone maintenance and hardware repair service located on the 2nd Floor of El Serag Mall 1.,0.85,strong,,2026-08-23T16:00:00+00:00,1,,0
6eeab303-125e-444f-8c3c-3774b45356d2,e7b84f5d-095c-4f01-ad2c-61f464d254b9,Miamy Stores (ميامي ستورز للأجهزة الكهربائية),https://www.facebook.com/miamyelectric/videos/525884338117739/,Facebook,merchant_video_post,physical_presence,positive,"Miamy Stores operates a 4-floor retail showroom for major home appliances, screens, and refrigeration systems in Damanhour.",0.89,strong,2025-06-18T00:00:00+00:00,2026-08-24T00:00:00+00:00,1,,0
fcfac206-51c8-449b-ab75-8545dd887052,4e2900ca-e71e-480a-ba98-76bd638b7512,Miraco Carrier,https://www.miraco.com.eg,Miraco Official Portal,official_store_policy,verified_business_information,positive,Miraco Carrier certifies its authorized maintenance network and official customer service hotline 19111 for genuine spare parts and warranty coverage across Egypt.,0.92,very_strong,2024-05-01T00:00:00+00:00,2026-08-24T12:25:00+00:00,1,,0
4cd33de6-03a4-4ddd-bf65-8467b730d7e9,f35323ab-3aab-4333-b835-95b50eb2a0b5,Misr Pharmacies,https://www.wheretospot.com/post/%D9%81%D8%B1%D9%88%D8%B9-%D8%B5%D9%8A%D8%AF%D9%84%D9%8A%D8%A7%D8%AA-%D9%85%D8%B5%D8%B1,WhereToSpot Directory,directory_listing,physical_presence,positive,"Misr Pharmacies operates an extensive physical network of pharmacy branches across Greater Cairo and Giza (including Dokki, Mohandessin, and Haram), offering 24/7 delivery via unified hotline 19110, WhatsApp order routing, and e-commerce portal misr-online.com.",0.9,strong,2024-01-10T00:00:00+00:00,2026-08-23T00:00:00+00:00,1,,0
ce4e3302-3cb0-45c1-93c1-bfd585227676,f35323ab-3aab-4333-b835-95b50eb2a0b5,Misr Pharmacies,https://www.facebook.com/MisrPharmaciesOfficial/posts/813513180971603/,Facebook,merchant_official_page,verified_business_information,positive,"Official declaration of Misr Pharmacies loyalty reward program (Misr Points), 24/7 delivery services, website, mobile application, and customer service contact via hotline 19110 and WhatsApp 01004819110.",0.94,very_strong,2024-04-12T11:00:00+00:00,2026-08-24T00:00:00+00:00,1,,0
dd598861-3bdb-4472-8c01-4f7499ee6a14,f35323ab-3aab-4333-b835-95b50eb2a0b5,Misr Pharmacies,https://www.facebook.com/groups/Dont.shop.here/posts/10169340858275338/,Facebook (Don't Shop Here Consumer Group),consumer_advocacy_group,delayed_delivery,negative,Customer complaint detailing severe delivery delay and unfulfilled delivery commitments after ordering through Misr Pharmacies customer service hotline 19110.,0.82,strong,2024-06-04T18:20:00+00:00,2026-08-24T00:00:00+00:00,1,,0
dc29cacc-dc34-4a6c-a3e9-a7d4cb81efa2,f35323ab-3aab-4333-b835-95b50eb2a0b5,Misr Pharmacies,https://shbabbek.com/show/180144,Shbabbek News,service_directory_guide,identity_mismatch,neutral,"Clarification of merchant geographical branch footprint noting that Misr Pharmacies (hotline 19110) does not operate branches in Port Said, distinguishing it from unrelated independent local pharmacies in Port Said such as New El Masry Pharmacy (صيدلية المصري الجديدة).",0.88,strong,2024-02-28T14:00:00+00:00,2026-08-24T00:00:00+00:00,1,,0
d01bd334-cc04-4282-aecf-8319b4a31c95,f35323ab-3aab-4333-b835-95b50eb2a0b5,Misr Pharmacies,https://misr-online.com,Official Web Platform,ecommerce_platform,verified_business_information,neutral,Misr Pharmacies operates an extensive physical network and web platform (misr-online.com) with centralized order processing via unified hotline 19110 and direct WhatsApp customer interaction channels.,0.9,strong,,2026-08-24T00:00:00+00:00,1,,0
37373e98-9fdf-4942-8ff9-5dfe7473b479,f35323ab-3aab-4333-b835-95b50eb2a0b5,Misr Pharmacies,https://www.facebook.com/MisrPharmaciesOfficial/posts/%D8%A5%D8%AD%D9%86%D8%A7-%D9%81%D9%8A-%D8%B5%D9%8A%D8%AF%D9%84%D9%8A%D8%A7%D8%AA-%D9%85%D8%B5%D8%B1-%D8%AF%D8%A7%D9%8A%D9%85%D8%A7%D9%8B-%D9%85%D9%88%D8%AC%D9%88%D8%AF%D9%8A%D9%86-%D8%B9%D8%B4%D8%A7%D9%86-%D9%83%D9%84-%D9%81%D8%B1%D8%AF-%D9%85%D9%86-%D8%A3%D9%81%D8%B1%D8%A7%D8%AF-%D8%A7%D9%84%D8%A8%D9%8A%D8%AA-%D8%A8%D9%86%D9%88%D9%81%D8%B1-%D9%83%D9%84-%D8%A3%D9%86%D9%88%D8%A7%D8%B9-%D8%A7%D9%84%D8%A3/796593162663605/,Facebook (الصفحة الرسمية لصيدليات مصر),social_media_post,verified_business_information,positive,صيدليات مصر تؤكد توفير خدمة توصيل الأدوية ومستحضرات العناية والتجميل على مدار 24 ساعة عبر الخط الساخن 19110 والواتساب 01034419110 وعبر تطبيق الموبايل مع برنامج نقاط الولاء Misr Points.,0.9,strong,2024-03-20T00:00:00+00:00,2026-08-24T12:00:00+00:00,1,,0
df967569-9fac-4737-8d83-32e5b4e390eb,e9a655ef-32b1-4c8c-b7b1-6964d74365b8,Mobilaty,https://www.facebook.com/mobilatyegy/photos/783838393851569/,Facebook,merchant_official_page,verified_business_information,positive,"Official tax registration identifier (367-533-672) published by Mobilaty (subsidiary of Al Safy Group), unified hotline 16169, electronic storefront mobilaty.com, and physical retail stores across major shopping malls.",0.94,very_strong,,2026-08-23T00:00:00+00:00,1,,0
4fe42b11-fe97-41c3-9435-4cb49980af4a,e9a655ef-32b1-4c8c-b7b1-6964d74365b8,Mobilaty,https://www.facebook.com/mobilatyegy/posts/1354712376764165/,facebook,facebook_post,after_sales_support,neutral,"Customer inquiries and interactions on Mobilaty's official Facebook presence regarding installment inquiries, device repair routing, customer service response times, and mixed branch feedback.",0.8,strong,,2026-08-23T12:00:00+00:00,1,,0
f1eb005d-ad62-417b-8d7a-af06342ef22f,e9a655ef-32b1-4c8c-b7b1-6964d74365b8,Mobilaty,https://yellowpages.com.eg/ar/profile/%D9%85%D9%88%D8%A8%D9%8A%D9%84%D8%A7%D8%AA%D9%89/657732,yellow_pages,directory_listing,verified_business_information,neutral,"Verified commercial business profile for Mobilaty Egypt showing electronics, smartphone, and laptop retail operations and unified hotline 16169.",0.9,strong,,2026-08-23T16:00:00+00:00,1,,0
0b0d25bf-d7da-43e2-8ba1-f694a03b7e51,e9a655ef-32b1-4c8c-b7b1-6964d74365b8,Mobilaty,https://www.mobilaty.com/ar/pages/branches,merchant_website,directory_listing,physical_presence,positive,"Official store locator confirming physical branches in Citystars Mall, Cairo Festival City, and Maadi City Centre in Cairo.",0.95,very_strong,,2026-08-23T16:00:00+00:00,1,,0
fcb135b7-cfa8-47b9-8ecf-26c238103043,e9a655ef-32b1-4c8c-b7b1-6964d74365b8,Mobilaty,https://www.facebook.com/mobilatyegy/photos/1397492652486137/,facebook,post,verified_business_information,positive,Promotional publication for new mobile phones and accessories with available financing and installment plans.,0.9,strong,,2026-08-23T16:00:00+00:00,1,,0
7a21121b-e560-45f9-9ea6-ee580d6fd874,af8ba37c-a7ac-4bb5-bd84-4bbe02a3547b,Mobile City Egypt,https://www.facebook.com/MobileCityegypt/,facebook.com,social_page,verified_business_information,neutral,"Mobile City Egypt operates retail phone stores in Al Rehab City (New Cairo) and Port Said, distinct from the Serag Mall storefront, offering smartphones, accessories, and warranty-backed consumer electronics.",0.85,strong,2024-02-10T12:00:00+00:00,2026-08-23T15:45:00+00:00,1,,0
5a50a4f5-fc5a-42da-9a9a-5df3ec75ef66,33571409-fa9e-43e0-9264-544d4a9c81e9,Mobile Shop,https://mobileshop.com.eg,web,official_website,verified_business_information,neutral,"Mobile Shop is an established Egyptian retail chain specializing in smartphones, tablets, and wearable electronics with customer service hotline 19410 and widespread branch network across Cairo.",0.9,strong,,2026-08-23T15:00:00+00:00,1,,0
324ba0ed-52fc-4270-8c91-29677a3b7519,4ba6cb30-3a78-4f9f-b610-9cd62f2322f9,Modern Company for Computer & Laptop (الشركة العصرية للكمبيوتر واللاب توب),https://www.facebook.com/p/%D8%A7%D9%84%D8%B4%D8%B1%D9%83%D8%A9-%D8%A7%D9%84%D8%B9%D8%B5%D8%B1%D9%8A%D8%A9-%D9%84%D9%84%D9%83%D9%85%D8%A8%D9%8A%D9%88%D8%AA%D8%B1-%D9%88%D8%A7%D9%84%D9%84%D8%A7%D8%A8-%D8%AA%D9%88%D8%A8-Computer-service-100085654502453/,facebook,official_page,physical_presence,positive,"Page of computer vendor located on El Gameel Street in Qena providing hardware upgrades, frameless monitors, engineering laptops, and maintenance.",0.85,strong,,2026-08-24T12:50:00+00:00,1,,0
f0842e5e-4c1c-4423-9922-15c5292073bf,5107855d-6a9a-4f66-9ce6-3cc30e407077,Monte Carlo Markets (أسواق مونت كارلو),https://www.facebook.com/montecarloassuit/videos/1127158305949275/,facebook,social_post,long_business_history,positive,Video record of store campaigns highlighting long-established history in Assiut since the 1990s as a destination for bridal appliance preparation and home electronics.,0.9,strong,,2026-08-24T12:15:00+00:00,1,,0
0c972e6c-ba02-4430-86f2-68182a185cde,5107855d-6a9a-4f66-9ce6-3cc30e407077,Monte Carlo Markets (أسواق مونت كارلو),https://www.facebook.com/montecarloassuit/mentions/,facebook,customer_review,warranty_issue,negative,"Public customer feedback reflecting on after-sales experiences and noting that for defective units, buyers should activate and rely on manufacturer agent warranty rather than expecting direct showroom repairs.",0.8,strong,,2026-08-24T12:20:00+00:00,1,,0
9331a3e9-dbda-43f7-84fd-95ca3d4bd673,7232d9fe-7bd3-4c6f-8d78-1fe0c0b98b9e,Mubarak Electronics Qena (شركة المبارك للأجهزة الكهربائية),https://www.facebook.com/MubarakElectronicsQena/,facebook,official_page,physical_presence,positive,"Official merchant page documenting two active showrooms in Madinat Al-Ummal, Qena, providing electronic appliances and multi-bank installment options (Banque Misr, ValU, Souhoola, Contact).",0.88,strong,,2026-08-24T12:40:00+00:00,1,,0
2c4c11f8-39f1-4d5e-8891-2ea630e1d1ef,a4a2bccb-1dd3-4420-b3aa-41b50c8efdf8,Nasa for Trade & Distribution (شركة ناسا للتوكيلات والتوزيع - الإسكندرية),https://www.facebook.com/100063855977889/posts/1333934502078403/,facebook,merchant_post,verified_business_information,positive,Nasa Company publishes official statements regarding its authorized distribution and maintenance service rights for Panasonic landline telephone systems and electronics across branches in Smouha and Saba Pasha.,0.88,strong,2020-01-01T00:00:00+00:00,2026-08-23T00:00:00+00:00,1,,0
34be93e7-63df-4530-a687-f449097407e9,8a113d1f-da91-4637-99fb-fa2924bdec67,New Vision,https://www.reddit.com/r/EgyptTech/comments/1um59rd/%D9%85%D8%AD%D8%AA%D8%A7%D8%AC_%D9%85%D9%83%D8%A7%D9%86_%D8%A7%D8%AC%D9%8A%D9%8A_%D9%85%D9%86%D9%87_%D8%AA%D8%AC%D9%85%D9%8A%D8%B9%D8%A9_%D9%85%D8%AD%D8%AA%D8%B1%D9%85%D8%A9/,Reddit,reddit_thread,repeated_recommendation,positive,Reddit user inquiry for trustworthy PC build shops in Al-Bostan Mall. Users positively cited New Vision as respectable vendors with fair pricing and verified online inventory.,0.8,strong,,2026-08-23T12:00:00+00:00,1,,0
093815b7-a9f5-4d1a-b74f-c03f71c70286,8a113d1f-da91-4637-99fb-fa2924bdec67,New Vision,https://new-vision.tech/,web,official_storefront,physical_presence,positive,"New Vision PC operates retail stores in Al-Bustan Mall (Ground and 9th floors) and Sphinx Mall (3rd floor) supplying gaming PCs, AMD Ryzen CPUs, and NVIDIA RTX graphics cards.",0.9,strong,,2026-08-23T12:00:00+00:00,1,,0
b910162f-d8b1-4abb-9a59-52461cb7752a,bc2e3a3c-eb03-4d6e-9d85-0f25e2798c52,NexGen for Smart Home Services (نكس جن لحلول المنازل الذكية),https://dailynewsegypt.com/2025/11/17/panasonic-partners-with-nexgen-to-expand-smart-home-solutions-in-egypt/,Daily News Egypt,press_release_article,verified_business_information,positive,"Daily News Egypt documents Panasonic's strategic partnership with NexGen to expand smart home technology solutions, home theaters, and KNX protocol automation across Egypt.",0.91,strong,2025-11-17T00:00:00+00:00,2026-08-23T00:00:00+00:00,1,,0
be768223-57e4-43ca-8ead-2422c38ba744,99701d09-2e57-43bb-9960-e9bf08d232bb,Nile Services Egypt,https://www.facebook.com/nileservicesegypt/photos/%D8%AD%D8%A7%D9%84%D9%8A%D8%A7%D9%8B-%D9%81%D8%B1%D9%88%D8%B9-%D8%AA%D9%88%D9%83%D9%8A%D9%84-%D8%A7%D9%84%D9%86%D9%8A%D9%84-%D8%A7%D9%84%D9%87%D9%86%D8%AF%D8%B3%D9%8A%D8%A9-%D9%85%D8%AA%D8%A7%D8%AD%D8%A9-%D8%A8%D9%85%D8%AE%D8%AA%D9%84%D9%81-%D8%A7%D9%84%D9%85%D8%AD%D8%A7%D9%81%D8%B8%D8%A7%D8%AA-%D9%84%D8%B5%D9%8A%D8%A7%D9%86%D8%A9-%D9%84%D9%8A%D9%86%D9%88%D9%81%D9%88-%D9%88%D9%85%D9%88%D8%AA%D9%88%D8%B1%D9%88%D9%84%D8%A7-/737433279767934/?locale=ar_AR,Facebook,Social Media Post,physical_presence,neutral,"Nile Services announced official warranty repair branches across Egyptian governorates (Cairo, Giza, Alexandria, Tanta, Assiut, Sohag, Minya, Zagazig) for Lenovo and Motorola devices.",0.85,strong,2017-04-10T00:00:00+00:00,2026-08-23T12:00:00+00:00,1,,0
dda91f88-cc8f-49d8-badb-9fac2f7b7264,7451c1b6-f764-4aa8-a797-642a5e2e1a06,Nissan Motor Egypt (شركة نيسان موتور إيجيبت),https://cpa.gov.eg/ar-eg/%D8%AA%D8%AD%D8%B0%D9%8A%D8%B1%D8%A7%D8%AA/ArtMID/622/ArticleID/6098,cpa.gov.eg,official_regulatory_portal,warranty_honored,neutral,"Official recall warning and customer safety alert published by the Consumer Protection Agency for Nissan Sunny (N16), Tiida (C11), and X-Trail models regarding driver and passenger airbag inflator inspections, completed free of charge at authorized Nissan Egypt service centers.",0.95,very_strong,2023-03-20T00:00:00+00:00,2026-08-24T00:00:00+00:00,1,,0
04ee0cc2-5a44-413e-9a1a-f7c474e9a519,f27ebe2e-df4c-4a83-84cc-55ac5baa8bc7,Noon Egypt,https://www.cpa.gov.eg,Consumer Protection Agency (CPA Egypt),regulatory_authority_portal,verified_business_information,neutral,"Consumer Protection Agency guidance on registered e-commerce platforms operating under Egyptian commercial standards, noting Noon Egypt's official customer support line 16358 and formal invoice verification.",0.93,very_strong,2024-11-20T00:00:00+00:00,2026-08-24T13:30:00+00:00,1,,0
75dcff33-cf4e-4942-b7db-86525e9c5de9,42b80440-efd0-42f1-86eb-11599b5dc7c9,Noor Tech Computer System (نور تك كمبيوتر سيستم - تكنولوجي مول),https://yellowpages.com.eg/ar/profile/%D9%86%D9%88%D8%B1-%D8%AA%D9%83-%D9%83%D9%85%D8%A8%D9%8A%D9%88%D8%AA%D8%B1-%D8%B3%D9%8A%D8%B3%D8%AA%D9%85/194326,yellowpages.com.eg,directory_listing,physical_presence,neutral,"Commercial directory verification confirming physical operation of Noor Tech Computer System inside Technology Mall in Nasr City, 2nd Floor, Shop 210.",0.9,strong,,2026-08-24T12:12:00+00:00,1,,0
509383ca-6be0-411b-a8c5-14c4f63afdab,1da9bfc0-7dce-4ad1-86be-0468512849d5,Nour El Deen Market,https://noureldeen.co/branches,Merchant Website,official_store_locator,verified_business_information,positive,Official branch directory and 24/7 retail grocery operations of Nour El Deen Market in Tanta across its flagship Al-Bahr and Al-Estad locations.,0.95,very_strong,,2026-08-23T00:00:00,1,,0
3f42f38c-fadd-48b1-b904-4a59df7049cd,98d901fa-551d-49f6-b1fb-4fa404377d9f,O2Fix Mobile Repair,https://madentee.com/o2fix/,Madentee Business Directory,directory_listing,verified_business_information,neutral,"O2Fix is a specialized smartphone and tablet screen/glass repair center in Mansoura (Abbasi area) and Damietta, offering laser repair for screens and glass replacement.",0.9,strong,2018-12-25T22:14:28+00:00,2026-08-23T21:10:00+00:00,1,,0
e58e9de1-ef7a-4b86-a9c8-72973b0751bd,29330545-3828-4c70-ac58-6e75f4c2a7c1,One World Laptop Tanta (وان وورلد لاب توب),https://www.facebook.com/OneWorld.Laptop/,Facebook,merchant_page,physical_presence,neutral,"One World Laptop operates from Delta City Mall in Tanta, retailing gaming laptops, workstations, and new/imported portable computing systems.",0.85,strong,2025-11-01T00:00:00+00:00,2026-08-24T00:00:00+00:00,1,,0
935d0fb8-9565-454b-9d28-47fc590d25b1,145b73a0-dd8a-4809-aa00-d9304acfb9be,Orange Egypt for Telecommunications S.A.E.,https://www.orange.eg/ar/about/investors/Documents/Orange-Cash-terms-conditions-AR.pdf,official_website,registry+web,verified_business_information,positive,Orange Egypt for Telecommunications S.A.E. officially lists its Tax Registration Number 205-006-930 in contractual investor and commercial retail terms for device sales and electronic payment services.,0.95,very_strong,,2026-08-23T12:00:00+00:00,1,,0
80b1f03d-ab54-49c3-8ec2-9c99e6b244a1,145b73a0-dd8a-4809-aa00-d9304acfb9be,Orange Egypt for Telecommunications S.A.E.,https://www.orange.eg/en/about,web,official_corporate_history,verified_business_information,neutral,"Mobinil (Egyptian Company for Mobile Services) officially changed its legal brand and trade name to Orange Egypt in March 2016, transitioning all physical retail branches, digital stores, and customer touchpoints nationwide.",0.99,very_strong,2016-03-08T00:00:00+00:00,2026-08-23T12:00:00+00:00,1,,0
2cc3f591-47cf-4d26-90b3-02449db55ebb,e2336f25-4fed-48b9-a4e0-05f398ac1083,Orange Teleshopping (Unresolved Candidate / Mismatch with Orange Egypt),https://www.masrawy.com/news/news_economy/details/2014/9/20/348926/-%D8%AD%D9%85%D8%A7%D9%8A%D8%A9-%D8%A7%D9%84%D9%85%D8%B3%D8%AA%D9%87%D9%84%D9%83-%D9%8A%D8%AD%D8%B0%D8%B1-%D9%85%D9%86-%D8%A7%D9%84%D8%AA%D8%B9%D8%A7%D9%85%D9%84-%D9%85%D8%B9-%D8%B4%D8%B1%D9%83%D8%AA%D9%8A-%D8%A3%D9%88%D8%A7%D8%B1%D9%86%D8%AC-%D9%88-%D8%AA%D8%A7%D9%8A%D9%85-%D8%B4%D9%88%D8%A8-,Masrawy,news+gov,official_warning,negative,"CPA issued an official public warning regarding a teleshopping seller using the name 'Orange' marketing Chinese mobile devices with fake warranties where touchscreens and connectivity failed; a CPA inspection to the address on the warranty card found no registered business presence, leading to police report No. 9436/2014 Misdemeanors Maadi.",0.9,strong,2014-09-20T12:19:00+00:00,2026-08-23T23:35:00+00:00,1,,0
a8dcb9b8-6faa-47f2-9b04-3f8f8c430a80,a51d5856-cb2f-40f7-a237-eeb506e7aa63,Original Store,https://www.facebook.com/original.pc.eg/mentions/,facebook,social_post,product_quality,neutral,"Customer mentions note strong social media presence and hardware benchmarking content, while advising thorough on-site testing for used imported business laptops prior to finalizing purchase.",0.82,strong,,2026-08-23T12:30:00+00:00,1,,0
d22a15bc-5423-40a3-8378-2c0a4ced0ca1,a51d5856-cb2f-40f7-a237-eeb506e7aa63,Original Store,https://www.facebook.com/original.pc.eg/posts/1458596522954750/,Facebook,merchant_page,verified_business_information,positive,"Official merchant announcement detailing imported business laptops (HP, Dell, Lenovo), customer support hotline, and branch network in Smouha and Bitash.",0.94,very_strong,2026-08-10T00:00:00+00:00,2026-08-24T00:00:00+00:00,1,,0
db5b7a34-803e-48f0-8774-075d7c37a6d6,a51d5856-cb2f-40f7-a237-eeb506e7aa63,Original Store,https://www.facebook.com/original.pc.eg/posts/1458596522954750/,Facebook,merchant_page,physical_presence,positive,"Original Store operates physical retail and import branches in Alexandria across Smouha (Mohamed Zaytoun computer market and 311 St) and El Bitash, providing laptops, workstation builds, and import hardware with testing warranties.",0.88,strong,2025-11-15T10:00:00+00:00,2026-08-24T12:00:00+00:00,1,,0
5cc19af5-ae4c-47f3-ba3f-d6ceab72c4e1,596ec728-a5c3-4fcd-a832-9246432492eb,Original for Computer,https://www.facebook.com/Original4used/posts/4100624096700253/,facebook,social_media,physical_presence,neutral,"Original 4 Used is a specialized computer and laptop merchant located inside Sphinx Computer Mall, Mohandessin, Giza, selling imported business laptops (Dell Latitude, HP ProBook, Lenovo ThinkPad) and PC displays with store-level testing warranty.",0.85,strong,,2026-08-23T00:00:00+00:00,1,,0
bcd5b7a8-73ee-4f21-adae-c40332ef55a6,596ec728-a5c3-4fcd-a832-9246432492eb,Original for Computer,https://www.facebook.com/Original4used,facebook,merchant_page,verified_business_information,positive,"Business page confirming retail operations in Sphinx Mall Mohandessin for imported business laptops, desktop hardware, monitors, and authorized TP-Link network hardware distribution.",0.9,strong,,2026-08-23T14:50:00+00:00,1,,0
6c2bb4bc-6831-4102-9dea-7b9340760d4e,13981c16-a8f3-4330-b393-31044d68e5b3,Oscar Grand Stores,https://www.oscarstores.com/refund-policy,oscarstores.com,official_merchant_portal,verified_business_information,positive,"Oscar Grand Stores publishes clear refund and return regulations: 14 days for standard packaged goods upon presenting the original receipt, and 24 hours for fresh/frozen food items in original condition. Refunds are processed using the original payment method, supported by hotline 16991 and WhatsApp 01050403443.",0.94,very_strong,2025-10-01T00:00:00+00:00,2026-08-23T11:35:00+00:00,1,,0
4c804f17-a117-4d4f-a868-f93756d9d9cc,523e4b5d-df61-4854-8f4a-7af269940c2a,PC House Egypt,https://yellowpages.com.eg/ar/profile/%D8%A8%D9%89-%D8%B3%D9%89-%D9%87%D8%A7%D9%88%D8%B3/42819,web,business_directory,verified_business_information,neutral,"PC House is a computer hardware and accessories retailer located in Technology Mall (Shop 317) in Nasr City, Cairo, specializing in PC components, assembly, and peripherals.",0.89,strong,2023-06-15T00:00:00+00:00,2026-08-23T12:00:00+00:00,1,,0
0ffd3585-e716-4c90-8e5b-a322375980ec,47b9ce32-4ceb-45a2-89ec-fc50625f245d,Paragon Computer & Laptop,https://www.facebook.com/paragon.laptop/posts/732102609599345/,facebook,social_post,warranty_honored,positive,"Paragon Computer outlines its policy for imported business laptops: 3-month hardware warranty and 14-day return/trial period, operating physical store in Sidi Bishr.",0.88,strong,,2026-08-23T12:10:00+00:00,1,,0
cb0bad66-038f-496b-80cd-fe9da07df62e,47b9ce32-4ceb-45a2-89ec-fc50625f245d,Paragon Computer & Laptop,https://www.facebook.com/paragon.laptop/videos/1059276286790862/,facebook,social_post,successful_purchase,positive,"Customer review highlighting reliable delivery, pre-testing of imported laptops before handover, and adherence to advertised specifications.",0.85,strong,,2026-08-23T12:12:00+00:00,1,,0
937a7887-462a-4b68-bc7a-80826ad3697d,88cef0bf-7850-490b-9d5b-ce30afaf4554,Phone Store Assiut,https://www.facebook.com/p/phone-store-61559953685353/,Facebook,official_page,physical_presence,positive,"Phone Store operates a physical retail presence in Al-Nasr Towers in the Al-Azhar area of Assiut, trading new and used mobile devices with warranty and exchange options.",0.85,strong,2024-05-25T13:30:00+00:00,2026-08-23T14:32:00+00:00,1,,0
513c4380-a30d-43a1-a862-34e1ed89e92e,c39f7ab6-498c-489d-b48e-37c7b78f2dfd,Play N Trade Egypt,https://www.facebook.com/PNTEgypt/photos/our-locations-%EF%B8%8F-city-stars-01140976602-new-cairo-emerald-plaza-mall-01004540935-/989062883264559/,facebook,official_post,physical_presence,positive,"Play N Trade Egypt official listing of retail locations across Cairo shopping centers (City Stars, Emerald Plaza, East Hub) and hotline contact.",0.9,strong,,2026-08-23T00:00:00+00:00,1,,0
ebfc9e7a-2323-4e83-bc45-f9be9915ee17,812d1ecd-35b5-4867-8de9-da1ba934a092,RAM Electronics,https://yellowpages.com.eg/en/profile/ram-electronics/59993,YellowPages Egypt,business_directory,long_business_history,positive,"Commercial directory entry verifying RAM Electronics physical store on El Falaky St. in Bab El Louk, established in September 2003 as a key supplier of electronic components and measuring equipment.",0.95,very_strong,,2026-08-23T16:30:00+00:00,1,,0
72c567ff-a7db-4c82-bd38-d1ff287a20ac,75adf054-b1bf-43f2-8cb7-d96d3e1144b9,RAM Technology (رام تكنولوجي - تكنولوجي مول),https://try-technology.info/,try-technology.info,directory_listing,physical_presence,neutral,"Commercial directory listing identifying RAM Technology on the 3rd floor (Shop 312) in Technology Mall, Makram Ebeid, Nasr City, specializing in computer hardware, components, and RAM/storage upgrades.",0.85,strong,,2026-08-24T12:30:00+00:00,1,,0
8482707d-08ef-432f-b53c-32bf64d2888d,22029a86-b291-42a9-8b68-a0d2a8f00724,RS Store,https://www.facebook.com/p/Rs-Store-61555811776997/,Facebook,official_page,official_warning,neutral,"RS Store published an official advisory warning consumers against unofficial pages and fraudulent impersonators, clarifying that valid transactions and customer support are handled exclusively through verified store branches in Assiut and primary contact numbers.",0.88,strong,2024-03-01T14:00:00+00:00,2026-08-23T14:25:00+00:00,1,,0
5d1e7b80-3d64-4d3d-8bf1-56556540810f,22029a86-b291-42a9-8b68-a0d2a8f00724,RS Store,https://branches.7srey.com/67064/rs-store-branches/,directory,merchant_directory_listing,physical_presence,positive,"Prominent smartphone, accessories, and electronics retailer in Assiut operating 2 primary branches (Yousri Ragheb and El-Mahata) with multiple licensed installment financing partners (ValU, Contact, Aman, Souhoola).",0.9,strong,2026-02-18T11:00:00+00:00,2026-08-24T12:00:00+00:00,1,,0
189619a2-809e-4e71-82e7-c6f45d0d37d3,b8e79ab6-e078-4c5c-8105-bbd12a56d5f1,Radio Talaat 2000,https://radiotalaat.com,Merchant Website,official_store_page,long_business_history,positive,"Radio Talaat was established in 1945 in Ataba, Cairo, operating as a heritage electronics and professional audio equipment distributor with multiple showrooms across Greater Cairo.",0.95,very_strong,,2026-08-23T00:00:00+00:00,1,,0
44055753-3a86-46d2-9bc1-5bb6118e5992,1492b6e3-e243-4e15-b8d4-ad1572c1d57e,RadioShack Egypt,https://www.facebook.com/groups/Dont.shop.here/posts/10164779557255338/,facebook,facebook_group_post,product_quality,negative,"Consumer feedback in Don't Shop Here detailing perceived decline in electronic accessory quality relative to pricing, and difficulties with in-store exchange and return policies for defective items during the statutory return window.",0.85,strong,,2026-08-23T12:00:00+00:00,1,,0
b95f26f8-a73a-48a5-88a9-f17eb5faa7eb,e756323c-cc6d-49b4-aa5d-7a33dfe1e124,Raneen,https://www.raneen.com,raneen.com,official_merchant_portal,verified_business_information,neutral,"Raneen operates high-traffic home appliances and household superstores throughout Egypt. Customer service, return protocols, and branch directory support are centralized via hotline 16113 in adherence with statutory 14-day return and consumer protection regulations.",0.91,strong,2026-01-01T00:00:00+00:00,2026-08-23T11:20:00+00:00,1,,0
b1536f62-2f10-4c51-b1b0-60938f828e33,e756323c-cc6d-49b4-aa5d-7a33dfe1e124,Raneen,https://www.facebook.com/groups/Dont.shop.here/posts/10166089564140338/,facebook,facebook_group_post,refund_issue,negative,"Customer complaint regarding return and warranty friction for electronics and appliances from Raneen, where the merchant refused immediate returns on defective items and required third-party technical inspection reports, compounded by discrepancies between physical branches and online orders.",0.85,strong,,2026-08-23T12:00:00+00:00,1,,0
b665c31f-be46-4021-9e1e-41eb0741bea2,e756323c-cc6d-49b4-aa5d-7a33dfe1e124,Raneen,https://www.raneen.com/ar/offline-stores-map,Official Website,official_store_locator,physical_presence,positive,"Raneen operates 5 major branches across eastern and western Alexandria (El Mansheya, El Seyouf, Karmous, El Agami, El Hadara), selling home electrical appliances and consumer goods with official invoice and exchange policies.",0.93,very_strong,2025-08-10T00:00:00+00:00,2026-08-24T12:50:00+00:00,1,,0
d1d8e3ae-030b-48ad-a21a-7b917e21b0c2,e6c3d479-b106-4cdb-a700-15e752033255,Raya Shop,https://www.rayashop.com/,Direct Merchant Site,merchant_official_website,verified_business_information,positive,"Raya Trade & Distribution (operating Raya Shop) discloses Tax Registration Number 200-196-375 and FRA Consumer Finance License 3/2020, running over 72 branches including physical showrooms in Smouha, Moharam Bek, and Agami in Alexandria.",0.98,very_strong,,2026-08-23T00:00:00+00:00,1,,0
209e399e-ec07-46bd-b05f-00635e298c4a,e6c3d479-b106-4cdb-a700-15e752033255,Raya Shop,https://www.rayashop.com/,Direct Merchant Site,merchant_official_website,verified_business_information,neutral,"Official Raya Mega Store presence in Assiut on Al-Gomhoureya Street, providing smartphones, consumer electronics, warranty coverage, and formal complaint handling via 19900 and CPA.",0.95,very_strong,2024-04-10T08:00:00+00:00,2026-08-23T10:55:00+00:00,1,,0
12faaca2-f94a-432a-ac75-910aeceb2e03,e6c3d479-b106-4cdb-a700-15e752033255,Raya Shop,https://www.rayashop.com/,Direct Merchant Site,merchant_official_website,warranty_issue,neutral,Raya Shop is a primary Egyptian consumer electronics distributor with physical stores including Mansoura (El-Gomhoureya St). Operates statutory 14-day change-of-mind and 30-day defective exchange mechanisms linked to official manufacturer reports under CPA oversight.,0.9,strong,2025-01-20T00:00:00+00:00,2026-08-23T12:00:00+00:00,1,,0
062c821f-1af1-4497-b542-cbb7efe24779,c5cbf814-b4d4-4e99-9532-367282905da1,Raya Shop,https://www.rayashop.com/ar/stores,merchant_website,official_store_locator,physical_presence,positive,"Official store locator confirming multiple branch networks in Dokki (Mossadak St), Mohandessin (Fawakeh St), Haram (166 Al Haram St), Faisal (411 King Faisal St), and 6th of October (Mall of Arabia).",0.95,very_strong,,2026-08-23T14:52:00+00:00,1,,0
64b0b295-2655-4ebb-9fab-09264044dcc5,e6c3d479-b106-4cdb-a700-15e752033255,Raya Shop,https://rayacorp.com/raya-trade-2/,rayacorp.com,corporate_profile,long_business_history,positive,Corporate verification of Raya Trade and Raya Shop operational history in Egypt since 1996 as a major authorized electronics and mobile distributor.,0.95,very_strong,,2026-08-23T16:30:00+00:00,1,,0
49061bae-bc7d-4558-ab58-99cbe28f9ede,e6c3d479-b106-4cdb-a700-15e752033255,Raya Shop,https://www.rayashop.com/ar/about-us,rayashop.com,merchant_website,verified_business_information,neutral,"Official corporate profile for Raya Shop (subsidiary of Raya Trade & Distribution), operating as an omnichannel consumer electronics, mobile, and home appliance retailer with installment and warranty services in Egypt.",0.9,strong,,2026-08-23T21:50:00+00:00,1,,0
03be1d47-e364-4ed4-b292-94f854072faa,e6c3d479-b106-4cdb-a700-15e752033255,Raya Shop,https://cpa.gov.eg/ar-eg/,cpa.gov.eg,consumer_advocate,after_sales_support,neutral,"Operational workflow regarding electronic device warranty claims, technical inspections, and merchant response channels via Raya Shop customer service (19900 / info@rayashop.com) under Egyptian Consumer Protection Law.",0.89,strong,2026-01-15T00:00:00+00:00,2026-08-24T00:00:00+00:00,1,,0
480dd450-5e0c-4892-897b-164ba2c61f0c,e6c3d479-b106-4cdb-a700-15e752033255,Raya Shop,https://www.rayashop.com/,Direct Merchant Site,merchant_official_website,verified_business_information,neutral,"Raya Shop (subsidiary of Raya Holding headquartered in Smart Village, Giza) is one of Egypt's major omnichannel consumer electronics retailers, providing structured customer support via hotline 19900 and formal warranty handling.",0.94,very_strong,2025-01-01T00:00:00+00:00,2026-08-24T00:00:00+00:00,1,,0
0599a3f3-f3ef-4ec5-8572-067fad92586f,e6c3d479-b106-4cdb-a700-15e752033255,Raya Shop,https://www.rayashop.com/,Direct Merchant Site,merchant_official_website,verified_business_information,positive,"Raya Trade & Distribution operates its corporate headquarters in 6th of October, Giza with official Tax Registration Number 200-196-375 and extensive e-invoice/e-receipt integration across retail stores.",0.95,very_strong,2026-01-01T00:00:00+00:00,2026-08-24T12:00:00+00:00,1,,0
7eb1041d-7342-4603-92d1-72047221f117,e6c3d479-b106-4cdb-a700-15e752033255,Raya Shop,https://www.rayashop.com/ar/terms,merchant_website,official_profile,verified_business_information,neutral,"Raya Shop and Raya Care operate authorized after-sales customer service and maintenance centers for consumer electronics, smartphones, and household appliances under Egyptian Consumer Protection Law standards.",0.9,strong,,2026-08-24T12:00:00+00:00,1,,0
e904a0ca-74fa-4564-b38f-c34d9c04abb3,e6c3d479-b106-4cdb-a700-15e752033255,Raya Shop,https://rayasmartcare.com,corporate_website,official_portal,warranty_issue,neutral,"Raya Smart Care operates as an authorized customer service and repair provider for smartphones, consumer electronics, and home appliances, providing online status tracking and centralized intake across Egyptian governorates via hotline 19900.",0.92,very_strong,2025-06-01T00:00:00+00:00,2026-08-24T12:00:00+00:00,1,,0
f1e14ea4-4c19-4de7-9fe9-6edc3ac61c49,fc74448d-b496-4658-83e4-c938fa9413bf,Raya Shop,https://www.rayashop.com/ar/sell-on-raya,official_store_website,official_regulatory_and_merchant_page,verified_business_information,positive,"Official legal and tax registration disclosures by Raya Shop, publishing unified Tax Registration Number 200-196-375, Consumer Finance License No. 3/2020, and mandating Egyptian commercial registry and tax card verification for merchants joining the marketplace.",0.98,very_strong,2024-08-01T00:00:00+00:00,2026-08-24T12:25:00+00:00,1,,0
1e766ec7-47cb-4e9c-9afa-a524d3a56f12,bb9cac92-eb9d-4c53-b3c1-97c8352fa2d7,Raya Shop (Raya Trade & Distribution),https://www.rayashop.com/ar/return,rayashop.com,official_merchant_portal,verified_business_information,positive,"Raya Shop, the retail and e-commerce branch of Raya Holding, operates an extensive electronics network and consumer finance program under FRA License No. 3/2020. Maintenance support, warranty claims, and returns are serviced via unified hotline 19900 in compliance with Consumer Protection Agency standards.",0.95,very_strong,2025-08-01T00:00:00+00:00,2026-08-23T11:15:00+00:00,1,,0
76d69d2d-06f4-47a5-b46b-f7bb3464e076,76fa120c-d0c5-489c-a3c2-a5c33d8678a6,Raya Shop (راية شوب),https://www.rayashop.com/ar/stores,merchant_website,official_store_locator,verified_business_information,positive,"Raya Shop operates Raya Mega Store branches in Alexandria (Lorang, Moharam Bek, and El Agami), providing retail consumer electronics, mobile devices, home appliances, after-sales repair, and direct installment services.",0.94,very_strong,2025-10-05T00:00:00+00:00,2026-08-24T12:45:00+00:00,1,,0
7b06c5b9-5f74-4bda-bdd5-2a21a6867885,e6c8ed78-c904-43c8-8826-f1760f8491e1,Redington Egypt,https://redingtonconnect.com/AppleDPP/,redingtonconnect.com,official_portal,verified_business_information,neutral,"Redington operates as an authorized regional technology distributor for Apple hardware, Dell, HP, and Lenovo in Egypt, supplying verified enterprise and retail partners through official channels.",0.9,strong,2024-03-01T00:00:00+00:00,2026-08-23T15:25:00+00:00,1,,0
3b36aff3-c344-4278-8d3b-af18c6729f10,8439b71e-b3cb-4ca1-950a-c4d8cd9ab250,Rizkalla,https://riz.shop/pages/%D8%B3%D9%8A%D8%A7%D8%B3%D8%A9-%D8%A7%D9%84%D8%A7%D8%B3%D8%AA%D8%A8%D8%AF%D8%A7%D9%84-%D9%88%D8%A7%D9%84%D8%A7%D8%B3%D8%AA%D8%B1%D8%AC%D8%A7%D8%B9,web,terms_and_policies,verified_business_information,positive,"Rizkalla Stores publishes return and refund policies conforming to Egyptian Consumer Protection Agency standards (14 days return without defect, 30 days replacement for manufacturing defects) with customer hotline 19987.",0.95,very_strong,,2026-08-23T14:35:00+00:00,1,,0
a5f259b0-a8e7-41d8-92bd-5fc880c2c671,8439b71e-b3cb-4ca1-950a-c4d8cd9ab250,Rizkalla,https://riz.shop,riz.shop,merchant_policy,warranty_honored,positive,"Rizkalla implements a 30-day defective product replacement/refund procedure based on manufacturer technical inspection reports, backed by hotline 19987 and WhatsApp escalation channels.",0.88,strong,,2026-08-23T20:38:00+00:00,1,,0
cb14be7a-c682-4341-aafe-476315abb9b3,8439b71e-b3cb-4ca1-950a-c4d8cd9ab250,Rizkalla,https://riz.shop/pages/%D8%B3%D9%8A%D8%A7%D8%B3%D8%A9-%D8%A7%D9%84%D8%A7%D8%B3%D8%AA%D8%A8%D8%AF%D8%A7%D9%84-%D9%88%D8%A7%D9%84%D8%A7%D8%B3%D8%AA%D8%B1%D8%AC%D8%A7%D8%B9,web,terms_and_policies,verified_business_information,neutral,Rizkalla Stores published its official return and replacement policy explicitly adhering to the Egyptian Consumer Protection Law No. 181 of 2018 (14-day return and 30-day manufacturing defect warranty).,0.9,strong,2024-01-10T00:00:00+00:00,2026-08-24T12:05:00+00:00,1,,0
9eded066-138c-4550-b22f-c76e2548a765,445487d7-e569-4d1f-bf02-5a9f13dc5499,Roshdy Pharmacies,https://www.masrawy.com/news/news_egypt/details/2022/6/9/2239279/%D8%B3%D8%B1-%D8%A5%D9%81%D9%84%D8%A7%D8%B3-%D8%B5%D9%8A%D8%AF%D9%84%D9%8A%D8%A7%D8%AA-19011-%D8%AA%D9%81%D8%A7%D8%B5%D9%8A%D9%84-%D9%85%D8%A7-%D8%AD%D8%AF%D8%AB-%D8%AE%D9%84%D8%A7%D9%84-%D8%A7%D9%84%D8%A3%D9%8A%D8%A7%D9%85-%D8%A7%D9%84%D9%85%D8%A7%D8%B6%D9%8A%D8%A9,Masrawy,journalistic_investigation,verified_business_information,neutral,"Roshdy Pharmacies entered an acquisition agreement in 2020 selling 100% of shares across approximately 120 pharmacy branches to 19011 / Alpha Pharma for ~EGP 362 million, before the combined entity faced severe liquidity defaults and supply chain halts.",0.92,very_strong,2022-06-09T00:00:00+00:00,2026-08-23T00:00:00+00:00,1,,0
094e7136-7e7c-4c70-93ec-698c11df3353,1a40a509-25bf-4e84-9afb-4e6f6e09ddde,Roshdy Pharmacies / Care Pharmacies (صيدليات رشدي / صيدليات كير),https://medical.vatrena.com/guide/Roshdy-Pharmacies/2076,Vatrena Medical Guide,directory_listing,verified_business_information,neutral,توثيق بيانات سلسلة صيدليات رشدي والخط الساخن 19661 وفروعها التاريخية في طنطا بشارع سعيد وشارع الحلو، مع الإشارة إلى التغيرات الهيكلية والاستحواذات التي مرت بها السلسلة وارتباطها بإعادة الهيكلة تحت علامة كير وصيدليات 19011.,0.82,strong,2023-11-10T00:00:00+00:00,2026-08-24T12:00:00+00:00,1,,0
915d04e6-b562-45cf-8676-874c7ef85bb8,23e5809d-1335-4579-b943-844a64a21c3b,Royal Laptop EG,https://www.facebook.com/Royal.Laptop.EG/videos/1271971231489658/,facebook,video_post,product_quality,positive,Detailed technical showcase and hardware demonstration of high-performance workstation laptop (Dell Precision 5550) with pricing and condition notes.,0.85,strong,,2026-08-23T16:00:00+00:00,1,,0
dd35815b-39bf-4db9-a5d2-7cb6f7815d40,23e5809d-1335-4579-b943-844a64a21c3b,Royal Laptop EG,https://www.facebook.com/Royal.Laptop.EG/videos/1609710557053420/,facebook,video_post,verified_business_information,positive,Product review and inventory showcase for HP Ryzen 7 laptops with graphics card specifications and warranty terms.,0.85,strong,,2026-08-23T16:00:00+00:00,1,,0
bfdcb143-5b1b-4f0e-8553-fda3a8c3b169,ee45a9a7-f8a4-46d2-8542-24383ed036c7,S.H Stores,https://www.facebook.com/shstoreseg/posts/1285238809647573/,facebook,merchant_post,verified_business_information,positive,"Official service and product availability announcement for laptop spare parts (batteries, screens, housings) with direct 24-hour delivery and primary WhatsApp contact 01220868653.",0.88,strong,2024-03-05T11:15:00+00:00,2026-08-23T14:45:00+00:00,1,,0
5837963c-dddf-49ee-b6e5-9813cb45dd04,d0113e40-1486-467e-89f1-3f188b9eddc1,SKY Distribution,https://www.facebook.com/SKY.Distribution/,facebook,merchant_page,verified_business_information,positive,"Official distributor social page documenting retail branch presence on King Faisal Street at Hassan Mohamed station, specializing in mobile phone sales, accessories, and authorized service handling.",0.85,strong,,2026-08-23T15:00:00+00:00,1,,0
79428210-f7dc-45a7-a0bd-813e55fe6fe5,38d5dbd1-313e-4a52-acb0-f50f53c49c34,Samsung Electronics Egypt,https://www.samsung.com/eg/,Samsung Egypt Official Portal,official_store_policy,verified_business_information,positive,"Samsung Electronics Egypt operates its certified customer care and warranty support across Egypt via hotline 16580, providing genuine repairs for mobile devices, TVs, and appliances produced at its Beni Suef plant.",0.95,very_strong,2024-05-14T00:00:00+00:00,2026-08-24T13:40:00+00:00,1,,0
dca2e590-6426-490a-a6bb-c35f53ab39b1,52302796-4355-47a4-9f9f-eae06521e8e1,Seif Pharmacies,https://www.facebook.com/SEIFPharmacy/posts/-%D9%81%D9%8A-%D8%A3%D9%8A-%D9%88%D9%82%D8%AA-%D9%88%D9%81%D9%8A-%D8%A3%D9%8A-%D9%85%D9%83%D8%A7%D9%86-%D8%AA%D9%82%D8%AF%D8%B1-%D8%AA%D8%B7%D9%84%D8%A8-%D9%83%D9%84-%D8%A5%D8%AD%D8%AA%D9%8A%D8%A7%D8%AC%D8%A7%D8%AA%D9%83-%D9%85%D9%86-%D8%B5%D9%8A%D8%AF%D9%84%D9%8A%D8%A7%D8%AA-%D8%B3%D9%8A%D9%81-%D9%84%D9%85%D8%A7-%D8%AA%D9%83%D9%84%D9%85%D9%86%D8%A7-%D8%B9%D9%84%D9%89-1919/789922316634717/,Facebook Official,merchant_announcement,verified_business_information,positive,"Seif Pharmacies provides 24-hour pharmaceutical home delivery and digital prescription ordering through hotline 19199, WhatsApp channels, and seif-online.com, operating numerous branches across Giza (Faisal, Haram, Mohandessin, Dokki) and Cairo.",0.93,very_strong,2023-11-20T00:00:00+00:00,2026-08-23T00:00:00+00:00,1,,0
8bbd86f4-7022-4317-9dcb-bfd3ccca8e0d,52302796-4355-47a4-9f9f-eae06521e8e1,Seif Pharmacies,https://welpstar.com/biz/%D8%B5%D9%8A%D8%AF%D9%84%D9%8A%D8%A7%D8%AA-%D8%B3%D9%8A%D9%81-%D9%81%D8%B1%D8%B9-%D8%A8%D9%88%D8%B1-%D8%B3%D8%B9%D9%8A%D8%AF-seif-pharmacies,Welpstar Business Directory,business_directory,physical_presence,neutral,"Business directory listing verifying Seif Pharmacies branch location in Port Said at 2 Palestine Street, Palace Tower, Sharq District with hotline 19199.",0.85,strong,2024-05-18T00:00:00+00:00,2026-08-24T00:00:00+00:00,1,,0
bcafb4d4-4af2-47c0-a9c5-e0cb83a05023,52302796-4355-47a4-9f9f-eae06521e8e1,Seif Pharmacies,https://www.facebook.com/SEIFPharmacy/videos/2897392543645726/,Facebook,merchant_official_page,verified_business_information,positive,Official announcement of Seif Pharmacies participating in the Universal Health Insurance System in Port Said Governorate.,0.92,very_strong,2024-03-01T15:00:00+00:00,2026-08-24T00:00:00+00:00,1,,0
61bc8c41-eb55-4e4e-a393-4663a9b82b1b,52302796-4355-47a4-9f9f-eae06521e8e1,Seif Pharmacies,https://franchisingeg.com/franchise/6/sayadlyaat-syaf-seif-pharmacies/,Franchising Egypt,industry_directory,long_business_history,positive,"Commercial history and corporate profile of Seif Pharmacies, established in 1980 by Dr. Ashraf Hendam operating nationwide retail pharmacies and online commerce.",0.9,strong,2024-01-20T00:00:00+00:00,2026-08-24T00:00:00+00:00,1,,0
b6015c06-aa2a-4e53-90a8-7927ccfe53c5,52302796-4355-47a4-9f9f-eae06521e8e1,Seif Pharmacies,https://seif-online.com,Official Web Platform,ecommerce_platform,verified_business_information,neutral,"Seif Pharmacies maintains an e-commerce platform and 24/7 customer service center at hotline 19199, with documented complaint resolution workflows and adherence to Egyptian Consumer Protection Agency standards.",0.9,strong,,2026-08-24T00:00:00+00:00,1,,0
8b84503d-103b-4cb0-9eb1-181475c848c0,52302796-4355-47a4-9f9f-eae06521e8e1,Seif Pharmacies,https://www.facebook.com/SEIFPharmacy/photos/-%D8%A8%D8%AF%D9%84-%D9%85%D8%A7-%D8%AA%D9%84%D9%81-%D9%88%D8%AA%D8%AF%D9%88%D8%B1-%D8%A7%D8%AE%D8%AA%D8%B5%D8%B1%D9%87%D8%A7-%D9%81%D9%8A-19199%D9%85%D8%AD%D8%AA%D8%A7%D8%AC-%D8%AA%D8%B3%D8%A3%D9%84-%D8%B9%D9%86-%D9%85%D9%86%D8%AA%D8%AC-%D8%B9%D8%A7%D9%8A%D8%B2-%D8%AA%D8%B9%D8%B1%D9%81-%D8%A3%D9%82%D8%B1%D8%A8-%D9%81%D8%B1%D8%B9-%D8%A3%D9%88-%D8%AA%D8%B7%D9%84%D8%A8-/1347003094259967/,Facebook (الصفحة الرسمية لصيدليات سيف),social_media_post,verified_business_information,positive,صيدليات سيف تعلن عن قنوات طلب الأدوية والمنتجات الصحية والاستفسار عن الفروع على مدار 24 ساعة عبر الخط الساخن 19199 وخدمة الواتساب والموقع الإلكتروني seif-online.com وتطبيق الهاتف مع توفير أكواد خصم رقمية (SEIF10).,0.92,very_strong,2024-06-11T00:00:00+00:00,2026-08-24T12:00:00+00:00,1,,0
406fe1aa-f6a0-4d04-9035-5ceaa5321394,1ecfb4fa-3937-49a6-ab0b-592d0a16c799,Select Egypt,https://www.facebook.com/SelectMobiles/videos/1312785309469268/,Facebook,merchant_official_page,verified_business_information,positive,"Mandatory tax registration identifier (463-580-273) stated on official commercial campaigns, e-commerce storefront select.eg, installment payment partnerships (Souhoola, Valu), and branch network.",0.91,strong,,2026-08-23T00:00:00+00:00,1,,0
e2af688f-7342-4a59-aaa6-c39fb5fb20a1,1ecfb4fa-3937-49a6-ab0b-592d0a16c799,Select Egypt,https://www.reddit.com/r/EgyptTech/comments/1fyliay/%D8%A5%D9%8A%D9%87_%D8%A3%D9%81%D8%B6%D9%84_%D9%85%D8%AD%D9%84_%D9%85%D9%85%D9%83%D9%86_%D8%A3%D8%AC%D9%8A%D8%A8_%D9%85%D9%86%D9%87_iphone/,reddit.com,forum,product_quality,positive,"Recommendation of Select as a reputable retail chain for purchasing genuine smart devices, official local warranty handsets, and after-sales support.",0.88,strong,2024-10-09T17:40:00+00:00,2026-08-23T10:45:00+00:00,1,,0
e73bb9f4-fcae-4586-9dd9-4b3cefb7f03a,1ecfb4fa-3937-49a6-ab0b-592d0a16c799,Select Egypt,https://www.facebook.com/groups/Dont.shop.here/posts/10162505919065338/,facebook,facebook_group_post,after_sales_support,negative,"Customer reported purchasing a smartphone from the Select Loran branch in Alexandria that suffered screen freezing and failure shortly after purchase, where the store refused direct branch-level return/replacement and redirected the consumer to the manufacturer service center.",0.85,strong,,2026-08-23T12:00:00+00:00,1,,0
d2777201-3c2d-4aae-8764-12d9eacb6d20,1ecfb4fa-3937-49a6-ab0b-592d0a16c799,Select Egypt,https://www.facebook.com/SelectMobiles/,facebook.com,verified_corporate_post,verified_business_information,positive,سيلكت سلسلة متاجر إلكترونيات وهواتف ذكية مرخصة في مصر مسجلة بالرقم الضريبي 463-580-276 وتمتلك فروعاً واسعة في المولات الكبرى وتقدم ضماناً معتمداً من الوكلاء الرسميين.,0.95,very_strong,,2026-08-23T12:00:00+00:00,1,,0
1a69f117-7ade-4970-87f4-0b87d6852e11,1ecfb4fa-3937-49a6-ab0b-592d0a16c799,Select Egypt,https://www.facebook.com/SelectMobiles/posts/858411129649259/,facebook.com,social_post,verified_business_information,positive,"Select Egypt publishes official commercial promotions and installment schemes across its retail network in Cairo and Alexandria malls, noting its authorized dealer status for brands like Huawei, Apple, Samsung, and Xiaomi.",0.9,strong,2024-05-18T16:00:00+00:00,2026-08-23T15:10:00+00:00,1,,0
ee226d51-38ad-482b-a145-433b07424d07,1ecfb4fa-3937-49a6-ab0b-592d0a16c799,Select Egypt,https://yellowpages.com.eg/en/profile/select/164846,yellow_pages,directory_listing,verified_business_information,neutral,Verified business registry listing for Select mobile phone and consumer electronics retail operations in Cairo.,0.9,strong,,2026-08-23T16:00:00+00:00,1,,0
f2f54b3c-02f2-4ff6-83d3-f2d5e864dc2a,1ecfb4fa-3937-49a6-ab0b-592d0a16c799,Select Egypt,https://www.facebook.com/SelectMobiles/posts/858411129649259/,facebook.com,social_post,physical_presence,positive,"Official communication directing customers to Cairo branches (Cairo Festival City, Mokattam) and branch-specific contact lines for mobile promotions.",0.9,strong,,2026-08-23T16:00:00+00:00,1,,0
a1f404a1-ff9e-4915-a21c-fda3d85835a9,1ecfb4fa-3937-49a6-ab0b-592d0a16c799,Select Egypt,https://select.eg,select.eg,official_website,physical_presence,positive,"Select Egypt (established in 2002) runs an omnichannel retail network with prime presence across Alexandria (San Stefano, Loran, Smouha) and Cairo, operating under Tax Registration 276-580-463.",0.91,strong,2024-01-01T00:00:00+00:00,2026-08-24T00:00:00+00:00,1,,0
61f859c9-b3a1-43ef-8010-d986917ecf39,dfc6ab2f-2eab-4b79-aa06-9d5c9da1ab1a,Select Store (سليكت ستور),https://www.facebook.com/SelectStore1/posts/%D9%84%D9%8A%D9%87-%D8%AA%D8%B4%D8%AA%D8%B1%D9%8A-%D8%A7%D9%84%D8%A8%D9%84%D8%A7%D9%8A%D8%B3%D8%AA%D9%8A%D8%B4%D9%86-%D8%A8%D8%AA%D8%A7%D8%B9%D9%83-%D9%85%D9%86-select-store%EF%B8%8F%D9%84%D8%A7%D9%86%D9%83-%D8%A8%D8%A8%D8%B3%D8%A7%D8%B7%D9%87-%D9%87%D8%AA%D9%84%D8%A7%D9%82%D9%8A-%D8%A7%D8%B9%D9%84%D9%8A-%D8%AC%D9%88%D8%AF%D8%A9-%D9%84%D8%AC%D9%87%D8%A7%D8%B2%D9%83-/1548514186611041/,facebook,social_media_post,product_quality,positive,"Select Store announces warranty and quality guarantees for PlayStation consoles (PS4 / PS5), trade-in options, maintenance, and consumer installment partnerships (Valu, Aman, Contact) from their Port Said branch.",0.87,strong,,2026-08-24T00:00:00+00:00,1,,0
e357fc86-e0d4-447f-a1a3-d4473c6dff10,276b2639-17de-4b80-89bb-ace3de5410a0,Seoudi Supermarket,https://seoudisupermarket.com,Merchant Website,official_store_locator,verified_business_information,positive,"Verified national customer service hotline 16176, online ordering portal, and retail store network for Seoudi Supermarket spanning Greater Cairo and Delta branches.",0.94,very_strong,,2026-08-23T00:00:00,1,,0
5fa0613c-bf67-4e69-8679-0959ed50010d,276b2639-17de-4b80-89bb-ace3de5410a0,Seoudi Supermarket,https://seoudimarkets.com,seoudimarkets.com,official_merchant_portal,long_business_history,positive,"Established in 1938, Seoudi Supermarket operates established high-end supermarkets across Greater Cairo. They disclose corporate tax registration 274169193 and maintain dedicated dispute and customer service hotline 16176 for handling customer inquiries and price compliance under CPA rules.",0.94,very_strong,2026-01-01T00:00:00+00:00,2026-08-23T10:55:00+00:00,1,,0
467fab3a-c232-4f61-9606-6d13b4fef986,276b2639-17de-4b80-89bb-ace3de5410a0,Seoudi Supermarket,https://www.facebook.com/SeoudiSupermarket/posts/796258953126009/,facebook,official_social_profile,verified_business_information,positive,"Established premium supermarket chain operating in Egypt since 1938, featuring digital delivery application, retail branches across Greater Cairo, and dedicated order hotline 16176.",0.95,very_strong,2024-08-10T00:00:00+00:00,2026-08-24T12:00:00+00:00,1,,0
feb2ce41-f077-4a1d-887a-11ea7ef4b52a,05abc4eb-760c-4842-a467-716d52b1bd04,Shaheen Center,https://shaheeneg.com/ar/contact-us/,official_website,registry+web,verified_business_information,neutral,"Shaheen Center (established 1979) operates extensive appliance chain with official tax registration numbers 709-493-425 and 674-798-413, serving Greater Cairo, Alexandria, and the Delta.",0.9,strong,,2026-08-23T12:00:00+00:00,1,,0
a0107000-e30d-446a-bdd5-d55162bc2131,7d17483f-507c-4171-8b78-9247687ec489,Shaheen Center,https://shaheen.center,web,official_website,verified_business_information,neutral,Shaheen Center operates a major network of consumer goods and electrical appliances stores across Cairo with formal customer service channels via hotline 16291 and WhatsApp 01124065555.,0.95,very_strong,,2026-08-23T14:40:00+00:00,1,,0
4d92b347-3d18-40a2-9718-dce812b7ac0c,7d17483f-507c-4171-8b78-9247687ec489,Shaheen Center,https://shbabbek.com/show/181081,shbabbek.com,consumer_directory,after_sales_support,positive,Shaheen Center coordinates after-sales support and returns via unified hotline 16291 adhering to CPA 30-day defect replacement terms with official branch warranty activation stamps.,0.82,strong,,2026-08-23T20:38:00+00:00,1,,0
80715c84-f22c-47e9-b97c-855d8bbb2f16,2a6fc1e7-9b2f-4515-995b-36440c15251d,Shams Computer Services,https://www.facebook.com/ahmedshams44/photos/2363075307869911/,facebook,social_media_post,warranty_honored,positive,Shams Computer Services provides a 3-month comprehensive hardware warranty on imported laptop units with full pre-payment inspection upon courier delivery and clear return/exchange terms if faults are discovered.,0.85,strong,2026-08-01T12:00:00+00:00,2026-08-23T20:38:00+00:00,1,,0
0b464ab4-bdd4-4ab2-ac81-a0a58e7d0ba9,4e2b3671-6cd9-48a6-96c4-0aaaa2b454ad,Shams Stores,https://www.shams-stores.com/about-us-2/,official_website,registry+web,verified_business_information,positive,"Shams Stores (active since 2001) is a specialized camera and studio gear retailer in Downtown and Heliopolis, Cairo, with published Tax Registration Number 455-365-210.",0.95,very_strong,,2026-08-23T12:00:00+00:00,1,,0
88f60094-482e-4bbd-8761-25fed57f0377,4e2b3671-6cd9-48a6-96c4-0aaaa2b454ad,Shams Stores,https://www.shams-stores.com/product/atomos-shinobi-7-4k-hdmi-sdi-monitor/,merchant_website,directory_listing,verified_business_information,neutral,Official store branch listing and unified hotline 15004 confirming branches in Downtown Cairo (5 Sherif St) and Heliopolis (24 Omar Ibn El-Khattab St).,0.9,strong,,2026-08-23T16:00:00+00:00,1,,0
b906b53e-ba58-4e10-8c5a-a2b9bb150659,4e2b3671-6cd9-48a6-96c4-0aaaa2b454ad,Shams Stores,https://www.shams-stores.com/shams-terms-2026/,shams-stores.com,merchant_policy,verified_business_information,positive,"Shams Stores is an authorized distributor and retailer for pro-audio and video gear in Downtown and Heliopolis, providing official manufacturer warranty documentation and clear exchange terms.",0.86,strong,,2026-08-23T20:38:00+00:00,1,,0
a1cf1c93-d372-4fae-9438-59a7549eb343,4e2b3671-6cd9-48a6-96c4-0aaaa2b454ad,Shams Stores,https://www.facebook.com/ShamsStores/photos/1108724631301512/,Facebook,social_media,verified_business_information,positive,"Shams Stores operates physical flagship stores in Downtown Cairo and Heliopolis, declaring Tax Registration number 455-365-210 and acting as authorized distributor for Tamron, Sony, and Canon optical and photo gear.",0.92,very_strong,2023-05-15T00:00:00+00:00,2026-08-24T00:00:00+00:00,1,,0
d6c7e2c2-723a-449a-a655-85632ecf5cf6,4e2b3671-6cd9-48a6-96c4-0aaaa2b454ad,Shams Stores,https://www.shams-stores.com/about-us-2/,official_website,registry+web,long_business_history,positive,"Shams Stores highlights operational continuity in the Egyptian camera and studio electronics market since 2001, backing products with official local warranties.",0.9,strong,2024-01-01T00:00:00+00:00,2026-08-24T00:00:00+00:00,1,,0
2bd2c539-e2c3-4c18-92be-128f686f5fee,1de28808-94b5-434b-af5d-50a0f60444c4,Shamy Stores,https://www.reddit.com/r/Egypt/comments/wkqmbk/place_to_fix_a_ps_4/,reddit,forum_thread,repeated_recommendation,positive,"Community recommendation on r/Egypt identifying Shamy Stores as a well-known, reputable destination in Cairo for purchasing PlayStation controllers and seeking console repairs.",0.85,strong,2022-08-10T00:00:00+00:00,2026-08-23T00:00:00+00:00,1,,0
a196589a-a91f-40f8-9e7e-8876b7a0b3ca,1de28808-94b5-434b-af5d-50a0f60444c4,Shamy Stores,https://www.reddit.com/r/Egypt/comments/iygfdh/shamy_stores_for_games/,reddit,forum_thread,product_quality,positive,"Community discussion regarding game pricing, customer loyalty programs, and overall reliability of Shamy Stores compared to other Cairo competitors.",0.8,strong,2020-09-23T00:00:00+00:00,2026-08-23T00:00:00+00:00,1,,0
86b3adf2-a7ae-45f7-9934-ae44295d8d54,1de28808-94b5-434b-af5d-50a0f60444c4,Shamy Stores,https://shamystores.com/pages/contact-us,website,store_locator,verified_business_information,positive,"Official store contact directory listing multiple retail branches across Alexandria including Mahatet El Raml, Smouha, San Stefano Mall, City Centre Alexandria, and dedicated maintenance center at Horreya Mall.",0.95,very_strong,,2026-08-23T12:00:00+00:00,1,,0
974998c3-c11b-484e-b24c-4eaf3352313a,1de28808-94b5-434b-af5d-50a0f60444c4,Shamy Stores,https://shamystores.com/pages/pre-owned-games-consoles,website,merchant_website,verified_business_information,neutral,"Shamy Stores maintains a dedicated pre-owned section for PlayStation 5, PlayStation 4, Xbox, and Nintendo consoles and games on its website.",0.9,strong,,2026-08-23T20:34:39.492242+00:00,1,,0
e9c77292-9584-4586-ae7e-a6492acd7657,1de28808-94b5-434b-af5d-50a0f60444c4,Shamy Stores,https://www.facebook.com/shamystores/photos/1853483204807140/,facebook,social_media_post,physical_presence,neutral,"Shamy Stores publishes trade-in announcements for used gaming consoles across its physical store locations in Cairo, Giza, and Alexandria.",0.85,strong,,2026-08-23T20:34:39.513177+00:00,1,,0
9cbeb1db-c075-4d5f-a81d-65c7be1ef434,1de28808-94b5-434b-af5d-50a0f60444c4,Shamy Stores,https://shamystores.com/pages/request-a-repair,Shamy Stores Official Maintenance Portal,official_website,after_sales_support,neutral,"Specialized repair and maintenance service portal for PS5, PS4, Xbox, and Nintendo gaming consoles and controllers across Greater Cairo.",0.86,strong,2024-04-10T00:00:00,2026-08-24T12:00:00+00:00,1,,0
ecf9ab24-4d5a-45e2-955a-e7a42553c7f9,dc50ea61-a3fd-486b-bb27-a274cb1df799,Sharaby Computer (شركة شرابي للكمبيوتر واللاب توب),https://www.facebook.com/sharaby.computer/videos/24847111038246563/,Facebook,merchant_video_post,verified_business_information,positive,"Sharaby Computer supplies desktop workstations, laptops, and IT repair services in Damanhour with nationwide shipping across Egyptian governorates.",0.88,strong,2025-08-14T00:00:00+00:00,2026-08-24T00:00:00+00:00,1,,0
e4759085-d01e-490c-b08b-2e150d13fa90,588a0565-f677-4620-a000-aa9280c33d11,Sharaf DG Egypt,https://www.facebook.com/SharafDGEgypt/photos/876271111351184/,Facebook,social_post,verified_business_information,positive,Official presence and customer service verification for Sharaf DG Egypt operating physical mega-stores in Mall of Egypt and City Centre Almaza with hotline 17519.,0.95,very_strong,2024-06-12T10:00:00+00:00,2026-08-23T10:55:00+00:00,1,,0
3b2b9f63-c378-4fe0-a266-76087c2e1405,588a0565-f677-4620-a000-aa9280c33d11,Sharaf DG Egypt,https://egypt.sharafdg.com/ar/store-locator/,egypt.sharafdg.com,official_website,verified_business_information,positive,شرف دي جي مصر سلسلة متاجر إلكترونيات كبرى تابعة لمجموعة شرف تقدم أجهزة التكنولوجيا والمنزلية والهواتف الذكية مع فروع كبرى في مول مصر وسيتي سنتر ألماظة وخدمة عملاء وخط ساخن رسمي 17519 وفواتير ضريبية.,0.95,very_strong,,2026-08-23T12:00:00+00:00,1,,0
ea4ebf50-1c40-4f25-ab80-9b9c628d3262,588a0565-f677-4620-a000-aa9280c33d11,Sharaf DG Egypt,https://egypt.sharafdg.com,web,official_website,verified_business_information,positive,Sharaf DG Egypt runs major electronic retail megastores and e-commerce operations in Cairo and Giza with centralized hotline 17519 and support email support@eg.sharafdg.com.,0.95,very_strong,,2026-08-23T14:58:00+00:00,1,,0
950c138a-a676-4730-b376-06e54db65a39,588a0565-f677-4620-a000-aa9280c33d11,Sharaf DG Egypt,https://www.facebook.com/SharafDGEgypt/videos/828160879686720/,Facebook,merchant_official_page,verified_business_information,positive,"Sharaf DG Egypt announces megastore locations in Mall of Egypt, City Centre Almaza, and CFC Mall offering consumer electronics with authorized Egyptian agency warranties and customer support via 17519.",0.9,strong,2024-08-01T00:00:00+00:00,2026-08-24T13:25:00+00:00,1,,0
99b94c66-39fe-4d8c-9dc4-21ab137766b9,c2663427-e45d-46da-bbd9-1935b60e69ef,Sianco (الشركة المصرية لخدمات الغاز الطبيعي والأجهزة المنزلية - صيانكو),https://cpa.gov.eg/ar-eg/%D8%AA%D8%AD%D8%B0%D9%8A%D8%B1%D8%A7%D8%AA/ArtMID/622/ArticleID/6770/%D8%AC%D9%87%D8%A7%D8%B2-%D8%AD%D9%85%D8%A7%D9%8A%D8%A9-%D8%A7%D9%84%D9%85%D8%B3%D8%AA%D9%87%D9%84%D9%83-%D9%85%D8%B1%D8%A7%D9%83%D8%B2-%D8%A7%D9%84%D8%B5%D9%8A%D8%A7%D9%86%D8%A9-%D8%A7%D9%84%D8%BA%D9%8A%D8%B1-%D9%85%D8%B9%D8%AA%D9%85%D8%AF%D8%A9-%D8%AA%D9%87%D8%AF%D8%AF-%D8%A3%D9%85%D9%86-%D9%88%D8%B3%D9%84%D8%A7%D9%85%D8%A9-%D8%A7%D9%84%D9%85%D9%88%D8%A7%D8%B7%D9%86%D9%8A%D9%86,cpa.gov.eg,official_regulatory_portal,verified_business_information,neutral,"The Consumer Protection Agency issued an official consumer warning against fake, unauthorized maintenance workshops that unlawfully impersonate the trade name of Sianco. The CPA verified and published the official contact details and domain of the genuine company (Hotline 19994, www.siancoeg.com) and reported enforcement raids and legal reports filed against fraudulent imitators.",0.95,very_strong,2022-04-10T00:00:00+00:00,2026-08-24T00:00:00+00:00,1,,0
f913394e-cf04-41cd-af40-853700b5f39e,3da82768-832c-4bf5-80c1-6cf3059cf5c5,Sigma Computer,https://www.sigma-computer.com/en/pages/stores,sigma-computer.com,official_store_website,physical_presence,positive,"Sigma Computer operates a major physical branch in Alexandria located inside El Deeb Mall on Souria Street, Roushdy, providing PC hardware, laptops, and custom builds with direct store pickup and regional customer support.",0.95,very_strong,,2026-08-23T00:00:00+00:00,1,,0
dc3bc946-9419-4b49-a725-d61657fc8407,3da82768-832c-4bf5-80c1-6cf3059cf5c5,Sigma Computer,https://sigma-computer.com/en/pages/warranty-policy,Direct Merchant Site,merchant_official_website,verified_business_information,neutral,Sigma Computer publishes formal 14-day replacement/return and authorized distributor warranty terms for components carrying their warranty stamp or authorized agent seal.,0.9,strong,,2026-08-23T00:00:00+00:00,1,,0
36b998ae-5ddb-4272-a3bd-49de3681b8cc,3da82768-832c-4bf5-80c1-6cf3059cf5c5,Sigma Computer,https://www.sigma-computer.com/en/pages/stores,sigma-computer.com,official_store_website,physical_presence,neutral,"Sigma Computer maintains a physical branch in Mohandessin, Giza, offering PC parts, bundles, pre-built setups, and component testing.",0.95,very_strong,,2026-08-23T11:10:00+00:00,1,,0
d62ae148-9471-48ed-8da1-a91f25a742e8,3da82768-832c-4bf5-80c1-6cf3059cf5c5,Sigma Computer,https://www.reddit.com/r/EgyptianFreelancers/comments/1fkfzs3/sigma_computer_%D8%A7%D9%88%D9%86%D9%84%D8%A7%D9%8A%D9%86/,reddit,community_discussion,repeated_recommendation,positive,"Local community recommendations favor purchasing computer components directly at the physical store in Mohandessin to inspect and test parts prior to payment, while noting strict deposit rules for high-value online orders.",0.85,strong,2024-09-19T00:00:00+00:00,2026-08-23T11:15:00+00:00,1,,0
beb37e76-d456-4bda-90a6-287c5a93e5ca,3da82768-832c-4bf5-80c1-6cf3059cf5c5,Sigma Computer,https://www.reddit.com/r/Egypt/comments/pyu74b/looking_for_a_recommendation_of_a_gaming_pc_shop/,Reddit,forum_thread,warranty_issue,negative,Community report highlighting customer friction regarding warranty enforcement and referral to third-party agency distributors when hardware defects arise.,0.75,strong,2021-10-01T08:15:00+00:00,2026-08-23T12:00:00+00:00,1,,0
9bc8e563-3f49-4f6a-aca9-7b6e9a811260,3da82768-832c-4bf5-80c1-6cf3059cf5c5,Sigma Computer,https://sigma-computer.com/en/pages/warranty-policy,Direct Merchant Site,merchant_official_website,warranty_issue,neutral,"Sigma Computer is one of Egypt's largest PC gaming hardware distributors, shipping across Egypt including Mansoura/Delta. Warranty policies require official tax invoices and authorized distributor stamps for RMA processing; consumer discussions emphasize verifying serials and invoices prior to CPA warranty disputes.",0.85,strong,2025-05-15T00:00:00+00:00,2026-08-23T12:00:00+00:00,1,,0
0a7c913d-3277-41fc-85a3-968bb9f62af3,3da82768-832c-4bf5-80c1-6cf3059cf5c5,Sigma Computer,https://www.facebook.com/SigmaComputer.Egypt,facebook,merchant_page,physical_presence,neutral,"Official business presence for Sigma Computer verifying its Mohandessin main showroom at 25 Esraa El Moalmeen St, Lebanon Square, Giza, warning buyers regarding official warranty channels.",0.9,strong,,2026-08-23T14:35:00+00:00,1,,0
fdeec13b-28f3-4597-a7de-07bd9ea9b219,3da82768-832c-4bf5-80c1-6cf3059cf5c5,Sigma Computer,https://www.sigma-computer.com/en/pages/stores,sigma-computer.com,official_store_website,physical_presence,neutral,"Official store directory showing Sigma Computer physical retail locations across Cairo (El Bostan Mall Downtown, El Sakhawy Heliopolis, E-Zone Mall Nasr City) and Giza (Mohandeseen).",0.95,very_strong,2026-01-01T00:00:00+00:00,2026-08-23T15:00:00+00:00,1,,0
6056540f-0c00-4432-89ec-94fe53132fdb,3da82768-832c-4bf5-80c1-6cf3059cf5c5,Sigma Computer,https://www.reddit.com/r/Egypt/comments/tbkgfv/good_place_to_buy_pc_components_like_casescpuram/,Reddit,online_community_forum,repeated_recommendation,positive,"Community recommendation for purchasing PC components, CPUs, RAM, and GPUs in Cairo, citing Sigma Computer as one of the primary established hardware stores with both physical and online presence.",0.85,strong,2022-03-11T00:00:00+00:00,2026-08-23T15:05:00+00:00,1,,0
bd6fa7d6-2d1a-4bbe-a1b1-3b39c65e0e70,3da82768-832c-4bf5-80c1-6cf3059cf5c5,Sigma Computer,https://www.reddit.com/r/Egypt/comments/150yp0h/where_can_i_assemble_a_custom_pc/,Reddit,online_community_forum,repeated_recommendation,positive,"Community consensus on r/Egypt recommending Sigma Computer as an established hardware store with reliable stock, transparent pricing, and warranty honoring in El Bustan and Heliopolis.",0.85,strong,2023-07-16T00:00:00+00:00,2026-08-23T16:30:00+00:00,1,,0
db8f5e36-5f70-46bd-837b-72c44fe3c608,3da82768-832c-4bf5-80c1-6cf3059cf5c5,Sigma Computer,https://www.sigma-computer.com/en/pages/stores,sigma-computer.com,official_store_website,physical_presence,neutral,"Official store branch directory documenting physical retail locations in Downtown Cairo (El Bustan Mall), Heliopolis (El Asyouti Mall), and Nasr City (E-Zone Mall).",0.95,very_strong,,2026-08-23T16:30:00+00:00,1,,0
d73d4884-2a64-451e-8ade-02d6da6f3f17,3da82768-832c-4bf5-80c1-6cf3059cf5c5,Sigma Computer,https://www.reddit.com/r/Egypt/comments/pyu74b/looking_for_a_recommendation_of_a_gaming_pc_shop/,Reddit,forum_thread,repeated_recommendation,positive,"Egyptian PC gaming community members in r/Egypt recommend Sigma Computer for sourcing authentic computer components and custom PC assembly in Cairo/Giza, highlighting good stock variety and customer service.",0.85,strong,2021-10-01T00:00:00+00:00,2026-08-23T20:38:00+00:00,1,,0
00a58955-01d3-4925-9355-43e16a4b2df1,3da82768-832c-4bf5-80c1-6cf3059cf5c5,Sigma Computer,https://www.sigma-computer.com/en/pages/stores,sigma-computer.com,official_store_website,physical_presence,neutral,"Official store directory for Sigma Computer confirming primary headquarters at 25 Esraa Al Moalmeen St, Lebnan Sq, Giza, alongside retail presence across major computer hubs in Cairo, Nasr City, Heliopolis, Downtown, and Alexandria.",0.9,strong,,2026-08-23T21:42:00+00:00,1,,0
975f32cb-b8b6-4103-8786-bad6a7aa5276,3da82768-832c-4bf5-80c1-6cf3059cf5c5,Sigma Computer,https://sigma-computer.com/en/pages/warranty-policy,Direct Merchant Site,merchant_official_website,verified_business_information,positive,"Sigma Computer published its updated warranty policy for computer hardware and gaming PC components, authorized store network in Mohandessin, Downtown, Heliopolis, and customer service center at 0233033099.",0.93,very_strong,2026-01-10T00:00:00+00:00,2026-08-24T00:00:00+00:00,1,,0
899aa4fc-8478-4e09-a9a1-65e2afeccb5f,3da82768-832c-4bf5-80c1-6cf3059cf5c5,Sigma Computer,https://sigma-computer.com/en/pages/warranty-policy,Direct Merchant Site,merchant_official_website,verified_business_information,neutral,"Sigma Computer operates multiple retail and service branches in Mohandessin (Giza) and Cairo, offering computer hardware, custom gaming builds, and maintenance under published warranty and return guidelines conforming to consumer protection standards.",0.95,very_strong,2025-01-01T00:00:00+00:00,2026-08-24T00:00:00+00:00,1,,0
e84b7884-7760-414a-af67-7e271d3b982f,3da82768-832c-4bf5-80c1-6cf3059cf5c5,Sigma Computer,https://www.sigma-computer.com/en/pages/stores,sigma-computer.com,official_store_website,physical_presence,neutral,"Sigma Computer publishes its physical retail network with headquarters at 25 Esraa El Moalemeen St, Lebanon Square, Mohandessin, Giza alongside additional branches in Cairo and Alexandria.",0.95,very_strong,2026-01-01T00:00:00+00:00,2026-08-24T12:00:00+00:00,1,,0
709ae5b1-2888-410e-8023-11ab1f71dd0c,3da82768-832c-4bf5-80c1-6cf3059cf5c5,Sigma Computer,https://sigma-computer.com/en/pages/warranty-policy,Direct Merchant Site,merchant_official_website,warranty_issue,positive,Sigma Computer publishes its warranty and returns protocol requiring original invoice for 14-day returns on defective computer components and stating warranty coverage parameters.,0.9,strong,2026-01-01T00:00:00+00:00,2026-08-24T12:00:00+00:00,1,,0
cce284a5-1215-4389-8116-0373665d4fb3,3da82768-832c-4bf5-80c1-6cf3059cf5c5,Sigma Computer,https://www.sigma-computer.com,merchant_website,official_profile,physical_presence,neutral,"Sigma Computer maintains physical retail and service branches in El Bostan Mall and Mohandessin, providing PC components, laptops, warranty servicing, and replacement of defective units within 14 days under Egyptian consumer law.",0.85,strong,,2026-08-24T12:00:00+00:00,1,,0
3dfa02b9-91a0-4254-9aad-3dcdebaceef3,3da82768-832c-4bf5-80c1-6cf3059cf5c5,Sigma Computer,https://sigma-computer.com/en/pages/warranty-policy,Direct Merchant Site,merchant_official_website,verified_business_information,positive,"Official Sigma Computer warranty and return policy documentation detailing manufacturing defect coverage, return procedure within 14 days, official service contact (0233033099), and head branch physical address in Mohandessin, Giza.",0.95,very_strong,2025-01-15T00:00:00+00:00,2026-08-24T12:00:00+00:00,1,,0
f18d7355-80d8-42e2-b635-14ddef469d26,3da82768-832c-4bf5-80c1-6cf3059cf5c5,Sigma Computer,https://www.sigma-computer.com/en/pages/stores,sigma-computer.com,official_store_website,verified_business_information,positive,"Sigma Computer maintains an official branch in Alexandria at Deeb Mall, Roushdy, offering local agent warranties and authorized PC component sales and assembly.",0.95,very_strong,2025-09-01T00:00:00+00:00,2026-08-24T12:05:00+00:00,1,,0
e559af2f-ac0e-4435-a377-6bbcd10a132b,87694abd-1789-4b39-bec6-0b7effed67f8,Sigma Store,https://www.facebook.com/sigmastoreee/posts/1064351643076130/,facebook,official_post,product_quality,positive,Sigma Store highlights inspection and testing procedures for new and pre-owned (used) PS5 consoles with warranty coverage at their Nasr City branch in Cairo.,0.85,strong,,2026-08-23T00:00:00+00:00,1,,0
2bdd728e-900a-454c-bb82-acf50601dbaa,424640bc-a3c7-4b44-9de3-6bafedaa2b1d,Silicon Computer & Systems (سيليكون كمبيوتر الإسكندرية),https://www.facebook.com/siliconcomputer.systems/posts/1097394472407510/,Facebook,social_media_post,physical_presence,neutral,"Silicon Computer & Systems confirms physical location in El Deeb Mall Roushdy, Alexandria, providing authorized agent warranties on PC parts and nationwide courier dispatch.",0.86,strong,,2026-08-23T00:00:00+00:00,1,,0
937b7634-fbfd-4c52-a735-58b3166a9600,424640bc-a3c7-4b44-9de3-6bafedaa2b1d,Silicon Computer & Systems (سيليكون كمبيوتر الإسكندرية),https://www.facebook.com/siliconcomputer.systems/posts/1097394472407510/,Facebook,social_media_post,physical_presence,positive,"Silicon Computer maintains an active hardware store and PC assembly center in Roushdy Alexandria (1 Syria St, El Deeb Mall, 5th Floor), providing official agency warranties on all products and nationwide delivery.",0.88,strong,,2026-08-24T00:00:00,1,,0
373430e8-e35a-4a42-8a23-6f0822c4f88e,98e83f64-7837-4173-b7df-0fb2dce03c9c,Smart Home Egypt,https://smarthome-egypt.com/pages/about.php,smarthome-egypt.com,official_website,physical_presence,neutral,"Smart Home Egypt established its online retail platform in 2021 based in El Obour City under founder Eng. Ahmed Abdallah, supplying home and electrical appliances with on-delivery inspection policies.",0.85,strong,2021-01-01T00:00:00+00:00,2026-08-24T00:00:00+00:00,1,,0
8b10b6c0-d7b8-4bb5-afd8-46aa9d7d90d3,21f347e1-5c68-46de-a108-e04208fd0fa1,Smart Home for Electrical Appliances,https://www.youm7.com/story/2016/12/10/%D8%AD%D9%85%D8%A7%D9%8A%D8%A9-%D8%A7%D9%84%D9%85%D8%B3%D8%AA%D9%87%D9%84%D9%83-%D8%A5%D8%AD%D8%A7%D9%84%D8%A9-%D8%B4%D8%B1%D9%83%D8%A9-%D8%B3%D9%85%D8%A7%D8%B1%D8%AA-%D9%87%D9%88%D9%85-%D9%84%D9%84%D8%A3%D8%AC%D9%87%D8%B2%D8%A9-%D8%A7%D9%84%D9%83%D9%87%D8%B1%D8%A8%D8%A7%D8%A6%D9%8A%D8%A9-%D9%84%D9%84%D9%86%D9%8A%D8%A7%D8%A8%D8%A9-%D8%A7%D9%84%D8%B9%D8%A7%D9%85%D8%A9/3003513,Youm7,news+gov,official_warning,negative,Egypt's Consumer Protection Agency (CPA) referred the legal representative of Smart Home for Electrical Appliances to the Public Prosecution for failing to execute the CPA board decision to deliver a washing machine (complaint no. 168315) without price hikes or extra fees.,0.95,very_strong,2016-12-10T10:44:40+00:00,2026-08-23T20:30:00+00:00,1,,0
8c562f9e-333d-47cb-a524-f4ac8858c7a4,21f347e1-5c68-46de-a108-e04208fd0fa1,Smart Home for Electrical Appliances,https://www.youm7.com/story/2016/12/10/%D8%AD%D9%85%D8%A7%D9%8A%D8%A9-%D8%A7%D9%84%D9%85%D8%B3%D8%AA%D9%87%D9%84%D9%83-%D8%A5%D8%AD%D8%A7%D9%84%D8%A9-%D8%B4%D8%B1%D9%83%D8%A9-%D8%B3%D9%85%D8%A7%D8%B1%D8%AA-%D9%87%D9%88%D9%85-%D9%84%D9%84%D8%A3%D8%AC%D9%87%D8%B2%D8%A9-%D8%A7%D9%84%D9%83%D9%87%D8%B1%D8%A8%D8%A7%D8%A6%D9%8A%D8%A9-%D9%84%D9%84%D9%86%D9%8A%D8%A7%D8%A8%D8%A9-%D8%A7%D9%84%D8%B9%D8%A7%D9%85%D8%A9/3003513,Youm7,news+gov,official_warning,negative,CPA referred the legal representative of Smart Home for Electrical Appliances to the public prosecution after the merchant stalled and refused to deliver a contracted washing machine without imposing additional costs on the consumer.,0.95,very_strong,2016-12-10T10:44:40+00:00,2026-08-23T23:35:00+00:00,1,,0
742f7383-0a58-4db4-b5a3-0cb9dc5ede54,dfa5eef4-83cf-4727-a8e9-98236a797c6f,Smart Home for Electrical Appliances - Damietta (سمارت هوم للأجهزة الكهربائية - دمياط),https://www.facebook.com/SmartHome.Dumyat/posts/458577283211972/,Facebook,social_media_post,physical_presence,neutral,"Smart Home for Electrical Appliances operates a verified physical showroom in Midan Sorour, Damietta, providing nationwide shipping across Egyptian governorates and credit card installment plans through National Bank of Egypt, Banque Misr, and CIB.",0.86,strong,,2026-08-23T00:00:00+00:00,1,,0
c32590db-9058-464d-8fe1-2214052262e1,dfa5eef4-83cf-4727-a8e9-98236a797c6f,Smart Home for Electrical Appliances - Damietta (سمارت هوم للأجهزة الكهربائية - دمياط),https://www.facebook.com/SmartHome.Dumyat/posts/562700086133024/,Facebook,social_media,long_business_history,positive,"Smart Home Damietta documents over 8 years of retail operations for electrical and home appliances at Sourour Square in Damietta, offering installment options through Egyptian banks and delivery across Egypt.",0.88,strong,2023-10-01T00:00:00+00:00,2026-08-24T00:00:00+00:00,1,,0
aa29e739-54f1-457a-9685-5e61fc573d41,97377500-9fa5-4de1-9e7e-e3ce009c220f,Soft Laptop,https://www.facebook.com/softlaptop,facebook,merchant_page_about,physical_presence,positive,"Official store profile verifying three physical branch locations across the Delta governorates (Tanta in Gharbia, Shibin El Kom and Birket El Sab in Menofia), official website, and customer contact phone numbers.",0.88,strong,2024-02-15T12:00:00+00:00,2026-08-23T15:05:00+00:00,1,,0
f3db728b-cc2d-4713-875c-e67e5b54edd7,d3a58e75-bc9e-44cb-b7d1-8f1ef1a86f65,Solo Group for Computers and Laptops (سولو جروب),https://www.facebook.com/solo.group.eg/,facebook,merchant_page,physical_presence,neutral,"Solo Group advertises its physical retail store and technical support hub in Mansoura on El-Galaa Street, offering gaming PC assemblies, laptop sales, SSD/HDD upgrades, and hardware maintenance.",0.9,strong,,2026-08-23T00:00:00+00:00,1,,0
02f54a61-ca9b-4e9f-bf25-00910450f004,9ec00c35-c71f-42cb-bd11-7f3f1347aa91,Spider Computer & Systems,https://yellowpages.com.eg/ar/map-category/New-Ismaileya-Computer-Hardware/32047/p192,Yellow Pages Egypt,business_directory,physical_presence,neutral,Spider for Computers and Systems operates physical offices and retail showrooms in Alexandria at 9 Al Adeeb Mohamed Zaytoun St in Smouha (facing Smouha Club) and Moharam Bek.,0.88,strong,,2026-08-23T00:00:00+00:00,1,,0
fab882c2-ad3b-4800-84b8-133e524b6875,eaa59b9e-835a-413d-86a7-b8d64372e09f,Spinneys Egypt,https://manshurat.org/content/tdyl-bd-hkm-qnwn-hmy-lmsthlk-blqnwn-rqm-20-lsn-2024,Manshurat Legal Database,regulatory_framework,pricing_issue,neutral,"Legal framework and enforcement oversight established under Law No. 20 of 2024 amending the Egyptian Consumer Protection Law, governing supermarket retail pricing, strategic commodity holding, and consumer transparency.",0.91,strong,2024-03-05T00:00:00,2026-08-23T00:00:00,1,,0
671e1568-9c86-4625-a1eb-d75ddaaaf355,eaa59b9e-835a-413d-86a7-b8d64372e09f,Spinneys Egypt,https://spinneys-egypt.com,spinneys-egypt.com,official_merchant_portal,verified_business_information,neutral,"Spinneys Egypt maintains clear consumer protection coordination channels including hotline 16005 and customer service email. Public official records indicate tax registration 240-533-215, structured branch networks across Cairo/Giza, and standard return policies adhering to Egyptian retail consumer protection guidelines.",0.92,very_strong,2026-01-01T00:00:00+00:00,2026-08-23T10:50:00+00:00,1,,0
0449f1ad-1cd2-4e96-9244-c33bae642339,550b1027-c781-4ca3-ab76-8a76fc19d816,Spinneys Egypt (Tanta Branch),https://spinneys-egypt.com/ar/stores,official_website,official_store_locator,physical_presence,neutral,"Official store locator and verified branch profile for Spinneys supermarket branch operating inside Mall of Tanta, Gharbia Governorate, offering grocery retail and delivery via unified hotline 16005.",0.95,very_strong,2024-01-01T00:00:00+00:00,2026-08-24T12:00:00+00:00,1,,0
c89b3401-546a-4768-8e53-8a0fce9024ba,9a2e1155-6ff2-4b98-9729-effb94607280,Square Tech,https://squaretec.store/pages/about-us,web,official_storefront,product_quality,positive,"Square Tech establishes its operational model founded in 2015 at Ramo Center, Nasr City, offering inspected and stress-tested pre-owned NVIDIA RTX/GTX and AMD graphics cards backed by a 90-day (3-month) warranty.",0.9,strong,,2026-08-23T12:00:00+00:00,1,,0
381dcc5c-c808-4fbb-8aef-8c45ed48bc40,9a2e1155-6ff2-4b98-9729-effb94607280,Square Tech,https://squaretec.store/policies/terms-of-service,web,official_policy,verified_business_information,neutral,Square Tech details terms of service for nationwide shipping and replacement/return guidelines on graphics cards across Egypt.,0.85,strong,,2026-08-23T12:00:00+00:00,1,,0
4f1558e0-1c32-4d39-a33e-5d202c0e91f4,49602a98-3bef-4b2a-8491-27ad4e310feb,Switch Plus,https://www.facebook.com/groups/cosumersexperience/posts/4285426958339862/,Facebook Groups,customer_review,after_sales_support,negative,"Customer review and discussion regarding Apple authorized repair service diagnostic policy, examination fees, and dispute resolution via technical reports and CPA (جهاز حماية المستهلك).",0.85,strong,2024-05-18T14:30:00+00:00,2026-08-23T10:15:00+00:00,1,,0
7e3e1e02-a21f-4ba8-a1d5-d261722f8c88,49602a98-3bef-4b2a-8491-27ad4e310feb,Switch Plus,https://switchpluseg.com/FAQs,official_website,registry+web,verified_business_information,positive,"Switch Plus (El Safy Group) operates as an official Apple Premium Reseller in Egypt with public Tax Registration Number 254-816-545 and multiple physical retail and maintenance branches across Cairo, Giza, Alexandria, and Red Sea.",0.95,very_strong,,2026-08-23T12:00:00+00:00,1,,0
5b21ec40-d3d9-44a4-950c-09d547444cf9,49602a98-3bef-4b2a-8491-27ad4e310feb,Switch Plus,https://locate.apple.com/eg/en/service?pt=3&lat=30.0453216&lon=31.239624&address=Cairo,Apple Official Locator,official_registry,verified_business_information,positive,Apple official directory verifying Switch Plus (under Al Safy Group) as an Apple Authorized Reseller and Apple Authorized Service Provider (AASP) in Cairo.,0.98,very_strong,,2026-08-23T16:30:00+00:00,1,,0
335060f6-3246-4a5e-a3f1-7dccf5ab5468,49602a98-3bef-4b2a-8491-27ad4e310feb,Switch Plus,https://almalnews.com/2077203/%D8%B3%D9%88%D9%8A%D8%AA%D8%B4-%D8%A8%D9%84%D8%B3-%D9%88%D9%83%D9%84%D9%8A%D9%81%D8%B1-%D9%8A%D8%B7%D8%B1%D8%AD%D8%A7%D9%86-%D8%B3%D9%84%D8%B3%D9%84%D8%A9-%D9%87%D9%88%D8%A7%D8%AA%D9%81-%D8%A2%D9%8A%D9%81%D9%88%D9%86/,Al Mal News,news+gov,verified_business_information,positive,"Switch Plus, an affiliate of Al Safy Group specializing in distribution, retail, and after-sales support for Apple products in Egypt, operates 11 nationwide branches and an online store, providing consumer installment partnerships with payment platform Klivvr.",0.95,very_strong,2025-09-26T17:02:38+00:00,2026-08-23T23:35:00+00:00,1,,0
36e7ff0c-4e5f-4c0f-adb1-8a972e2396c8,49602a98-3bef-4b2a-8491-27ad4e310feb,Switch Plus,https://yellowpages.com.eg/ar/profile/%D8%B3%D9%88%D9%8A%D8%AA%D8%B4-%D8%A8%D9%84%D8%B3/124654,yellowpages_egypt,business_directory,physical_presence,neutral,سجل تجاري ودليل أعمال منشور على يلوبيدجز مصر يثبت المقر الفعلي لـ سويتش بلس بميدان الثورة في المهندسين بمحافظة الجيزة بالقرب من نادي الصيد المصري في تصنيف موبايلات واكسسوارات.,0.95,very_strong,,2026-08-24T00:00:00+00:00,1,,0
6f3904ca-18d9-4ff2-b143-c3e4ff266119,49602a98-3bef-4b2a-8491-27ad4e310feb,Switch Plus,https://yellowpages.com.eg/ar/profile/%D8%B3%D9%88%D9%8A%D8%AA%D8%B4-%D8%A8%D9%84%D8%B3/618038,yellowpages_egypt,business_directory,physical_presence,neutral,سجل تجاري لفرع سويتش بلس في كابيتال بيزنس بارك بمحور 26 يوليو في الشيخ زايد / السادس من أكتوبر بمحافظة الجيزة.,0.95,very_strong,,2026-08-24T00:00:00+00:00,1,,0
cd1e3eac-8fd7-40f2-b7e3-11c2639eae5e,49602a98-3bef-4b2a-8491-27ad4e310feb,Switch Plus,https://getedara.com/blog/%D9%82%D8%B5%D8%A9-%D8%B3%D9%88%D9%8A%D8%AA%D8%B4-%D8%A8%D9%84%D8%B3-%D9%85%D8%B9-%D8%A5%D8%AF%D8%A7%D8%B1%D8%A9/,getedara.com,case_study,verified_business_information,positive,"Case study documenting Switch Plus corporate identity under Al Safy Group, established in 1998 with 15+ branches in Egypt, specialized in Apple Premium retail and authorized service operations, and detailing full ERP tracking and electronic invoice integration with Egyptian tax authorities.",0.95,very_strong,2024-07-12T19:01:16+00:00,2026-08-24T00:00:00+00:00,1,,0
3a91e549-cda9-4aa7-a204-a4589f6b70e0,49602a98-3bef-4b2a-8491-27ad4e310feb,Switch Plus,https://www.facebook.com/groups/cosumersexperience/posts/4269193329963225/,facebook.com,social_post,warranty_issue,negative,"Consumer experience post reporting technical diagnosis dispute on a MacBook at Switch Plus service center; customer was quoted high logic board replacement fees while another authorized provider resolved it via software/cleaning, leading to discussion of filing a complaint with the Egyptian Consumer Protection Agency (CPA) and Apple Support.",0.85,strong,2024-05-18T14:30:00+00:00,2026-08-24T00:00:00+00:00,1,,0
18fc46f3-0ab4-41b0-ac11-2ce444e0636d,49602a98-3bef-4b2a-8491-27ad4e310feb,Switch Plus,https://www.facebook.com/groups/cosumersexperience/posts/4134480436767849/,facebook.com,social_post,after_sales_support,neutral,"Customer review and discussion regarding warranty terms for international Apple devices at Switch Plus branches in Egypt, noting limitations and parts wait times for non-Middle East model variants compared to local models.",0.8,strong,2024-03-12T11:20:00+00:00,2026-08-24T00:00:00+00:00,1,,0
c290f8a9-e45e-4f42-bb01-587e6a1c230c,49602a98-3bef-4b2a-8491-27ad4e310feb,Switch Plus,https://almalnews.com/2077203/%D8%B3%D9%88%D9%8A%D8%AA%D8%B4-%D8%A8%D9%84%D8%B3-%D9%88%D9%83%D9%84%D9%8A%D9%81%D8%B1-%D9%8A%D8%B7%D8%B1%D8%AD%D8%A7%D9%86-%D8%B3%D9%84%D8%B3%D9%84%D8%A9-%D9%87%D9%88%D8%A7%D8%AA%D9%81-%D8%A2%D9%8A%D9%81%D9%88%D9%86/,Al Mal News,news+gov,verified_business_information,positive,Financial and tech press coverage detailing commercial partnership between Switch Plus (Al Safy Group) and Klivvr payments platform offering 24-month zero-interest installments across its 11+ retail branches and e-commerce platform in Egypt.,0.9,strong,2025-09-26T17:02:38+00:00,2026-08-24T00:00:00+00:00,1,,0
e834a686-6ce5-4753-befc-6cef9b26ee62,49602a98-3bef-4b2a-8491-27ad4e310feb,Switch Plus,https://www.facebook.com/switchplus.eg/posts/947361487415922/,facebook.com,social_post,verified_business_information,neutral,"Official Switch Plus announcement stating public tax registration number 254-816-545, hotline 16169, and physical branch locations including Mohandessin branch near Shooting Club, Giza.",0.95,very_strong,2024-04-10T12:00:00+00:00,2026-08-24T00:00:00+00:00,1,,0
1483a6f6-ad41-411d-ae26-2001b914ed1b,49602a98-3bef-4b2a-8491-27ad4e310feb,Switch Plus,https://www.youm7.com/story/2024/8/28/%D8%AC%D9%87%D8%A7%D8%B2-%D8%AD%D9%85%D8%A7%D9%8A%D8%A9-%D8%A7%D9%84%D9%85%D8%B3%D8%AA%D9%87%D9%84%D9%83-%D9%8A%D9%86%D8%B4%D8%B1-%D9%82%D8%A7%D8%A6%D9%85%D8%A9-%D8%A8%D8%B9%D9%86%D8%A7%D9%88%D9%8A%D9%86-%D8%A7%D9%84%D9%81%D8%B1%D9%88%D8%B9-%D9%88%D8%B7%D8%B1%D9%82-%D8%A7%D9%84%D8%AA%D9%82%D8%AF%D9%85-%D8%A8%D8%A7%D9%84%D8%B4%D9%83%D8%A7%D9%88%D9%89/6689131,youm7.com,news_article,official_warning,neutral,"Report on Egyptian Consumer Protection Agency (CPA) complaint filing procedures, documentation requirements for electronics and technical service dispute cases (invoices, diagnostic reports, SRO receipts), and consumer rights enforcement guidelines applicable to authorized dealers and tech maintenance centers in Giza and Cairo.",0.9,strong,2024-08-28T09:15:00+00:00,2026-08-24T00:00:00+00:00,1,,0
fac2216d-61fa-4ca8-b364-a90a268488b6,49602a98-3bef-4b2a-8491-27ad4e310feb,Switch Plus,https://switchpluseg.com/FAQs,official_website,registry+web,warranty_issue,neutral,"Authorized Apple service provider and reseller policy on warranty terms, repair durations, Middle East hardware coverage, and after-sales intake in Egypt.",0.88,strong,2024-08-15T00:00:00,2026-08-24T12:00:00+00:00,1,,0
83860d8d-ce14-4bbf-a31a-7b61b3fd4bcb,f689ce11-2118-4c0c-9c15-1fb6d4acc65d,Tabarak TechnoShop (تبارك تكنوشوب),https://www.facebook.com/TabarakTechno/,facebook.com,social_media_post,verified_business_information,positive,"Official merchant page documenting physical store on Sharia Aql off Gehan Street in Mansoura, specializing in imported engineering and workstation laptops (HP ZBook, Dell Precision), providing nationwide delivery and phone/WhatsApp sales support.",0.9,strong,,2026-08-24T12:22:00+00:00,1,,0
7f03b996-fccd-400b-b672-f27dc7d72110,f689ce11-2118-4c0c-9c15-1fb6d4acc65d,Tabarak TechnoShop (تبارك تكنوشوب),https://www.facebook.com/TabarakTechno/photos/1044854330996117/,facebook,social_post,product_quality,positive,"Technical explanation and guidance post educating clients on laptop processor tiers (H, U, HQ) with in-store testing policy and local replacement warranty provisions.",0.88,strong,,2026-08-24T12:25:00+00:00,1,,0
e18447f4-3dee-4c30-bd43-3cc8feeb97d1,3e4be6a1-f5f1-46a6-b05f-110497edae58,Tagme3tk Store,https://www.reddit.com/r/EgyptTech/comments/1lewfxu/%D8%AC%D8%AF%D8%B9%D8%A7%D9%86_%D9%85%D9%86%D9%8A%D9%86_%D8%AA%D8%AC%D9%8A%D8%A8_%D8%AA%D8%AC%D9%85%D9%8A%D8%B9%D8%A7%D8%AA_%D8%A8%D9%A4%D9%A0%D9%A0%D9%A0%D9%A0_%D8%A7%D9%88_%D9%85%D9%86%D9%8A%D9%86_%D8%A7%D8%AC%D9%8A%D8%A8_%D9%82%D8%B7%D8%B9/,Reddit,forum_post,product_quality,positive,User discussions recommending specialized Al-Bustan shops such as Tagme3tk for budget and mid-tier custom PC builds with competitive component pricing.,0.82,strong,2024-08-20T19:10:00+00:00,2026-08-23T10:30:00+00:00,1,,0
dffe9c8b-b6dd-4793-bb20-a4e82d76b217,d69ac2a7-e2aa-4fc8-89d7-3b88eab51005,Taha Game Shop (طه جيم شوب),https://tahagame.com/contact-us/,website,store_locator,verified_business_information,positive,"Official website listing 3 physical branches in Alexandria (Smouha, El Bitash in Agami, and Sidi Bishr) providing gaming consoles, accessories, and maintenance.",0.95,very_strong,,2026-08-23T12:00:00+00:00,1,,0
5710c004-db70-48e7-8616-d7777ee39f67,d69ac2a7-e2aa-4fc8-89d7-3b88eab51005,Taha Game Shop (طه جيم شوب),https://www.facebook.com/Tahagames/videos/990464797261699/,facebook,social_post,after_sales_support,positive,Video demonstration of hardware repair and analog stick replacement for PlayStation 5 DualSense controllers at Taha Game Shop in Alexandria.,0.85,strong,,2026-08-23T12:00:00+00:00,1,,0
a0fd6b72-c3dd-49fc-b766-429279b48574,79bf5078-d0f6-4e8d-85d0-f7a5c5365801,Tech Planet Store,https://www.facebook.com/TechPlanet1100Store/posts/7460580693959576/,facebook,merchant_service_post,physical_presence,positive,"Service announcement outlining hardware maintenance, laptop repair, and mobile screen replacement services with physical branch in Moharam Bek Alexandria and WhatsApp direct link.",0.82,strong,2023-09-08T15:20:00+00:00,2026-08-23T14:50:00+00:00,1,,0
c07097a4-a2a5-4614-a0c8-e566054f005b,7a9e5413-1a30-408a-a8a6-026212c3667d,Technical Technology Store (شركة تكنيكال للتكنولوجيا ومستلزمات الكمبيوتر),https://www.facebook.com/Technicalstore/videos/%D8%B4%D8%B1%D9%83%D8%A9-%D8%AA%D9%83%D9%86%D9%8A%D9%83%D8%A7%D9%84-%D8%A8%D9%88%D8%B1%D8%B3%D8%B9%D9%8A%D8%AF-%D9%84%D8%AC%D9%85%D9%8A%D8%B9-%D9%85%D8%B3%D8%AA%D9%84%D8%B2%D9%85%D8%A7%D8%AA-%D9%88%D8%AE%D8%AF%D9%85%D8%A7%D8%AA-%D8%A7%D9%84%D9%83%D9%85%D8%A8%D9%8A%D9%88%D8%AA%D8%B1/480520872503161/,facebook,social_media_video,physical_presence,neutral,"Technical Technology Store operates a physical retail and computer maintenance hub in Port Said (Hay Al-Arab, Abu El-Hassan & Eugenie St), offering custom PC builds, GPU/CPU/RAM hardware, laptop maintenance, and home delivery.",0.88,strong,,2026-08-24T00:00:00+00:00,1,,0
336f3acb-8688-4c7e-ab3c-af677eb10820,f23fb003-1d0d-4f89-8825-a6ef279d2c2f,Techno Power,https://www.facebook.com/technopowr/posts/1536037845203087/,facebook,merchant_post,physical_presence,positive,"Official merchant announcement detailing store location near Dokki metro station, phone and WhatsApp contact numbers, and equipment testing and warranty policies for printers and copiers.",0.88,strong,2024-05-10T12:00:00+00:00,2026-08-23T14:38:00+00:00,1,,0
349e433c-213b-451f-bae4-c40c8f7e6324,f23fb003-1d0d-4f89-8825-a6ef279d2c2f,Techno Power,https://yellowpages.com.eg/ar/profile/techno-power,yellowpages,business_directory,verified_business_information,neutral,"Techno Power imports and services HP/Canon laser printers, copiers, toner cartridges, and computer hardware across multiple commercial tech malls in Cairo and Dokki.",0.85,strong,,2026-08-23T14:48:00+00:00,1,,0
57fb620d-782b-4c8b-a851-8bbf7bb598ff,1f271b65-9b0b-4d3f-b519-6c61d240f4ff,Technology Valley,https://tv-it.com/ar/our-stores,tv-it.com,official_store_website,physical_presence,positive,"Technology Valley publishes an extensive physical store network across Alexandria (Sidi Gaber), Cairo (Heliopolis, Downtown Boustan, Nasr City, Maadi, New Cairo), Tanta, and Kafr El Sheikh with customer hotline 15641.",0.91,strong,,2026-08-23T00:00:00+00:00,1,,0
553af8c6-5388-476f-930f-af651d781fdb,1f271b65-9b0b-4d3f-b519-6c61d240f4ff,Technology Valley,https://tv-it.com/our-stores,merchant_website,official_store_page,physical_presence,neutral,"Technology Valley operates a branch in Computer Mall at 7 Sphinx Square, Mohandessin, offering PC hardware components, computer builds, laptops, and consumer financing.",0.95,very_strong,,2026-08-23T11:35:00+00:00,1,,0
4a34eb7e-5f4c-4336-bf98-26048937213c,1f271b65-9b0b-4d3f-b519-6c61d240f4ff,Technology Valley,https://www.facebook.com/TechnologyValleyegypt/posts/492001600423615/,facebook,merchant_post,verified_business_information,positive,"Official store announcement linking official domain tv-it.com, unified hotline 15641, WhatsApp channel, and showroom address in Degla Maadi, Cairo.",0.9,strong,2023-10-14T12:00:00+00:00,2026-08-23T14:58:00+00:00,1,,0
e448c81a-49bb-4b70-baea-8e68e65e41ea,1f271b65-9b0b-4d3f-b519-6c61d240f4ff,Technology Valley,https://tv-it.com/product-categories/computer-1,web,merchant_official_website,verified_business_information,neutral,"Technology Valley official hardware catalog and retail network across Cairo, including Souq El Asr Mall (Shop 11, 1st Floor, 4 El Asyouti St) and El Bostan Mall, with unified hotline 15641.",0.9,strong,2026-01-01T00:00:00+00:00,2026-08-23T15:35:00+00:00,1,,0
77a5fbe7-d1ae-45f2-a3a4-c39012be6880,1f271b65-9b0b-4d3f-b519-6c61d240f4ff,Technology Valley,https://tv-it.com/ar/our-stores,tv-it.com,official_store_website,physical_presence,neutral,"Official store locator confirming physical branches in Cairo including inside Technology Mall (Nasr City), New Maadi, and New Cairo.",0.95,very_strong,,2026-08-23T16:30:00+00:00,1,,0
692b7cb9-88ab-46c6-9e54-227dd236c30d,1f271b65-9b0b-4d3f-b519-6c61d240f4ff,Technology Valley,https://tv-it.com/ar/our-stores,tv-it.com,official_store_website,physical_presence,positive,"Technology Valley provides an extensive physical chain of branches across Cairo (Nasr City Technology Mall, Heliopolis, El Bostan Downtown, Mohandessin Sphinx Mall, Maadi, New Cairo), Alexandria, Tanta, Kafr El Sheikh, and Mansoura (El Gehan St, University Plaza Mall), with hotline 15641.",0.96,very_strong,,2026-08-23T21:12:00+00:00,1,,0
5ea41f40-4dc3-49fd-b34b-1f679cd7a03c,1f271b65-9b0b-4d3f-b519-6c61d240f4ff,Technology Valley,https://tv-it.com/ar/our-stores,tv-it.com,official_store_website,physical_presence,neutral,"Technology Valley maintains physical retail branches across Egyptian governorates including Alexandria (13 Tayar Mahmoud Shokry St, Sidi Gaber/Smouha), Tanta (Mall of Tanta), and Kafr El Sheikh (Sanaa Garden), providing direct sales, warranty support, and unified hotline 15641.",0.95,very_strong,,2026-08-24T00:00:00,1,,0
ed8c255d-325b-4e41-a188-ed13c56b47e3,1f271b65-9b0b-4d3f-b519-6c61d240f4ff,Technology Valley,https://eg.pricena.com/ar/stores/technologyvalley/reviews,pricena,price_comparison_review_aggregator,verified_business_information,neutral,"Pricena directory profiles Technology Valley with a 30-day warranty/return policy window for items in original condition, 4-5 days delivery timeline, and electronic payment options including credit cards and installment programs.",0.85,strong,,2026-08-24T00:00:00,1,,0
458b0f04-1dfa-4d2f-951f-9e3774fe1d03,1f271b65-9b0b-4d3f-b519-6c61d240f4ff,Technology Valley,https://getedara.com/blog/%D8%AA%D9%83%D9%86%D9%88%D9%84%D9%88%D8%AC%D9%8A-%D9%81%D8%A7%D9%84%D9%8A-%D9%85%D8%B9-%D8%A5%D8%AF%D8%A7%D8%B1%D8%A9/,getedara,case_study,verified_business_information,positive,Case analysis detailing Technology Valley's commercial operational infrastructure and ERP/tax compliance integration with the Egyptian Tax Authority electronic invoice system across its retail stores.,0.88,strong,,2026-08-24T00:00:00,1,,0
f5e5a101-611f-44c6-9989-50aa5ea96e74,1f271b65-9b0b-4d3f-b519-6c61d240f4ff,Technology Valley,https://tv-it.com,Technology Valley Official Portal,official_store_policy,verified_business_information,positive,"Technology Valley showcases its product catalog of laptops, business PCs, and gaming setups across branches in Cairo, Giza, Alexandria, and Tanta with 2-year official agent warranty.",0.89,strong,2024-04-18T00:00:00+00:00,2026-08-24T12:50:00+00:00,1,,0
5d15c1d4-049a-4e41-8418-7db724e8d66a,83818a2b-dbf0-4083-a272-e4ad395886b5,Technology Valley Gate System LLC (تكنولوجي فالى لأنظمة البوابات الأوتوماتيكية),https://www.gate-techvalley-eg.com/ar/pages/about-us,official_store_website,about_page,long_business_history,positive,"Technology Valley Gate System LLC is an Egyptian enterprise established in 2003 specializing in automated gate engineering, traffic barriers, and security access solutions, operating under Chairman Dr. Eng. Ehab Samir with pre- and post-sales technical warranties.",0.92,very_strong,,2026-08-24T00:00:00,1,,0
01dba821-4a4a-4697-82a1-430cd9ee9598,83818a2b-dbf0-4083-a272-e4ad395886b5,Technology Valley Gate System LLC (تكنولوجي فالى لأنظمة البوابات الأوتوماتيكية),https://www.gate-techvalley-eg.com/pages/contact,official_store_website,contact_page,physical_presence,neutral,"Contact listing verifying Egyptian headquarters at 21 Gad El-Haq, Sheraton Al Matar, El Nozha, Cairo, with official communication channels (+201279006116) and regional branch expansion in UAE.",0.9,strong,,2026-08-24T00:00:00,1,,0
c243c231-7102-4cd5-a1e6-efccd73f7521,ececdbcc-2757-4a96-9872-f3c3fd34ef5a,Telecom Egypt,https://te.eg/ar/web/te-business/business-landline,official_website,registry+web,verified_business_information,positive,"Telecom Egypt (WE) publishes unified Tax Registration Number 895-292-100 across regulatory notices and public campaigns, retailing routers, smartphones, and IT networking hardware nationwide.",0.95,very_strong,,2026-08-23T12:00:00+00:00,1,,0
6037b3e8-fb77-4c2b-8903-c07c122fb852,ececdbcc-2757-4a96-9872-f3c3fd34ef5a,Telecom Egypt,https://www.te.eg/wps/portal/te/Personal,web,official_corporate_portal,verified_business_information,neutral,"Telecom Egypt integrated its Internet service provider subsidiary 'TE Data' and launched the unified retail brand 'WE', rebranding hundreds of branches and service centers across all Egyptian governorates.",0.99,very_strong,2017-09-18T00:00:00+00:00,2026-08-23T12:00:00+00:00,1,,0
6fdbaa8e-43fd-41a1-80ec-adfa74f53e15,3e6fdf78-1eea-44f9-9812-9d465f7cc049,Tiger Computer (تايجر للكمبيوتر - تكنولوجي مول),https://vatrena.com/finder/category/352/%D9%85%D8%AD%D9%84%D8%A7%D8%AA-%D8%AA%D9%83%D9%86%D9%88%D9%84%D9%88%D8%AC%D9%89-%D9%85%D9%88%D9%84,vatrena.com,directory_listing,physical_presence,neutral,"Commercial directory record confirming Tiger Computer's store on the 4th floor (Shop 417) inside Technology Mall, Nasr City.",0.88,strong,,2026-08-24T12:28:00+00:00,1,,0
6b4d2db2-fb58-4182-8265-5cea74efd869,30cb2ae2-708d-42b3-9f34-cd9585000281,Time Computer,https://www.facebook.com/TimeforComputer/,Facebook,Social Media Page,verified_business_information,neutral,"Time Computer is an electronics and computer repair center in El-Hanoville, Agami, Alexandria, offering professional laptop maintenance, original spare parts, cooling and software services, and imported laptops.",0.85,strong,,2026-08-23T12:00:00+00:00,1,,0
b89e69fb-41f4-46a4-aed2-045255fb1a15,b9e3741a-71c1-48ce-9309-d8ab8cd6fa94,Tokyo Store (طوكيو ستور),https://www.facebook.com/100094190435429/videos/3444642952347980/,facebook,social_post,verified_business_information,positive,"Video post confirming location on King Hefny St in Sidi Bishr Qebli offering PlayStation 5 console sales, controller maintenance, and accessories.",0.85,strong,,2026-08-23T12:00:00+00:00,1,,0
3410f68f-3869-4ebd-8676-67dc88912e93,0203d23a-139c-4ed0-8918-d65b23c6f545,Top Tech for Home Appliances & Maintenance (شركة توب تك لبيع وصيانة الأجهزة الكهربائية والمنزلية),https://www.facebook.com/100076304828352/videos/%D9%84%D9%8A%D9%87-%D8%AA%D9%88%D8%A8-%D8%AA%D9%83-toptech-_%D8%B9%D8%B4%D8%A7%D9%86-%D8%B1%D9%88%D8%A7%D8%AF-%D8%B5%D9%8A%D8%A7%D9%86%D8%A9-%D8%A7%D9%84%D8%A3%D8%AC%D9%87%D8%B2%D8%A9-%D8%A7%D9%84%D9%85%D9%86%D8%B2%D9%84%D9%8A%D8%A9-%D9%81%D9%8A-%D8%A8%D9%88%D8%B1%D8%B3%D8%B9%D9%8A%D8%AF-_%D9%88%D8%B9%D8%B4%D8%A7%D9%86-%D8%A7%D8%AD%D9%86%D8%A7-%D8%A7%D9%83%D8%AA%D8%B1/1168593983915975/,facebook,social_media_video,after_sales_support,positive,"Top Tech advertises appliance sales and post-purchase home repair services across Port Said, providing genuine spare parts for washing machines, refrigerators, and AC units from its Taameer St showroom.",0.88,strong,,2026-08-24T00:00:00+00:00,1,,0
050e3ac1-0498-4fac-b0f8-6cb3798fb00f,66bfae6a-00fc-4759-9a1b-8a2dc2151d66,Toyota Egypt (شركة تويوتا إيجيبت),https://cpa.gov.eg/ar-eg/%D9%82%D8%B6%D8%A7%D9%8A%D8%A7-%D9%88%D8%A3%D8%AD%D9%83%D8%A7%D9%85/PgrID/633/PageID/2/ArtMID/628/ArticleID/4853,cpa.gov.eg,official_regulatory_portal,complaint_resolved,neutral,"CPA court ruling and enforcement record regarding consumer warranty disputes and product replacement claims for Toyota vehicles in Cairo, detailing agency decisions mandating dealer compliance with defect resolution, repairs, and recall protocols.",0.9,strong,2023-01-15T00:00:00+00:00,2026-08-24T00:00:00+00:00,1,,0
c4a79856-7fd0-4557-96ec-04a0fd0642dd,a518feda-64f8-48f9-bf98-c77d73c85bc7,Tradeline Stores,https://www.tradelinestores.com/about,tradelinestores.com,official_website,verified_business_information,positive,"Official status as an Apple Premium Reseller (APR) in Egypt, comprehensive store network in prime Egyptian malls, official warranty provisions, and unified customer service hotline 19857.",0.95,very_strong,,2026-08-23T00:00:00+00:00,1,,0
c6313316-6c63-4e58-b343-0ef2344c4524,a518feda-64f8-48f9-bf98-c77d73c85bc7,Tradeline Stores,https://www.reddit.com/r/Egypt/comments/1npax7g/%D9%84%D9%8A%D9%87_%D8%A2%D8%A8%D9%84_%D9%85%D9%84%D9%87%D8%A7%D8%B4_%D9%81%D8%B1%D8%B9_%D8%B1%D8%B3%D9%85%D9%8A_%D8%A7%D9%88_%D9%88%D9%83%D9%8A%D9%84_%D8%B1%D8%B3%D9%85%D9%8A_%D9%81%D9%8A_%D9%85%D8%B5%D8%B1/?tl=en,Reddit,forum_post,warranty_honored,positive,"Customers affirm Tradeline as the premier authorized source in Egypt for Apple devices with valid local warranty, official repair service, and customer data assistance.",0.94,very_strong,2024-09-15T09:20:00+00:00,2026-08-23T10:35:00+00:00,1,,0
bb139bbd-f0fe-4ea6-aba4-847e4e65b982,a518feda-64f8-48f9-bf98-c77d73c85bc7,Tradeline Stores,https://www.facebook.com/groups/Dont.shop.here/posts/10164052850965338/,facebook.com,social_group,warranty_issue,negative,"Customer complaint in the Don't Shop Here community detailing long delays in device maintenance/servicing, refusal to replace recently purchased defective hardware, disputes regarding local warranty vs. international Apple standards, and escalation to the Egyptian Consumer Protection Agency.",0.9,strong,,2026-08-23T12:00:00+00:00,1,,0
42dc73bf-831b-4ca2-93d8-1be7b9224c7e,a518feda-64f8-48f9-bf98-c77d73c85bc7,Tradeline Stores,https://www.tradelinestores.com/stores,Web,merchant_website,physical_presence,neutral,Tradeline operates official Apple Authorized Reseller branches in Alexandria at San Stefano Mall (Ground Floor) and City Centre Alexandria (Carrefour).,0.95,very_strong,,2026-08-23T12:00:00+00:00,1,,0
2c6803bd-92d5-45b2-952e-0b0864af039e,a518feda-64f8-48f9-bf98-c77d73c85bc7,Tradeline Stores,https://apps.apple.com/eg/app/tradeline-stores/id1483055096?see-all=reviews,Apple App Store,app_reviews,communication_issue,negative,Customer review on the official mobile app citing lack of order tracking updates and communication delays during customer service ticket handling.,0.8,strong,2023-08-14T09:00:00+00:00,2026-08-23T12:00:00+00:00,1,,0
6040be4e-0abb-4f86-b4ea-bfab80bf74b2,a518feda-64f8-48f9-bf98-c77d73c85bc7,Tradeline Stores,https://www.reddit.com/r/Egypt/comments/t6oo54/tradeline_moment/,Reddit,reddit_thread,pricing_issue,negative,"Reddit user post critiquing Tradeline's pricing policies and promotional tactics in Egypt, highlighting significant price markups over international Apple MSRP, long waiting crowds, and concerns over installment plan transparency.",0.85,strong,,2026-08-23T12:00:00+00:00,1,,0
2e1b8d32-3118-4dea-b9de-0cacfde4f1ba,a518feda-64f8-48f9-bf98-c77d73c85bc7,Tradeline Stores,https://www.reddit.com/r/Egypt/comments/1cig2in/%D8%AC%D9%85%D8%A7%D8%B9%D8%A9_%D9%87%D9%88_%D8%A7%D9%8A%D9%87_%D8%A7%D8%AD%D8%B3%D9%86_%D9%85%D9%83%D8%A7%D9%86_%D9%81%D9%8A_%D8%A7%D9%84%D9%82%D8%A7%D9%87%D8%B1%D8%A9_%D8%A7%D9%82%D8%AF%D8%B1_%D8%A7%D8%BA%D9%8A%D8%B1/,Reddit,reddit_thread,after_sales_support,neutral,"Community members on r/Egypt discuss official vs unofficial iPhone battery replacement in Cairo. Tradeline is cited as an official destination ensuring genuine Apple parts and service, albeit at high official service costs.",0.8,strong,,2026-08-23T12:00:00+00:00,1,,0
40e763d0-28a7-49fe-8ee9-1ba9d046ff69,a518feda-64f8-48f9-bf98-c77d73c85bc7,Tradeline Stores,https://www.tradelinestores.com/about,tradelinestores.com,official_website,verified_business_information,positive,"Tradeline describes its operational history since 2007 as Egypt's primary Apple Premium Reseller (APR) and Apple Authorized Service Provider (AASP), offering genuine Apple devices and accredited technical maintenance.",0.95,very_strong,2024-01-01T00:00:00+00:00,2026-08-23T14:30:00+00:00,1,,0
611eab30-cae6-40bd-b10e-9b3a292dbfc5,a518feda-64f8-48f9-bf98-c77d73c85bc7,Tradeline Stores,https://www.reddit.com/r/EgyptTech/comments/1fyliay/%D8%A5%D9%8A%D9%87_%D8%A3%D9%81%D8%B6%D9%84_%D9%85%D8%AD%D9%84_%D9%85%D9%85%D9%83%D9%86_%D8%A3%D8%AC%D9%8A%D8%A8_%D9%85%D9%86%D9%87_iphone/,reddit.com,forum,repeated_recommendation,positive,"Egyptian tech community members discuss iPhone purchasing channels in Egypt, highlighting Tradeline as the most reliable option for official local warranty despite its premium price compared to international grey-market units.",0.85,strong,2024-10-07T12:00:00+00:00,2026-08-23T14:35:00+00:00,1,,0
4c6d6d6a-ecbf-4184-8c97-7b87b9995186,a518feda-64f8-48f9-bf98-c77d73c85bc7,Tradeline Stores,https://www.facebook.com/groups/Dont.shop.here/posts/10164052850965338/,facebook.com,social_group,warranty_issue,negative,Customer shares a complaint on Egyptian consumer group regarding warranty claim delays and repair rather than replacement for a manufacturing defect on an iPhone purchased with local warranty from Tradeline.,0.8,strong,2023-11-15T18:20:00+00:00,2026-08-23T14:40:00+00:00,1,,0
031332c9-d5b3-45d1-afdc-e5c21f03b620,a518feda-64f8-48f9-bf98-c77d73c85bc7,Tradeline Stores,https://www.facebook.com/groups/Dont.shop.here/posts/10164052850965338/,facebook.com,social_group,warranty_issue,negative,"Customer complaint detailing lengthy delays in maintenance and repair handling for Apple devices at Tradeline, along with dissatisfaction regarding customer service communication.",0.85,strong,,2026-08-23T16:00:00+00:00,1,,0
550d0370-93a9-4323-9858-500cf46813f2,a518feda-64f8-48f9-bf98-c77d73c85bc7,Tradeline Stores,https://www.facebook.com/groups/Dont.shop.here/posts/10159723933385338/,facebook,group_post,pricing_issue,neutral,Consumer discussion regarding price premiums at Tradeline as an authorized reseller compared to open-market electronics retailers in Cairo.,0.8,strong,,2026-08-23T16:00:00+00:00,1,,0
9750efc8-b20a-4604-b660-5547665a4d75,a518feda-64f8-48f9-bf98-c77d73c85bc7,Tradeline Stores,https://apps.apple.com/eg/app/tradeline-stores/id1483055096,apple_app_store,review,delayed_delivery,negative,"Customer reviews reporting delays in online order processing, order status tracking difficulties, and app checkout glitches.",0.85,strong,,2026-08-23T16:00:00+00:00,1,,0
3de0d5ba-2c74-4e10-884c-2f7443c08505,a518feda-64f8-48f9-bf98-c77d73c85bc7,Tradeline Stores,https://www.tradelinestores.com/stores,Web,merchant_website,verified_business_information,positive,"Official store locator confirming Apple Premium Reseller branches in Cairo including Citystars, Concord Plaza, and other key commercial malls.",0.95,very_strong,,2026-08-23T16:00:00+00:00,1,,0
af9dba03-1062-4701-aa3c-077d306b204f,a518feda-64f8-48f9-bf98-c77d73c85bc7,Tradeline Stores,https://www.facebook.com/cpa.gov.eg/posts/3480576378695129/,facebook,customer_review_and_regulatory_advisory,after_sales_support,neutral,"Consumer guidance on managing authorized Apple warranty and technical repair procedures through Tradeline Stores support, including amicable resolution prior to formal CPA dispute escalation.",0.9,strong,2025-11-15T00:00:00+00:00,2026-08-24T00:00:00+00:00,1,,0
7db50dcf-a7bb-4916-87a4-f88a618b9a93,a518feda-64f8-48f9-bf98-c77d73c85bc7,Tradeline Stores,https://www.tradelinestores.com/contact,Merchant Website,official_store_locator,verified_business_information,neutral,"Tradeline is Egypt's leading Apple Authorized Reseller and Service Provider with prominent branch locations across Giza (Mohandessin, Arkan Plaza Sheikh Zayed, and Mall of Arabia 6th of October).",0.95,very_strong,2025-01-01T00:00:00+00:00,2026-08-24T00:00:00+00:00,1,,0
28ce2030-2361-43e2-b88c-5dee9b8aecfe,a518feda-64f8-48f9-bf98-c77d73c85bc7,Tradeline Stores,https://www.tradelinestores.com/about,tradelinestores.com,official_website,verified_business_information,positive,"Tradeline operates as an authorized Apple reseller and service provider with Tax Registration 204-891-949 and multiple verified retail branches throughout Giza (Arkan Plaza, Mall of Arabia, Mall of Egypt, Mohandessin).",0.95,very_strong,2026-01-01T00:00:00+00:00,2026-08-24T12:00:00+00:00,1,,0
7d2bfdb4-6306-4b1c-963b-4aab5b25d389,a518feda-64f8-48f9-bf98-c77d73c85bc7,Tradeline Stores,https://www.tradelinestores.com,merchant_website,official_profile,physical_presence,neutral,"Tradeline operates physical retail stores and Apple Authorized Service Provider maintenance branches across Cairo, Giza, and major Egyptian governorates, handling Apple hardware diagnostics, repairs, and genuine parts replacement.",0.95,very_strong,,2026-08-24T12:00:00+00:00,1,,0
66883607-9064-4470-8b54-758bb378804e,a518feda-64f8-48f9-bf98-c77d73c85bc7,Tradeline Stores,https://www.cpa.gov.eg,Consumer Protection Agency (CPA Egypt),regulatory_authority_portal,warranty_honored,neutral,TradeLine operates authorized retail branches in Alexandria (San Stefano and City Centre) adhering to Consumer Protection Agency standards: 14-day unconditional return for intact items and 30-day return/replacement for manufacturing defects.,0.94,very_strong,2025-10-01T00:00:00+00:00,2026-08-24T12:35:00+00:00,1,,0
f8824630-22fd-4f1e-9e59-b38cba183167,a518feda-64f8-48f9-bf98-c77d73c85bc7,Tradeline Stores,https://www.tradelinestores.com,merchant_website,official_profile,physical_presence,positive,"Tradeline Stores is the primary Apple Authorized Reseller and Apple Authorized Service Provider (AASP) in Egypt, headquartered in Polygon (Sheikh Zayed, Giza), with multiple Giza branches, providing MacBook/Mac sales, official trade-in, certified warranty maintenance, and hotline 19857.",0.96,very_strong,2025-01-01T00:00:00+00:00,2026-08-24T12:35:00+00:00,1,,0
06113483-53f8-4fe0-9af9-6c0294ff2977,ed406c75-e41b-4df0-ab41-d79c4c8bc85c,Turbo Computer,https://www.facebook.com/Turbo.eg/,Facebook,merchant_official_page,verified_business_information,positive,"Turbo Computer is a specialized computer and gaming PC retailer operating a physical store in Mansoura off El-Galaa street, offering laptops, custom gaming assemblies, spare parts, nationwide delivery, and after-sales technical support.",0.85,strong,2025-10-10T00:00:00+00:00,2026-08-23T12:00:00+00:00,1,,0
c94bd4ba-115e-42a0-a99e-bd65fa95ffc0,ed406c75-e41b-4df0-ab41-d79c4c8bc85c,Turbo Computer,https://turbo-computer.com/index.php?route=information/contact,Website (Custom OpenCart Store),official_store_page,physical_presence,neutral,"Turbo Computer publishes physical store address in Mansoura behind El Baghl restaurant off Gehan and El Galaa streets, working hours (Saturday to Thursday 12:30 PM to 11:00 PM), and phone/WhatsApp channels.",0.95,very_strong,,2026-08-23T21:05:00+00:00,1,,0
1adc55bc-9e99-45be-9ebb-5a709956f153,ed406c75-e41b-4df0-ab41-d79c4c8bc85c,Turbo Computer,https://turbo-computer.com/warranty,Website (Official Policy Page),policy_documentation,after_sales_support,positive,"Turbo Store documents its formal warranty policy covering manufacturing defects, repair/replacement conditions, nationwide shipping, and official agent warranty terms in Egypt.",0.92,very_strong,,2026-08-23T21:07:00+00:00,1,,0
75e0ab50-6153-4276-b3df-3e0b59ef4b65,e85c4c0c-100b-4feb-af9c-059b0bc5037e,Unionaire Group,https://unionaire.com/ct/,Unionaire Customer Care,official_service_portal,after_sales_support,neutral,"Unionaire provides online maintenance ticketing, warranty activation, and customer service dispatch across Egypt via its authorized hotline 19012.",0.9,strong,2024-02-15T00:00:00+00:00,2026-08-24T12:35:00+00:00,1,,0
9163c62f-5fb2-402b-9a2b-8fbe57fca1d2,49d50e96-4d74-42a5-9ed3-3ba54ab93b9d,United Engineering Establishment,https://www.youm7.com/story/2017/1/16/%D8%AD%D9%85%D8%A7%D9%8A%D8%A9-%D8%A7%D9%84%D9%85%D8%B3%D8%AA%D9%87%D9%84%D9%83-%D9%8A%D8%AD%D9%8A%D9%84-%D8%B4%D8%B1%D9%83%D8%A9-%D9%84%D9%84%D9%86%D9%8A%D8%A7%D8%A8%D8%A9-%D9%84%D8%AA%D9%82%D8%A7%D8%B9%D8%B3%D9%87%D8%A7-%D9%81%D9%89-%D8%AD%D9%84-%D8%B4%D9%83%D9%88%D9%89-%D9%85%D9%88%D8%A7%D8%B7%D9%86/3057304,Youm7,news+gov,official_warning,negative,"CPA referred United Engineering Establishment in Nasr City to the public prosecution for failing to refund 2,000 EGP out of 3,000 EGP collected for an uncompleted appliance repair after inspection confirmed the defect was never resolved.",0.95,very_strong,2017-01-16T11:00:24+00:00,2026-08-23T23:35:00+00:00,1,,0
2a1f59c7-54e8-477d-956c-3e81e2b49f40,ccae2f77-02e5-4b43-a612-2cf62fe0e1eb,Vezeeta,https://www.vezeeta.com,Vezeeta Portal,corporate_website,verified_business_information,positive,"Vezeeta provides digital healthcare, clinic booking, teleconsultation, and on-demand pharmacy ordering/delivery services across Cairo and Giza, supported by 24/7 customer service hotline 16676 and digital prescription fulfillment from licensed partner pharmacies.",0.94,very_strong,2024-02-01T00:00:00+00:00,2026-08-23T00:00:00+00:00,1,,0
4e66467a-3cce-4eba-a8a4-4b9eb1a31ab7,5cdc301d-b9c0-45aa-af24-65ed15d67599,Virgin Megastore Egypt,https://www.daleeeel.com/en-eg/chain/2992/virgin-megastore/locations/,web,commercial_directory,account_page_disappearance,neutral,"Virgin Megastore previously maintained prominent retail stores in major Egyptian malls (City Stars, Mall of Arabia, Cairo Festival City, Mall of Egypt) selling gaming consoles, electronics, and entertainment goods before ceasing in-mall physical retail operations in Egypt.",0.93,very_strong,2023-01-01T00:00:00+00:00,2026-08-23T12:00:00+00:00,1,,0
db2bad7c-a58a-44b9-8b58-a28eb19cf872,d1b72c04-9f27-4ae6-9f70-2b147c4b51ad,Vodafone Egypt Telecommunications S.A.E.,https://web.vodafone.com.eg/ar/privacy-policy-of-vodafone-egypt-bkp,official_website,registry+web,verified_business_information,positive,Vodafone Egypt Telecommunications S.A.E. publishes its Commercial Registration number 4216 in its official corporate privacy policy and operates one of Egypt's largest smartphone and electronic gadget retail and e-commerce networks.,0.95,very_strong,,2026-08-23T12:00:00+00:00,1,,0
10e4f60b-d48a-405d-a008-557d6a091124,6ca370ed-5fcb-4037-9771-dd94adf07702,Walid Store,https://www.facebook.com/waledmaintenance/videos/3146772768786963/,facebook,video_post,verified_business_information,positive,Financing and installment plan announcement for iPhones up to 60 months without down-payment in partnership with ValU.,0.85,strong,,2026-08-23T16:00:00+00:00,1,,0
d66af22f-6868-4a70-baec-1709616050c2,6ca370ed-5fcb-4037-9771-dd94adf07702,Walid Store,https://www.facebook.com/waledmaintenance/videos/1090761580289455/,facebook,video_post,repeated_recommendation,positive,"Customer review video showing positive feedback regarding iPhone purchase condition, testing, and store warranty support.",0.85,strong,,2026-08-23T16:00:00+00:00,1,,0
5bda2e61-af11-4445-9751-a7d2d6147bd4,6ca370ed-5fcb-4037-9771-dd94adf07702,Walid Store,https://www.facebook.com/waledmaintenance/videos/1395499988569705/,facebook,video_post,verified_business_information,positive,"Official store phone numbers (010-03278006, 0111-0283355, 0111-0283366, 0100-8237032) and device trade-in / warranty policy details.",0.85,strong,,2026-08-23T16:00:00+00:00,1,,0
fcee49e1-1380-4e79-9c5f-e72352e52a9b,bcfc385c-c2d7-4b42-91fb-0ea9a930c141,Workstation Shop Assiut,https://www.facebook.com/WorkstatiionShop/,Facebook,official_page,physical_presence,positive,"Workstation Shop provides specialized custom computer builds, engineering workstations, imported laptops, replacement services, and consumer installment programs in Assiut.",0.89,strong,2024-04-12T16:00:00+00:00,2026-08-23T14:28:00+00:00,1,,0
4922ff33-8ad1-4027-aed7-906c8ef4b65f,bcfc385c-c2d7-4b42-91fb-0ea9a930c141,Workstation Shop Assiut,https://www.facebook.com/workstationshop,Facebook,merchant_social_page,physical_presence,neutral,"Specialized computer hardware and laptop vendor in Assiut (City district) providing gaming laptops, workstation machines, repair, and surveillance equipment with physical inspection on premises.",0.85,strong,,2026-08-24T00:00:00+00:00,1,,0
f7bbb9d8-95e1-4bf1-a995-5a46d071fc2e,3797031e-59ac-42a0-80bf-14eb74cc1b88,X Mega Store,https://www.facebook.com/xmega.store.eg/videos/1567196951567779/,facebook,video_post,pricing_issue,positive,Product release video showcasing latest iPhone models with pricing announcements and store availability in Cairo.,0.8,strong,,2026-08-23T16:00:00+00:00,1,,0
ccf82c8a-edd5-4be4-bfe4-e52c19ab1e43,3a9d98a4-e18a-450c-ad6e-0af10f008b98,XO Store (أكس أوه أستور),https://www.facebook.com/XO.store0/posts/1496786599123607/,facebook,social_post,verified_business_information,positive,"Official business posting detailing PlayStation, Xbox, and video game services across two physical branches in Sidi Bishr (El-Essawy Computer Mall and Sidi Bishr Mosque St).",0.9,strong,,2026-08-23T12:00:00+00:00,1,,0
5c192ae9-1b8d-47a8-8168-dbddab92c176,6031e537-9352-4944-bce9-5cf85e4eed7d,Yodawy,https://yodawy.com,Yodawy Official Portal,corporate_website,verified_business_information,positive,"Yodawy is an Egyptian healthtech venture headquartered in Mohandessin, Giza, operating an automated pharmacy benefits management and digital prescription fulfillment network connecting private health insurance companies, diagnostic labs, local pharmacies, and patients for chronic and acute medication delivery.",0.94,very_strong,2024-01-01T00:00:00+00:00,2026-08-23T00:00:00+00:00,1,,0
585f562f-ac94-4d93-8eed-8bf6e5a7a9d6,ff230153-fd4d-48f5-85d1-54bd340a7a03,Zahran Market (Tanta Branch),https://www.facebook.com/ZahranMarketEG/posts/1212633340910540/,facebook,official_social_profile,physical_presence,positive,"Verified supermarket operations and retail branch for Zahran Market on El Nady Street in Tanta, with centralized customer ordering hotline 19866 and WhatsApp 01555668800.",0.92,very_strong,2024-05-10T00:00:00+00:00,2026-08-24T12:00:00+00:00,1,,0
ce5ecc67-6d3a-4095-93bf-8d7e7bd0527c,9d63bb43-710a-42cf-8300-c810ba283676,Zanussi Egypt - Safeya Zaghloul Port Said,https://www.zanussi.com.eg/ar/safeyazaghloulportsaidstore.html/,official_brand_website,store_locator,physical_presence,positive,Official Zanussi / Electrolux retail showroom and authorized warranty service intake center operating on Eugenie and El Gomhoureya Street in Port Said.,0.96,very_strong,2025-08-15T00:00:00+00:00,2026-08-24T12:00:00+00:00,1,,0
1112976d-776e-4814-8ead-18a9155d8368,314fd377-e7ac-4724-bd6a-26992922ca8a,Zanussi Egypt / Electrolux Egypt,https://www.zanussi.com.eg,Zanussi Egypt Official Portal,official_store_policy,verified_business_information,positive,"Electrolux Egypt / Zanussi certifies its single official maintenance hotline 19999 for booking certified repairs, purchasing original spare parts, and honoring product warranties across Egypt.",0.94,very_strong,2024-06-01T00:00:00+00:00,2026-08-24T13:20:00+00:00,1,,0
05c7076a-366e-4595-90dd-74bad7b566a7,c8ce3f75-c4b5-48ad-9f76-ff1cb79ce27b,Zoka Station (زوكا استيشن),https://www.facebook.com/ahmed.zoka.9237/videos/%EF%B8%8F%EF%B8%8F%EF%B8%8F-%D9%85%D9%84%D9%88%D9%83-%D8%A7%D9%84%D8%B9%D8%B1%D9%88%D8%B6-%EF%B8%8F-%EF%B8%8F-%EF%B8%8F%D8%A7%D9%84%D8%AD%D9%82-%D9%8A%D8%A7-%D9%85%D8%AA%D9%84%D8%AD%D9%82%D8%B4-zokastation-%D8%A8%D9%8A%D8%B9-%D9%88%D8%B4%D8%B1%D8%A7%D8%A1-%D8%A8%D9%84%D8%A7%D9%8A-%D8%B3%D8%AA%D9%8A%D8%B4%D9%86-%D8%A8%D9%88%D8%B1%D8%B3%D8%B9%D9%8A%D8%AF/2834870106848557/,facebook,social_media_video,physical_presence,neutral,"Zoka Station showcases console stock (PS3 through PS5), trade-in services, hardware mods, and local delivery in Port Said's gaming hub on PlayStation Street.",0.86,strong,,2026-08-24T00:00:00+00:00,1,,0
540b36da-71fb-4b99-a39a-ce65bebb3cc8,df2f0522-591a-465b-8ca1-ef2fe9f4374c,e& Egypt,https://www.etisalat.eg,official_website,registry+web,verified_business_information,positive,"e& Egypt (Etisalat Misr S.A.E.) operates with Commercial Registration number 107361 and Tax Card 579-071-235 from its New Cairo headquarters, retailing smart devices, routers, laptops, and wearables.",0.95,very_strong,,2026-08-23T12:00:00+00:00,1,,0
693aeb8c-e5db-4058-8da8-59174198ceae,df2f0522-591a-465b-8ca1-ef2fe9f4374c,e& Egypt,https://www.etisalat.eg,official_website,registry+web,verified_business_information,positive,"Etisalat Misr officially rebranded to 'Etisalat by e&' and subsequently 'e& Egypt', reflecting a corporate transformation from a pure telecommunications operator to an integrated technology and retail conglomerate selling smartphones, smart devices, and accessories.",0.99,very_strong,2022-06-01T00:00:00+00:00,2026-08-23T12:00:00+00:00,1,,0
1c2891b2-7ac8-49b6-a8ee-8640429831cc,7fbb04fb-b843-4519-b2fe-5d624752bdea,i2 Egypt,https://ictbusiness.org/5-%D9%85%D9%84%D9%8A%D8%A7%D8%B1%D8%A7%D8%AA-%D8%AC%D9%86%D9%8A%D9%87-%D9%85%D8%A8%D9%8A%D8%B9%D8%A7%D8%AA-i2-%D9%81%D9%8A-%D9%85%D8%B5%D8%B1-%D8%A8%D9%86%D9%87%D8%A7%D9%8A%D8%A9-2018/,ICT Business Magazine Egypt,industry_journal,verified_business_information,positive,"Profile of Itsalat International Egypt (i2) detailing its national retail and distribution footprint for mobile communication devices, consumer electronics, and warranty service centers.",0.88,strong,2024-02-10T00:00:00+00:00,2026-08-24T13:15:00+00:00,1,,0
fcc89a6e-e7c4-4790-9acb-5ed00f5c2e1c,72bab21e-5963-40cf-beed-27d52e9e7e54,iFix Egypt,https://www.facebook.com/groups/Dont.shop.here/posts/10164783685235338/,facebook,facebook_group_post,product_quality,negative,"Customer complaint in the Don't Shop Here group recounting negative experiences with on-site mobile phone maintenance, where devices allegedly suffered further functional issues or screen/battery defects following repair attempts.",0.85,strong,,2026-08-23T12:00:00+00:00,1,,0
a6e79aac-7453-47f7-913b-3cad4339b198,94015b00-fa35-43a0-9d12-0ee1a6a52202,iPhonaty,https://www.facebook.com/61593131754220/posts/122106644853437725/,facebook.com,social_post,counterfeit_product_allegation,negative,"Social media storefront advertising 'Arabic build' imitation smartphones resembling latest flagship iPhones with improbable specifications (512GB ROM, 12GB RAM) for 4,800 EGP, representing high-risk counterfeit/clone market activity in Egypt.",0.85,strong,2026-08-10T19:00:00+00:00,2026-08-23T15:35:00+00:00,1,,0
0bbbc49c-0500-45d1-940f-087af002a59c,90268ed2-4d5a-4127-a445-01b33c17dc35,iTouch Egypt,https://www.reddit.com/r/askegypt/comments/y0pymj/best_place_to_buy_a_new_laptop_in_cairo/,Reddit,forum_post,repeated_recommendation,positive,User recommendation highlighting iTouch Egypt in Nasr City and New Cairo for authentic Apple MacBooks and specialized support services since 2014.,0.86,strong,2023-10-10T11:20:00+00:00,2026-08-23T11:00:00+00:00,1,,0
ce5bf598-a183-4266-8e01-21cbc76ab032,35fd534b-f7b8-4601-aaaf-a7b2bb236f5f,أوفرلك (Awfarlak Egypt - Mansoura Branch),https://www.facebook.com/awfarlakeg/posts/987103136802248/,Facebook,merchant_post,verified_business_information,positive,"Awfarlak operates a specialized laptop and workstation store in Mansoura with public tax registration number (589-269-666), offering 3-month warranty on used items and 1-year warranty on new equipment.",0.91,strong,2026-02-05T14:00:00+00:00,2026-08-24T12:00:00+00:00,1,,0
ab0bf821-329e-4ee7-b026-ff7bd429c75b,14600f81-2caf-4305-971e-3b3369856e16,إي جي لابتوب سوهاج,https://www.facebook.com/EG.Laptop1/,facebook,merchant_profile,physical_presence,neutral,Business profile for computer and laptop vendor in Sohag city specifying storefront address behind Moalemeen Hospital near 15th Street traffic light.,0.89,strong,2025-10-01T00:00:00+00:00,2026-08-24T00:00:00+00:00,1,,0
1de5b15d-952b-4be6-b914-c4289d903f37,4a00924d-3f97-457c-8060-5a4619cf21e5,الاستشارية للحاسبات (Al Estisharia for Computers),https://www.facebook.com/istshrya_pc/,Facebook,merchant_profile,long_business_history,positive,"Al Estisharia for Computers operates a computer hardware, laptop retail, network, CCTV, and engineering maintenance center in Port Said, highlighting over 25 years in business since 1998.",0.88,strong,2026-02-01T12:00:00+00:00,2026-08-24T12:00:00+00:00,1,,0
1c0df38c-b5e8-44f6-ad98-dcfa13631bb7,b83ccde6-f2b1-47c6-8611-2c2eeaf65374,البطل ستورز (El-Batal Stores Ismailia),https://www.facebook.com/albatalstore/posts/1159852442851440/,Facebook,merchant_post,verified_business_information,positive,"El-Batal Stores operates 3 retail branches across Ismailia, providing smartphones, smartwatches, electronics, and certified financing via Valu, Aman, and Milo with official warranties.",0.89,strong,2026-02-12T15:00:00+00:00,2026-08-24T12:00:00+00:00,1,,0
8f96a0e4-2f7e-48ec-92c9-e3683acd6ae4,d8d322a6-7554-4f44-bba9-b4f756b7ed44,الحرمين للتكييف والتجارة (El Harmen Air Mansoura),https://www.facebook.com/elharmenair/,Facebook,merchant_profile,verified_business_information,positive,"El Harmen Air is an authorized distributor in Mansoura for Carrier, Midea, Sharp, Tornado, Free Air, Haier, and Fresh, providing certified maintenance, genuine spare parts, and tax-invoiced equipment.",0.88,strong,2026-01-10T10:00:00+00:00,2026-08-24T12:00:00+00:00,1,,0
cb3f27c2-9140-43d9-a1b5-4997550dfaef,952594a3-abe5-4013-9ac4-4ac3f043a239,الحمد ستور للكمبيوتر والجيمنج الإسكندرية,https://www.facebook.com/ElhamdCS/videos/1092813096096329/,facebook,merchant_post,physical_presence,positive,"Video demonstration documenting custom gaming PC assembly and hardware inventory at their physical branch in El Menoufi Mall, Computer Market Street, Smouha Alexandria.",0.92,very_strong,2025-08-30T00:00:00+00:00,2026-08-24T00:00:00+00:00,1,,0
1150cdbc-811b-486a-9219-9811b2c0aefa,f8a65f3e-df9d-401f-b2a1-f649a5770cad,الذهبية للكمبيوتر والتكنولوجيا (Elzahbia Technology Suez),https://www.facebook.com/ELZAHBIA/videos/889903390013318/,Facebook,merchant_post,product_quality,positive,"Elzahbia Technology is an electronics and computer showroom in Suez offering cash discounts and warranty-backed products including laptops, mobile phones, and household tech.",0.81,strong,2025-12-10T14:00:00+00:00,2026-08-24T12:00:00+00:00,1,,0
88037f38-e932-4b23-b4fe-0c3b7f87c546,4c6f675e-8a80-413e-a666-25eb08049933,الريان للكمبيوتر (Al Ryan Computer Store),https://www.facebook.com/AlRyanStore/photos/1676219814509477/,Facebook,merchant_post,physical_presence,positive,"Al Ryan Store operates a dedicated laptop retail shop in Suez selling first-grade imported Dell, HP, and MSI business/gaming laptops with replacement warranty and local Suez delivery.",0.88,strong,2026-08-23T16:00:00+00:00,2026-08-24T12:00:00+00:00,1,,0
e10fddff-3daf-4a2e-aafa-7f82c5d79e7b,ec9846d1-3cbe-4998-b857-78b5c3c75672,الشربيني للأدوات والأجهزة الكهربائية الإسكندرية,https://www.facebook.com/elsherpinyelectric/videos/281890760739009/,facebook,merchant_post,physical_presence,positive,Video tour and physical establishment documentation for electrical trade branches located in El Mansheya (El Sabaa Banat Street) and Mahatet El Raml (Mahmoud Azmi Street) in Alexandria.,0.94,very_strong,2025-04-15T00:00:00+00:00,2026-08-24T00:00:00+00:00,1,,0
23dc84b3-26db-4a89-9a77-50fd727cf7bc,a138ac3d-3b69-4b74-a276-67391f4e0026,الشركة المتحدة لبيع قطع غيار وصيانة الأجهزة المنزلية (United Company for Spare Parts & Maintenance),https://yellowpages.com.eg/ar/category/%D9%85%D8%AF%D9%8A%D9%86%D8%A9-%D9%86%D8%B5%D8%B1-%D8%B5%D9%8A%D8%A7%D9%86%D8%A9-%D8%A7%D8%AC%D9%87%D8%B2%D8%A9-%D9%85%D9%86%D8%B2%D9%84%D9%8A%D8%A9-%D9%88%D9%82%D8%B7%D8%B9-%D8%BA%D9%8A%D8%A7%D8%B1/3256,yellowpages_egypt,business_directory,verified_business_information,neutral,"Commercial directory registration verifying physical store and repair workshop in the 8th District of Nasr City (Makrizi St.), providing retail appliance spare parts (washers, refrigerators, microwaves, vacuums) and bench maintenance services.",0.89,strong,2023-05-12T00:00:00+00:00,2026-08-24T12:20:00+00:00,1,,0
79f95d1e-6041-4e6c-9327-c05f17245174,9b5ae71b-de91-45db-8c70-58d656f9b40e,الشيخ ستور للإلكترونيات والكمبيوتر الإسكندرية,https://www.facebook.com/61565659444126/posts/122131324346521981/,facebook,merchant_post,physical_presence,positive,Store post establishing physical retail location inside the prominent Smouha Computer Market on Mohamed Zaytoun Street next to Saad Zaghloul Bakery in Alexandria.,0.93,very_strong,2025-09-05T00:00:00+00:00,2026-08-24T00:00:00+00:00,1,,0
186e3279-3ca1-45b0-a71e-d53f6b04234c,58139b4e-13f4-438a-b46b-f1aaa9b5a363,الطوخي للأجهزة الكهربائية بالإسماعيلية,https://yellowpages.com.eg/ar/profile/%D9%85%D8%A7%D8%B1%D8%A7%D8%AF%D9%88%D9%86%D8%A7-%D8%B3%D8%AA%D9%88%D8%B1%D8%B2-%D9%84%D9%84%D8%A7%D8%AC%D9%87%D8%B2%D8%A9-%D8%A7%D9%84%D9%83%D9%87%D8%B1%D8%A8%D8%A7%D8%A6%D9%8A%D8%A9/583535,Egypt Yellow Pages,verified_directory_listing,verified_business_information,neutral,معرض الطوخي للأجهزة الكهربائية والمنزلية في حي السلام بالإسماعيلية يقدم أجهزة منزلية وغسالات ودفايات وشاشات للمستهلكين في المحافظة.,0.81,strong,2024-03-12T11:00:00+00:00,2026-08-24T18:25:00+00:00,1,,0
81827a30-e731-4475-93f5-a8b9d9ab8442,6ef9f6aa-9f1d-4684-907e-379b8bc58b47,العاطى ستور للإلكترونيات والكمبيوتر الإسكندرية,https://www.facebook.com/EL3ATTY/,facebook,merchant_profile,physical_presence,positive,"Merchant profile and catalog page specifying storefront location on Mohamed Zaytoun Street opposite Smouha Club gate in Alexandria, retailing laptops, touch monitors, and desktop towers.",0.93,very_strong,2025-11-20T00:00:00+00:00,2026-08-24T00:00:00+00:00,1,,0
06079e1c-9ca7-4f95-8ecd-5f1bd855dc16,d6ac03d3-e74c-4c38-8797-9ab4682e004e,العربية للكمبيوتر,https://alarabiya-computer.com/ar/pages/about-us,alarabiya-computer.com,official_website,long_business_history,neutral,"Alarabiya Computer documents continuous operations since 2003 with retail branches in Port Said and Port Fouad, offering hardware components and nationwide cash-on-delivery shipping.",0.86,strong,,2026-08-23T00:00:00+00:00,1,,0
d3366c21-fed4-4ec8-b32f-04f6b5e52f09,d6ac03d3-e74c-4c38-8797-9ab4682e004e,العربية للكمبيوتر,https://alarabiya-computer.com/ar/pages/about-us,alarabiya-computer.com,official_website,long_business_history,positive,العربية للكمبيوتر تأسست في عام 2003 في بورسعيد وبورفؤاد كمتجر متخصص في بيع وصيانة أجهزة الكمبيوتر المحمولة والمكتبية وقطع الهاردوير والجيمنج مع توفير شحن لكافة المحافظات وضمان محلي.,0.95,very_strong,,2026-08-23T12:00:00+00:00,1,,0
d61d3879-243f-47d7-a203-bdde0e3846d3,d6ac03d3-e74c-4c38-8797-9ab4682e004e,العربية للكمبيوتر,https://alarabiya-computer.com/ar/pages/location,merchant_website,official_locations_page,verified_business_information,positive,"Al-Arabiya operates specialized PC gaming hardware, custom rigs assembly, laptop retail, and maintenance branches in Port Said and Port Fouad.",0.91,strong,2025-05-10T00:00:00+00:00,2026-08-24T12:00:00+00:00,1,,0
64db4c87-87e8-40e8-a6fa-a7193a857060,b08b8b97-922f-4063-bdee-eaa06a534f7e,المؤسسة الهندسية المتحدة,https://www.youm7.com/story/2017/1/16/%D8%AD%D9%85%D8%A7%D9%8A%D8%A9-%D8%A7%D9%84%D9%85%D8%B3%D8%AA%D9%87%D9%84%D9%83-%D9%8A%D8%AD%D9%8A%D9%84-%D8%B4%D8%B1%D9%83%D8%A9-%D9%84%D9%84%D9%86%D9%8A%D8%A7%D8%A8%D8%A9-%D9%84%D8%AA%D9%82%D8%A7%D8%B9%D8%B3%D9%87%D8%A7-%D9%81%D9%89-%D8%AD%D9%84-%D8%B4%D9%83%D9%88%D9%89-%D9%85%D9%88%D8%A7%D8%B7%D9%86/3057304,Youm7,news+gov,official_warning,negative,"The Egyptian Consumer Protection Agency (CPA) referred United Engineering Establishment (المؤسسة الهندسية المتحدة) in Nasr City to the Public Prosecution following consumer complaint #170338 regarding defective cooker/stove repair. Despite consumer paying 3,000 EGP and Egyptian Organization for Standardization (EOS) confirming the persistent defect, the company refunded only 1,000 EGP and refused to execute the CPA board decision to refund the remaining 2,000 EGP, violating articles 1, 6, 9, 19, and 24 of Law 67/2006.",0.95,very_strong,2017-01-16T11:00:24+00:00,2026-08-23T21:36:00+00:00,1,,0
72da7812-6102-4115-bd5e-d2e86452832b,b08b8b97-922f-4063-bdee-eaa06a534f7e,المؤسسة الهندسية المتحدة,https://imaytag.com/%D8%A7%D9%84%D9%85%D8%A4%D8%B3%D8%B3%D8%A9-%D8%A7%D9%84%D9%87%D9%86%D8%AF%D8%B3%D9%8A%D8%A9-%D8%A7%D9%84%D9%85%D8%AA%D8%AD%D8%AF%D8%A9/,imaytag.com,merchant_website,verified_business_information,neutral,"Official profile detailing United Engineering Organization's business scope in Egypt, offering maintenance and spare parts for American appliance brands (Maytag, White Westinghouse, Frigidaire, General Electric, Admiral, Magic Chef, Whirlpool) with main branch in Nasr City (22 Ali Tawfik Shousha St.) and hotline 19032.",0.9,strong,2019-04-17T22:39:00+00:00,2026-08-23T21:38:00+00:00,1,,0
af204637-1a19-4da4-a210-c19f5db728a5,b08b8b97-922f-4063-bdee-eaa06a534f7e,المؤسسة الهندسية المتحدة,https://westinghouse-ueo.com/en/welcome/,westinghouse-ueo.com,merchant_website,physical_presence,neutral,"English language business portal for United Engineering Organization advertising nationwide home repair services, spare parts replacement, and customer support for General Electric and Westinghouse branded appliances via unified hotline 19032.",0.9,strong,2018-10-28T17:15:28+02:00,2026-08-23T21:40:00+00:00,1,,0
119648f4-d6a5-4f54-a3c7-44684d9b3a8f,b08b8b97-922f-4063-bdee-eaa06a534f7e,المؤسسة الهندسية المتحدة,https://yellowpages.com.eg/ar/profile/%D8%A7%D9%84%D9%85%D8%A4%D8%B3%D8%B3%D8%A9-%D8%A7%D9%84%D9%87%D9%86%D8%AF%D8%B3%D9%8A%D8%A9-%D8%A7%D9%84%D9%85%D8%AA%D8%AD%D8%AF%D8%A9-_-%D9%88%D8%B3%D8%AA%D9%86%D8%AC%D9%87%D8%A7%D9%88%D8%B3/149329,yellowpages_egypt,business_directory,verified_business_information,neutral,"Official commercial directory listing on Yellow Pages Egypt verifying the physical presence, business category (Home Appliances Maintenance & Spare Parts), primary address at Anwar Al-Mofti Street in Nasr City, branch in Matariya, and official domain iwestinghouse.com.",0.95,very_strong,2022-01-01T00:00:00+00:00,2026-08-24T12:00:00+00:00,1,,0
abc5cdd8-4122-4935-b81b-d7a997c1be81,b08b8b97-922f-4063-bdee-eaa06a534f7e,المؤسسة الهندسية المتحدة,https://imaytag.com/%D8%A7%D9%84%D9%85%D8%A4%D8%B3%D8%B3%D8%A9-%D8%A7%D9%84%D9%87%D9%86%D8%AF%D8%B3%D9%8A%D8%A9-%D8%A7%D9%84%D9%85%D8%AA%D8%AD%D8%AF%D8%A9/,imaytag.com,merchant_website,verified_business_information,neutral,"Official service terms and company overview detailing UEO's commercial representation, appliance maintenance services for American brands (Westinghouse, Maytag, Kelvinator, General Electric, Frigidaire, Whirlpool, Magic Chef), centralized 19032 hotline, headquarters in Nasr City, and coverage network including Mansoura and Alexandria.",0.92,very_strong,2019-07-31T22:43:38+00:00,2026-08-24T12:05:00+00:00,1,,0
771c837a-1abd-472b-8d98-f3897adb72dc,b08b8b97-922f-4063-bdee-eaa06a534f7e,المؤسسة الهندسية المتحدة,https://ikelvinator.com/%D8%B9%D9%86%D9%88%D8%A7%D9%86-%D8%A7%D9%84%D9%85%D8%A4%D8%B3%D8%B3%D8%A9-%D8%A7%D9%84%D9%87%D9%86%D8%AF%D8%B3%D9%8A%D8%A9-%D8%A7%D9%84%D9%85%D8%AA%D8%AD%D8%AF%D8%A9/,ikelvinator.com,merchant_website,physical_presence,neutral,Official location bulletin announcing UEO's workshop and customer device intake location in the 6th District of Nasr City on Mohamed Karim Street next to the Higher Institute of Social Work.,0.9,strong,2024-04-01T00:00:00+00:00,2026-08-24T12:08:00+00:00,1,,0
37789887-7faa-43b5-9509-d9062d71ddb9,b08b8b97-922f-4063-bdee-eaa06a534f7e,المؤسسة الهندسية المتحدة,https://www.140online.com/Company.aspx?CompanyId=C438897&c=2&a=375,140online,business_directory,verified_business_information,neutral,"Commercial directory listing on Telecom Egypt's 140 Online directory confirming UEO's presence in Nasr City at 37 Mohamed Youssef Moussa St., listing hotline 19032, landlines 02-22607200 and 02-22609845, and service focus on domestic appliances and air conditioning repair.",0.93,very_strong,2021-06-10T00:00:00+00:00,2026-08-24T12:12:00+00:00,1,,0
a37d3d42-062b-4458-8bbd-e6875f320017,b08b8b97-922f-4063-bdee-eaa06a534f7e,المؤسسة الهندسية المتحدة,https://www.facebook.com/ueoegypt/posts/982150190590872,facebook,social_media_post,pricing_issue,neutral,"Official announcement on the primary UEO Facebook page detailing home visit procedures, round-the-clock hotline 19032 dispatching, technician home visits, and stating the fixed home inspection fee structure (e.g. 300 EGP inspection fee for automatic washers).",0.88,strong,2023-11-15T10:00:00+00:00,2026-08-24T12:15:00+00:00,1,,0
3a976b02-78dd-451b-a40d-17766eee3540,fec3ece0-73b4-4b03-87d9-3904952c63a2,الماسة تكنولوجي ستور (Al MASA Technology Store Suez),https://www.facebook.com/Al.Masa.Store.Suze/photos/850740808014340/,Facebook,merchant_post,physical_presence,positive,"Al MASA Technology Store in Suez offers gaming desktop builds, workstations, laptops, custom hardware configurations, and installment options with physical testing in the shop.",0.85,strong,2026-01-18T12:00:00+00:00,2026-08-24T12:00:00+00:00,1,,0
6aa4c70c-e011-4d00-b659-ed83225d94cd,e0a2d837-6062-48be-92b4-71a363b5e1a0,المصرية الهندسية لصيانة الأجهزة المنزلية (Egyptian Engineering Maintenance - EE Egypt),https://ee.com.eg/%D8%A7%D9%84%D8%AF%D9%82%D9%87%D9%84%D9%8A%D8%A9,ee.com.eg,merchant_website,verified_business_information,positive,"Service and warranty framework for Egyptian Engineering in Dakahlia, operating its regional dispatch base out of Mansoura to serve Talkha, Mit Ghamr, Dekernes, and Sinbillawin. Features written warranty on spare parts, upfront diagnostic fee reports, and specialized coastal moisture treatment for appliances.",0.91,strong,2024-01-01T00:00:00+00:00,2026-08-24T12:18:00+00:00,1,,0
265e5691-40a8-4b28-883e-1f01b983fbe4,581b8d75-2a03-4fa4-9654-e1a52cdc7ef7,المهدي للكمبيوتر وكاميرات المراقبة المنيا,https://www.facebook.com/elmahdycomputer.store/videos/714094893034018/,facebook,merchant_post,physical_presence,positive,"Video announcement and verified store profile showcasing the Taha Hussein Street branch in Minya, providing dedicated lines for sales and maintenance departments.",0.94,very_strong,2025-10-18T00:00:00+00:00,2026-08-24T00:00:00+00:00,1,,0
5b760bb7-6880-4c3d-af45-43c50b5d926d,e6f69dfd-df9d-41fe-84c3-11394d7b080b,بلو لاب أسيوط,https://www.facebook.com/bluelap.assuit/,facebook,merchant_profile,physical_presence,positive,"Multi-branch computer, gaming laptop, and surveillance equipment store in Assiut documenting locations at Al Nasr Towers (Al Azhar) and Al Tawheed Towers (Al Sadat), offering card payments and installment plans.",0.93,very_strong,2026-01-10T00:00:00+00:00,2026-08-24T00:00:00+00:00,1,,0
b4ddf624-9ff9-4ac5-bc3f-8b0af6b169a0,cd6eb3f7-1fea-4fde-b247-ac30e733d7b2,بي سي جيمنج ستور بورسعيد,https://www.facebook.com/,facebook.com,merchant_listing,physical_presence,positive,متجر PC Gaming Store في مول المختار ببورسعيد يوفر تجميعات أجهزة الألعاب ولابتوبات استيراد وكسر زيرو وشاشات وملحقات الجيمنج مع الدعم الفني.,0.85,strong,,2026-08-23T12:00:00+00:00,1,,0
2721fbe8-c4d2-4cdb-8d8f-f1228158c123,cd6eb3f7-1fea-4fde-b247-ac30e733d7b2,بي سي جيمنج ستور بورسعيد,https://www.facebook.com/PTSGamingStore/videos/%D8%B9%D9%86%D9%88%D8%A7%D9%86%D8%A7%D9%85%D8%AD%D8%A7%D9%81%D8%B8%D8%A9-%D8%A8%D9%88%D8%B1%D8%B3%D8%B9%D9%8A%D8%AF-%D8%B4%D8%A7%D8%B1%D8%B9-%D9%A2%D9%A3-%D9%8A%D9%88%D9%84%D9%8A%D9%88-%D8%A3%D9%85%D8%A7%D9%85-%D9%83%D9%84%D9%8A%D8%A9-%D8%A7%D9%84%D8%AA%D8%B1%D8%A8%D9%8A%D8%A9-%D8%A7%D9%84%D9%86%D9%88%D8%B9%D9%8A%D9%87-%D9%85%D9%88%D9%84-%D8%A7%D9%84%D9%85%D8%AE%D8%AA%D8%A7%D8%B1-%D8%AA%D8%A7%D9%86%D9%8A-%D9%85%D8%AD/1429594631940231/,facebook,social_media_video,physical_presence,neutral,"PC Gaming Store documents physical storefront address in El-Mokhtar Mall on 23rd of July Street in Port Said, retailing business and gaming laptops, imported desktop monitors, and PC accessories.",0.89,strong,,2026-08-24T00:00:00+00:00,1,,0
c199e1df-6dd2-4686-a2df-38a2ef9940b1,52cf8b66-3f1d-4fe1-aaac-38e1113cdcd8,تراست للتكييف والتبريد (Trust AC Mansoura),https://www.facebook.com/trustac1/posts/122147532740994607/,Facebook,merchant_post,physical_presence,positive,"Trust AC operates in Mansoura on El-Thanawya Street, providing authorized Carrier and Midea air conditioning sales, certified installation, maintenance, and official tax invoices for warranty validation.",0.85,strong,2026-02-14T11:00:00+00:00,2026-08-24T12:00:00+00:00,1,,0
8f6442ab-acc8-41c6-a6fe-b3b30fab4ec7,dfa0855a-48d8-4026-88d9-daa8fb21878c,حجاج جروب للأجهزة الكهربائية بالسويس,https://www.facebook.com/centerhagag/?locale=ar_AR,Facebook,merchant_page,verified_business_information,positive,حجاج جروب للأجهزة الكهربائية في السويس توضح فروعها الرسمية في شارع الجيش وتعلن عن عروض الشاشات والغسالات والثلاجات والأجهزة المنزلية بضمانات معتمدة.,0.87,strong,2024-10-10T12:00:00+00:00,2026-08-24T18:35:00+00:00,1,,0
b35cc035-cb21-419f-ae70-ca12f992551a,080f3824-645d-4256-bf1a-662234ece2d0,رواد تكنولوجيا المعلومات بورسعيد,https://www.facebook.com/rowadit.net/,facebook.com,social_media_profile,physical_presence,positive,شركة رواد تكنولوجيا المعلومات تعمل في استيراد وبيع أجهزة الكمبيوتر المكتبي والمحمول والإكسسوارات وتقديم خدمات الصيانة وخدمات ما بعد البيع في بورسعيد.,0.88,strong,,2026-08-23T12:00:00+00:00,1,,0
ac082aa5-59c8-4bae-b59d-1e36b4fa2864,080f3824-645d-4256-bf1a-662234ece2d0,رواد تكنولوجيا المعلومات بورسعيد,https://www.facebook.com/rowadit.net/,facebook.com,social_media_profile,verified_business_information,neutral,"Rowad Information Technology operates a computer and network hardware retail and technical support establishment in Hay Al-Arab, Port Said.",0.85,strong,,2026-08-24T00:00:00+00:00,1,,0
8097074d-910b-4265-8282-20b592e6598a,89237bcb-b71d-429d-a92b-2a18383f1bfe,سنتر سيد صالح للأجهزة الكهربائية بالإسماعيلية,https://www.facebook.com/AmerAirGroup/videos/%D9%85%D8%B9-%D8%B9%D8%A7%D9%85%D8%B1-%D8%AC%D8%B1%D9%88%D8%A8-%D8%A7%D9%86%D8%AA-%D8%A8%D8%AA%D8%B4%D8%AA%D8%B1%D9%8A-%D9%88%D8%A3%D9%86%D8%AA-%D9%85%D8%B7%D9%85%D9%86-%D9%85%D9%88%D8%B2%D8%B9-%D9%85%D8%B9%D8%AA%D9%85%D8%AF-%D9%84%D8%A3%D9%83%D8%A8%D8%B1-%D8%A7%D9%84%D9%85%D8%A7%D8%B1%D9%83%D8%A7%D8%AA-%D8%B6%D9%85%D8%A7%D9%86-%D8%AD%D9%82%D9%8A%D9%82%D9%8A-%D9%88%D8%AE%D8%AF%D9%85%D8%A9-%D8%AA%D9%82%D8%AF/976289545246207/,Facebook,merchant_announcement,physical_presence,positive,معرض سنتر سيد صالح في أبو عطوة بالإسماعيلية يوفر مختلف أنواع الأجهزة الكهربائية (ثلاجات، غسالات، شاشات، ديب فريزر) مع عروض تقسيط وتخفيضات دورية.,0.83,strong,2024-08-01T15:00:00+00:00,2026-08-24T18:20:00+00:00,1,,0
771f7aeb-e66e-4597-a5bc-981e144b877e,2b42a7c4-a926-41a8-b5f8-963aba14aca8,شاهين للتكييف وفلاتر المياه (Shaheen Air Conditioning Mansoura),https://www.facebook.com/kishk00/videos/649714309637644/,Facebook,merchant_post,physical_presence,positive,"Shaheen Air Conditioning and Water Filters maintains a showroom on New Bus Station St. in Mansoura, offering authorized brand sales, Freon charging, certified installation, and filtration systems.",0.84,strong,2026-01-25T15:00:00+00:00,2026-08-24T12:00:00+00:00,1,,0
735c71cd-7099-4368-90ca-14528f1d2743,fa5628bd-ebac-40bd-9a1f-33ed5bad5720,شركة أبوزيد للأجهزة الكهربائية المنيا,https://www.facebook.com/abozeedeg/videos/440949917102868/,facebook,merchant_post,physical_presence,positive,Commercial post showcasing comprehensive home appliance bridal packages and major electronics deals in Minya with direct contact telephone.,0.9,strong,2025-06-25T00:00:00+00:00,2026-08-24T00:00:00+00:00,1,,0
bc1aae41-6916-4e7b-8f4f-6cfb5e81d5c6,a64f070e-4279-4e24-8423-2bf301de0e3b,شركة أولاد رشاد للأجهزة الكهربائية,https://www.facebook.com/awlaadrashad/posts/1084684137471193/,facebook,merchant_post,physical_presence,positive,"Multi-branch commercial home appliance entity in Sohag governorate listing physical branches in El Maragha, promotions on air conditioners, refrigerators, and screens, with direct contact details.",0.93,very_strong,2025-06-12T00:00:00+00:00,2026-08-24T00:00:00+00:00,1,,0
d8dbbcb1-7af2-4eaa-9dc6-2d7be38bc649,06599065-31e6-4458-9545-734d353e2076,شركة إلكتروكاش لموازين وأنظمة الباركود وطابعات الفواتير - فرع طنطا,https://www.facebook.com/electrocash9/posts/%D8%AC%D9%85%D9%8A%D8%B9-%D9%85%D9%88%D8%AF%D9%8A%D9%84%D8%A7%D8%AA-%D9%85%D9%88%D8%A7%D8%B2%D9%8A%D9%86-%D8%A7%D9%84%D8%A8%D8%A7%D8%B1%D9%83%D9%88%D8%AF-%D9%88%D8%A7%D9%84%D9%83%D8%A7%D8%B4%D9%8A%D8%B1-%D8%A8%D8%AC%D9%85%D9%8A%D8%B9-%D8%A3%D8%B4%D9%83%D8%A7%D9%84%D9%87%D8%A7-%D9%88%D8%A3%D8%B9%D9%84%D9%89-%D8%A5%D9%85%D9%83%D8%A7%D9%86%D9%8A%D8%A7%D8%AA-%D9%85%D8%A7%D8%B1%D9%83%D8%A9-tm-%D9%85%D8%B1%D8%A7%D9%83/1531642302314316/,Facebook,merchant_post,verified_business_information,positive,شركة إلكتروكاش توفر موازين باركود وطابعات فواتير ضريبية وأجهزة كاشير مع مراكز خدمة ومبيعات في طنطا والقاهرة والإسكندرية.,0.86,strong,2024-12-01T10:00:00+00:00,2026-08-24T18:50:00+00:00,1,,0
d1f2a5b5-f539-4a94-85f2-e673628aadcb,028b8e41-81cd-40fe-918e-740457110643,شركة الطارق للتبريد والتكييف (Al Tarek Cooling & Air Conditioning),https://www.facebook.com/p/%D8%B4%D8%B1%D9%83%D9%87-%D8%A7%D9%84%D8%B7%D8%A7%D8%B1%D9%82-%D9%84%D9%84%D8%AA%D8%A8%D8%B1%D9%8A%D8%AF-%D9%88%D8%A7%D9%84%D8%AA%D9%83%D9%8A%D9%8A%D9%81-100083303032367/,Facebook,merchant_profile,verified_business_information,positive,"Al Tarek is an authorized distributor for Fresh, Carrier, and Midea air conditioners in Port Said, providing certified supply, copper piping foundation, official tax invoices for warranty activation, and installment plans.",0.84,strong,2026-01-20T14:00:00+00:00,2026-08-24T12:00:00+00:00,1,,0
964c4400-4aa8-4f09-bc8d-62a6d9302e9f,5e56deab-6f83-4ac1-a26e-023f1f1b5177,شركة المروة لتجارة الأجهزة الكهربائية بالسويس,https://www.facebook.com/almarwa.suez/posts/-%D9%85%D8%B9%D8%B1%D8%B6-%D8%A7%D9%84%D9%85%D8%B1%D9%88%D9%87-%D9%84%D9%84%D8%A3%D8%AC%D9%87%D8%B2%D8%A9-%D8%A7%D9%84%D9%83%D9%87%D8%B1%D8%A8%D8%A7%D8%A6%D9%8A%D8%A9-%D9%83%D9%84-%D8%A7%D9%84%D9%84%D9%8A-%D8%A8%D8%AA%D8%AF%D9%88%D8%B1%D9%8A-%D8%B9%D9%84%D9%8A%D9%87-%D9%81%D9%8A-%D8%A8%D9%8A%D8%AA%D9%83-%D9%87%D8%AA%D9%84%D8%A7%D9%82%D9%8A%D9%87-%D8%B9%D9%86%D8%AF%D9%86%D8%A7-%D9%88%D8%A8%D8%A3%D9%81%D8%B6%D9%84/1114316667552118/,Facebook,merchant_post,product_quality,positive,شركة المروة بالسويس توفر تشكيلة واسعة من التكييفات والثلاجات والغسالات والبوتاجازات والأجهزة الصغيرة مع خدمات التوصيل والتقسيط لشركات ومؤسسات بالسويس.,0.88,strong,2024-09-05T13:00:00+00:00,2026-08-24T18:30:00+00:00,1,,0
f2b4ab64-8e52-4d39-8973-8d6514bb10db,b612cd95-8ed9-48ec-93d5-aa62b4a12da9,شركة المصري للكمبيوتر واللاب توب,https://buy.com.eg/ar/directory/%D8%B4%D8%B1%D9%83%D8%A9-%D8%A7%D9%84%D9%85%D8%B5%D8%B1%D9%8A-%D9%84%D9%84%D9%83%D9%85%D8%A8%D9%8A%D9%88%D8%AA%D8%B1-%D9%88-%D8%A7%D9%84%D9%84%D8%A7%D8%A8-%D8%AA%D9%88%D8%A8-%D8%A8%D8%A8%D9%88%D8%B1%D9%81%D8%A4%D8%A7%D8%AF-1mpapy,buy.com.eg,business_directory,verified_business_information,neutral,شركة المصري للكمبيوتر واللاب توب تعمل في صيانة وبيع أجهزة الكمبيوتر المحمول والمكتبي وقطع الغيار في مساكن التطبيقيين بمدينة بورفؤاد التابعة لمحافظة بورسعيد.,0.85,strong,,2026-08-23T12:00:00+00:00,1,,0
4bf938ff-db71-4590-9c96-6a32703cb9c2,b612cd95-8ed9-48ec-93d5-aa62b4a12da9,شركة المصري للكمبيوتر واللاب توب,https://www.facebook.com/elmasrypc.net/,facebook,official_page,verified_business_information,positive,"El Masry PC details business operations, ecommerce website (elmasrypc.com), in-store and online laptop/PC sales, repair services, and multi-channel payment acceptance (InstaPay, Visa) in Port Fouad, Port Said.",0.89,strong,,2026-08-24T00:00:00+00:00,1,,0
dfe84a41-afd7-4ae7-bebb-7c28b00e9b73,c5622c5f-8399-44fe-9ec4-0aa50d6d92ae,شركة بانسيه بورسعيد للمحمول,https://pansehstore.com/about-us/,pansehstore.com,official_website,verified_business_information,positive,شركة بانسيه بورسعيد للمحمول تعمل كمتجر متخصص في بيع الهواتف الذكية والساعات والإكسسوارات مع تقديم خدمات ما بعد البيع والضمان وأنظمة التقسيط في مول هوليوود بشارع 23 يوليو بورسعيد.,0.9,strong,,2026-08-23T12:00:00+00:00,1,,0
d95ff483-f66a-4c6a-886d-10517415feca,0e348653-7777-4b8c-8a9b-9fc2d7b2b0ba,شركة روفائيل للأجهزة الكهربائية الإسكندرية,https://www.facebook.com/rophaelo/videos/939319971554707/,facebook,merchant_post,long_business_history,positive,Commercial history documentation stating establishment in 1974 with permanent showroom premises in Agami (Abu Youssef km 18 and Hanoville km 16) specializing in large domestic appliances.,0.95,very_strong,2025-05-10T00:00:00+00:00,2026-08-24T00:00:00+00:00,1,,0
0d62606e-31ea-47fe-a016-a04396bb01a9,6f607f73-b06e-450a-955b-ab53ec086d47,شركة سبيد للكمبيوتر - فرع طنطا,https://www.facebook.com/speedforcomputer/videos/861119596298861/,Facebook,merchant_video_post,physical_presence,neutral,"Speed for Computer provides store branch address details in Tanta (Saeed Street next to El Baghl restaurant) and Cairo, offering custom PC gaming builds and computer components.",0.88,strong,2025-10-15T00:00:00+00:00,2026-08-24T00:00:00+00:00,1,,0
c19668c3-eb7c-4555-bdcf-d415fa0e7bd6,6f607f73-b06e-450a-955b-ab53ec086d47,شركة سبيد للكمبيوتر - فرع طنطا,https://www.facebook.com/speedforcomputer/videos/%D8%B9%D9%86%D9%88%D8%A7%D9%86-%D9%81%D8%B1%D8%B9-%D8%B7%D9%86%D8%B7%D8%A7-%D8%B4%D8%A7%D8%B1%D8%B9-%D8%B3%D8%B9%D9%8A%D8%AF-%D8%A8%D8%AC%D9%88%D8%A7%D8%B1-%D9%85%D8%B7%D8%B9%D9%85-%D8%A7%D9%84%D8%A8%D8%BA%D9%84-%D8%B4%D8%B1%D9%83%D8%A9-%D8%B3%D8%A8%D9%8A%D8%AF-%D9%84%D9%84%D9%83%D9%85%D8%A8%D9%8A%D9%88%D8%AA%D8%B1-%D8%B9%D9%86%D9%88%D8%A7%D9%86-%D9%81%D8%B1%D8%B9-%D8%A7%D9%84%D9%82%D8%A7%D9%87%D8%B1%D9%87-/2240777049736719/,Facebook,merchant_video,verified_business_information,positive,شركة سبيد للكمبيوتر في طنطا تعلن عن عنوان فرعها في شارع سعيد بجوار مطعم البغل، وتوفر أجهزة الحاسب الآلي، اللاب توب، كروت الشاشة، وتجميعات الجيمنج مع الضمان والاختبار قبل الاستلام.,0.89,strong,2024-07-22T17:00:00+00:00,2026-08-24T18:45:00+00:00,1,,0
f4c99fbf-1751-4135-94a4-806ee287f0e6,27674c46-3a70-4bc4-ab12-0ce4aca3b34f,شركة سمارت هوم للأجهزة الكهربائية,https://www.youm7.com/story/2016/12/10/%D8%AD%D9%85%D8%A7%D9%8A%D8%A9-%D8%A7%D9%84%D9%85%D8%B3%D8%AA%D9%87%D9%84%D9%83-%D8%A5%D8%AD%D8%A7%D9%84%D8%A9-%D8%B4%D8%B1%D9%83%D8%A9-%D8%B3%D9%85%D8%A7%D8%B1%D8%AA-%D9%87%D9%88%D9%85-%D9%84%D9%84%D8%A3%D8%AC%D9%87%D8%B2%D8%A9-%D8%A7%D9%84%D9%83%D9%87%D8%B1%D8%A8%D8%A7%D8%A6%D9%8A%D8%A9-%D9%84%D9%84%D9%86%D9%8A%D8%A7%D8%A8%D8%A9-%D8%A7%D9%84%D8%B9%D8%A7%D9%85%D8%A9/3003513,Youm7,news+gov,official_warning,negative,Egyptian Consumer Protection Agency (CPA) referred the legal representative of Smart Home for Electrical Appliances to Public Prosecution after failing to comply with board decisions requiring delivery of a purchased washing machine without extra charges.,0.95,very_strong,2016-12-10T00:00:00+00:00,2026-08-24T00:00:00+00:00,1,,0
82091b0e-ba50-4e6e-841d-a524262c7754,ac96c3de-756f-46a8-99af-8156e79aca81,كمبيوتر ستورز سوهاج,https://www.facebook.com/CS1Sohag/posts/1559882602427823/,facebook,merchant_post,physical_presence,positive,Merchant publication detailing wholesale-level laptop and desktop computer offers with verified storefront address on 15th Street opposite the Samsung Agency in Sohag city.,0.94,very_strong,2025-07-28T00:00:00+00:00,2026-08-24T00:00:00+00:00,1,,0
65c3c8f5-d1a2-49ca-bb9a-67a2a091a7c0,412c5b3d-dbd9-465d-b4ca-3066dd854bb2,كمبيوسيتي بورسعيد,https://www.facebook.com/compucitypts/,facebook.com,social_media_profile,physical_presence,positive,كمبيوسيتي بورسعيد يقدم خدمات بيع وتوريد أجهزة اللابتوب والكمبيوتر المكتبي وأنظمة كاميرات المراقبة وخدمات الصيانة الشاملة للشاشات والشاسيه في منطقة 5000 وحدة ببورسعيد.,0.9,strong,,2026-08-23T12:00:00+00:00,1,,0
0162d541-ad44-4050-844f-c6e0b3126067,412c5b3d-dbd9-465d-b4ca-3066dd854bb2,كمبيوسيتي بورسعيد,https://www.facebook.com/compucitypts/posts/1479176604232097/,Facebook,merchant_post,physical_presence,positive,"CompuCity in Port Said provides retail laptop hardware, internal thermal paste maintenance, chassis repairs, security camera setups, and electronic card payment / Milo installment facilities.",0.86,strong,2026-02-10T11:00:00+00:00,2026-08-24T12:00:00+00:00,1,,0
734c0ef8-330c-48bf-a68d-82c2c21b1b59,e704e995-b55f-4bdd-ae1a-ff8843538ffb,لاب تك الإسكندرية,https://www.facebook.com/p/Lap-Tech-%D9%84%D8%A7%D8%A8-%D8%AA%D9%83-61552001813529/,facebook,merchant_profile,physical_presence,neutral,"Business page confirming physical location in Smouha behind Sidi Gaber railway station, offering imported laptop inventory and repair services.",0.89,strong,2025-10-12T00:00:00+00:00,2026-08-24T00:00:00+00:00,1,,0
681605c0-a9a1-4a08-a285-80cbf6e8dde1,9e10c03c-8c65-416a-90e2-d8ef1e980c76,لاب ستور مصر الإسكندرية,https://www.facebook.com/Lapstore.egypt/videos/152094593557732/,facebook,merchant_post,after_sales_support,positive,Service announcement offering complimentary hardware diagnostic checks and technical maintenance for laptops at their physical facility in Smouha Computer Market Alexandria.,0.92,very_strong,2025-07-15T00:00:00+00:00,2026-08-24T00:00:00+00:00,1,,0
af90e36e-449c-481f-9926-5d72dca0f706,3f719c59-b57b-4315-8873-e486a33246ee,مارادونا ستورز للأجهزة الكهربائية والمنزلية بالإسماعيلية,https://yellowpages.com.eg/ar/profile/%D9%85%D8%A7%D8%B1%D8%A7%D8%AF%D9%88%D9%86%D8%A7-%D8%B3%D8%AA%D9%88%D8%B1%D8%B2-%D9%84%D9%84%D8%A7%D8%AC%D9%87%D8%B2%D8%A9-%D8%A7%D9%84%D9%83%D9%87%D8%B1%D8%A8%D8%A7%D8%A6%D9%8A%D8%A9/583535,Egypt Yellow Pages,verified_directory_listing,verified_business_information,positive,مارادونا ستورز في الإسماعيلية هو مجمع تجاري كبير متخصص في تجارة وتوزيع الأجهزة الكهربائية والشاشات والثلاجات والغسالات والتكييفات مع إتاحة التقسيط وخدمات التوصيل.,0.9,strong,2024-05-18T09:00:00+00:00,2026-08-24T18:15:00+00:00,1,,0
51bd7608-84bf-47cb-83ca-f54b2a8a399f,f6468fc1-a6d0-4265-a704-bcbba638b375,مركز المتخصص للصيانة المنزلية (Al-Motakhases Home Appliance Care),https://motakhasescare.com/%D8%B5%D9%8A%D8%A7%D9%86%D8%A9-%D8%A3%D8%AC%D9%87%D8%B2%D8%A9-%D9%85%D9%86%D8%B2%D9%84%D9%8A%D8%A9-%D9%81%D9%8A-%D8%A7%D9%84%D9%85%D9%86%D8%B5%D9%88%D8%B1%D8%A9/,motakhasescare.com,merchant_website,verified_business_information,neutral,"Operational service charter for home appliance maintenance covering Mansoura districts (University district, Tourel, Mashaya, Gedeila, Sandoub, Talkha). Detailed multi-step workflow: customer intake, appointment scheduling, on-site diagnostics, repair execution, and operational testing before technician sign-off.",0.88,strong,2026-07-26T01:35:24+00:00,2026-08-24T12:22:00+00:00,1,,0
6bd9dfe8-7f95-4f08-8f46-5b5844461fb3,e97d8bec-5cd5-41b9-838d-231bcda86cc6,مركز محمد جمال التجاري للأجهزة الكهربائية بالسويس,https://www.facebook.com/61565516036157/posts/%D8%A3%D9%84%D8%AD%D9%82-%D8%B9%D8%B1%D8%B6-%D8%A7%D9%84%D8%B9%D8%B1%D9%88%D8%B3%D8%A9-%D8%A8%D8%B3%D8%B9%D8%B1-%D9%85%D8%A7%D9%8A%D8%AA%D9%81%D9%88%D8%AA%D8%B4-%D9%85%D9%86-%D8%A7%D9%84%D8%A5%D8%A8%D8%B1%D8%A9-%D9%84%D9%84%D8%B5%D8%A7%D8%B1%D9%88%D8%AE-%D9%85%D9%86-%D9%85%D8%B9%D8%B1%D8%B6-%D9%85%D8%AD%D9%85%D8%AF-%D8%AC%D9%85%D8%A7%D9%84-%D9%84%D9%84%D8%A7%D8%AC%D9%87%D8%B2%D8%A9-%D8%A7%D9%84%D9%83%D9%87%D8%B1/122126405918517201/,Facebook,merchant_post,pricing_issue,positive,مركز محمد جمال التجاري في السلام 2 بالسويس يروج لعروض تجهيز العرائس والأجهزة الكهربائية الكبيرة والتكييفات مع خدمة التوصيل المنزلي داخل السويس.,0.85,strong,2024-11-15T16:00:00+00:00,2026-08-24T18:40:00+00:00,1,,0
c635f577-0870-4205-85f8-a19e94ba21e2,2af9a8d7-c117-4b39-93ca-76a341285cd4,معرض السعد للأجهزة الكهربائية المنيا,https://www.facebook.com/61574336631957/videos/1434453664358915/,facebook,merchant_post,physical_presence,positive,"Showroom video demonstration highlighting two commercial branches in Minya (Abdel Moneim Riad Square and Tahanasha village), offering brand-name home appliances and televisions.",0.89,strong,2025-08-14T00:00:00+00:00,2026-08-24T00:00:00+00:00,1,,0
2b60c6a5-251a-49e3-943d-ade8ce61a73e,74aef9cf-ad2a-4b1e-9a5b-ab41a0f65773,معرض بيت الهنا لتجارة الأجهزة الكهربائية الإسكندرية,https://www.facebook.com/betelhana010/videos/896275453395170/,facebook,merchant_post,product_quality,neutral,"Showroom video displaying factory-grade and open-box refrigerators, deep freezers, and washing machines with physical store address in Hanoville, Agami.",0.9,strong,2025-07-22T00:00:00+00:00,2026-08-24T00:00:00+00:00,1,,0
2502a09b-90bd-4b92-9def-8b6b55f20d51,2c0809ec-6873-45c5-8684-18ad193c344b,معرض منصور للأجهزة الكهربائية سوهاج,https://www.facebook.com/Mansour11Hamid/posts/1246195700854684/,facebook,merchant_post,physical_presence,neutral,Showroom publication indicating physical location on the main Assiut-Sohag Road opposite the Housing and Development Bank in Sohag.,0.88,strong,2025-05-20T00:00:00+00:00,2026-08-24T00:00:00+00:00,1,,0
7956de35-cbb9-4029-ba62-96ee6d4acb67,b4bea812-c2aa-43e6-a147-36388d09adc4,منشأة إعادة تجميع وتدوير الأجهزة الكهربائية بمركز الخانكة,https://cpa.gov.eg/ar-eg/بيانات-اعلامية/ArtMID/654/ArticleID/7087,cpa.gov.eg,official_warning,official_warning,negative,"The Consumer Protection Agency reported the inspection of an unlicensed warehouse in Khanka, Qalyubia Governorate, following reports on social media platforms regarding deceptive appliance sales. Authorities seized 3,000 assembled electrical appliances (food processors, blenders, electric fryers, hair irons, and meat grinders) bearing brand names without license and displaying inaccurate power ratings (such as 9000W), along with 5,000 false specification labels. The case was referred to the Public Prosecution.",0.98,very_strong,2025-07-31T00:00:00+00:00,2026-08-23T00:00:00+00:00,1,,0
d2e2c941-4b1e-4d9a-826b-b7f113390740,3849f708-ea4a-4ea3-905b-8d4badffc77a,منشأة إعادة تدوير الأجهزة الكهربائية بحي البساتين,https://cpa.gov.eg/ar-eg/بيانات-اعلامية/ArtMID/654/ArticleID/7098,cpa.gov.eg,official_warning,official_warning,negative,"The Consumer Protection Agency reported the inspection of an unlicensed facility in the Basatin district of Cairo involved in repainting, repackaging, and distributing 1,463 refurbished appliances (refrigerators, cookers, air conditioners, and washing machines) bearing major commercial brand names without authorization, alongside 1,560 unauthorized energy efficiency labels. The agency seized the items and referred the case file to the Public Prosecution.",0.98,very_strong,2025-07-17T00:00:00+00:00,2026-08-23T00:00:00+00:00,1,,0
6dbfd09c-61d8-41ba-8953-8904ea2ac388,7b9f0e79-fd76-4126-ab42-a23088383f9b,موبايل سيتي بورسعيد,https://www.facebook.com/MobileCityStore/,facebook.com,social_media_profile,physical_presence,positive,موبايل سيتي متجر رئيسي لبيع الهواتف الذكية والساعات الذكية والإكسسوارات في مول ستايل سكوير بشارع 23 يوليو ببورسعيد مع توفير خيارات تقسيط متعددة تشمل فاليو وأمان وكونتكت وبطاقات الائتمان البنكية.,0.88,strong,,2026-08-23T12:00:00+00:00,1,,0
80a7f342-2eac-4428-9bde-c1fe0bfb7168,5b41d1d9-3c2f-4b0a-84df-ede78a4af995,مول الكمبيوتر (CompuMall Ismailia),https://www.facebook.com/CompuMall.Ismailia/posts/3960916053964755/,Facebook,merchant_post,physical_presence,positive,"CompuMall Ismailia provides IT systems, laptops, peripherals, and technical service in Hay El Salam, Ismailia.",0.83,strong,2025-11-20T10:00:00+00:00,2026-08-24T12:00:00+00:00,1,,0
501f3f83-8c26-4132-a86d-981ea9a50bb5,a9a856fe-7f67-4041-b815-bf8b7c4db363,ميتا بلس تكنولوجي بورسعيد,https://www.facebook.com/metaplustec/,facebook.com,social_media_profile,physical_presence,positive,ميتا بلس تكنولوجي متجر متخصص في أجهزة اللابتوب ومحطات العمل الاستيراد وشاشات الكمبيوتر وإكسسوارات الألعاب وأنظمة المراقبة في مول سفاري بشارع 23 يوليو ببورسعيد.,0.88,strong,,2026-08-23T12:00:00+00:00,1,,0
0a029ff2-c764-45e1-bef5-a6ab74e154cb,9c3f2b37-c9f1-40a2-ac21-4c83180bfd57,ميديا كمبيوتر المنيا,https://www.facebook.com/Media.Computer.Minya/,facebook,merchant_profile,verified_business_information,positive,"Established hardware and computer distributor in Minya publishing landline, mobile, full street address, and active web store mediacomputereg.com offering nationwide shipping.",0.95,very_strong,2026-02-01T00:00:00+00:00,2026-08-24T00:00:00+00:00,1,,0
